timestamp,time_minutes,experiment_id,thermal_condition,payload_temperature,ambient_temperature,humidity,lid_status,dT_dt,dH_dt,predicted_temperature,predicted_temperature_linear,risk_score,risk_level,ESTR_minutes,ESTR_low_minutes,ESTR_high_minutes,ESTR_minutes_linear,ESTR_minutes_ground_truth,score_proximity,score_temp_trend,score_humidity_trend,score_lid,tau_estimated_s,estimator_status,actuator_state,ground_truth_payload_temperature,ground_truth_ambient_temperature,ground_truth_tau_s,data_type
2026-09-11 09:00:00,0.0,1,normal_stable_lid_closed,5.0625,25.0625,45.0,CLOSED,0.0,0.0,5.0925,5.0625,0.83,LOW,240.0,239.0,240.0,240.0,240.0,0.0208,0.0,0.0,0.0,400000.0,WARMUP,IDLE,5.0,25.0,144000.0,SIMULATED
2026-09-11 09:00:10,0.16666666666666666,1,normal_stable_lid_closed,5.0,25.0,45.0,CLOSED,0.0,0.0,5.03,5.0,0.0,LOW,240.0,239.0,240.0,240.0,240.0,0.0,0.0,0.0,0.0,400000.0,WARMUP,IDLE,5.0014,25.0008,144000.0,SIMULATED
2026-09-11 09:00:20,0.3333333333333333,1,normal_stable_lid_closed,5.0625,25.0625,45.0,CLOSED,0.0,0.0,5.0925,5.0625,0.83,LOW,240.0,239.0,240.0,240.0,240.0,0.0208,0.0,0.0,0.0,400000.0,WARMUP,IDLE,5.0028,25.0017,144000.0,SIMULATED
2026-09-11 09:00:30,0.5,1,normal_stable_lid_closed,5.125,24.9375,45.0,CLOSED,0.0,0.0,5.1547,5.125,1.67,LOW,240.0,239.0,240.0,240.0,240.0,0.0417,0.0,0.0,0.0,400000.0,WARMUP,IDLE,5.0042,25.0025,144000.0,SIMULATED
2026-09-11 09:00:40,0.6666666666666666,1,normal_stable_lid_closed,5.0,25.0,45.0,CLOSED,0.0,0.0,5.03,5.0,0.0,LOW,240.0,239.0,240.0,240.0,240.0,0.0,0.0,0.0,0.0,400000.0,WARMUP,IDLE,5.0056,25.0033,144000.0,SIMULATED
2026-09-11 09:00:50,0.8333333333333334,1,normal_stable_lid_closed,5.0,25.125,45.0,CLOSED,0.0,0.0,5.0302,5.0,0.0,LOW,240.0,239.0,240.0,240.0,240.0,0.0,0.0,0.0,0.0,400000.0,WARMUP,IDLE,5.0069,25.0042,144000.0,SIMULATED
2026-09-11 09:01:00,1.0,1,normal_stable_lid_closed,5.0625,25.0625,45.0,CLOSED,0.0,0.0,5.0925,5.0625,0.83,LOW,240.0,239.0,240.0,240.0,240.0,0.0208,0.0,0.0,0.0,400000.0,WARMUP,IDLE,5.0083,25.005,144000.0,SIMULATED
2026-09-11 09:01:10,1.1666666666666667,1,normal_stable_lid_closed,5.0625,25.0,45.0,CLOSED,0.0,0.0,5.0924,5.0625,0.83,LOW,240.0,239.0,240.0,240.0,240.0,0.0208,0.0,0.0,0.0,400000.0,WARMUP,IDLE,5.0097,25.0058,144000.0,SIMULATED
2026-09-11 09:01:20,1.3333333333333333,1,normal_stable_lid_closed,4.9375,25.0,45.0,CLOSED,0.0,0.0,4.9676,4.9375,0.0,LOW,240.0,239.0,240.0,240.0,240.0,0.0,0.0,0.0,0.0,400000.0,WARMUP,IDLE,5.0111,25.0067,144000.0,SIMULATED
2026-09-11 09:01:30,1.5,1,normal_stable_lid_closed,5.0625,24.9375,44.0,CLOSED,0.0,0.0,5.0923,5.0625,0.83,LOW,240.0,239.0,240.0,240.0,240.0,0.0208,0.0,0.0,0.0,400000.0,WARMUP,IDLE,5.0125,25.0075,144000.0,SIMULATED
2026-09-11 09:01:40,1.6666666666666667,1,normal_stable_lid_closed,5.0625,24.9375,45.0,CLOSED,0.0,0.0,5.0923,5.0625,0.83,LOW,240.0,239.0,240.0,240.0,240.0,0.0208,0.0,0.0,0.0,400000.0,WARMUP,IDLE,5.0139,25.0083,144000.0,SIMULATED
2026-09-11 09:01:50,1.8333333333333333,1,normal_stable_lid_closed,5.0,25.0,45.0,CLOSED,0.0,0.0,5.03,5.0,0.0,LOW,240.0,239.0,240.0,240.0,240.0,0.0,0.0,0.0,0.0,400000.0,WARMUP,IDLE,5.0153,25.0092,144000.0,SIMULATED
2026-09-11 09:02:00,2.0,1,normal_stable_lid_closed,5.0,25.0,45.0,CLOSED,0.0,0.0,5.03,5.0,0.0,LOW,240.0,239.0,240.0,240.0,240.0,0.0,0.0,0.0,0.0,400000.0,WARMUP,IDLE,5.0167,25.01,144000.0,SIMULATED
2026-09-11 09:02:10,2.1666666666666665,1,normal_stable_lid_closed,5.0,25.0,44.0,CLOSED,0.0,0.0,5.03,5.0,0.0,LOW,240.0,239.0,240.0,240.0,240.0,0.0,0.0,0.0,0.0,400000.0,WARMUP,IDLE,5.0181,25.0108,144000.0,SIMULATED
2026-09-11 09:02:20,2.3333333333333335,1,normal_stable_lid_closed,5.0,25.0,45.0,CLOSED,0.0,0.0,5.03,5.0,0.0,LOW,240.0,239.0,240.0,240.0,240.0,0.0,0.0,0.0,0.0,400000.0,WARMUP,IDLE,5.0194,25.0117,144000.0,SIMULATED
2026-09-11 09:02:30,2.5,1,normal_stable_lid_closed,5.0625,25.0,45.0,CLOSED,0.0,0.0,5.0924,5.0625,0.83,LOW,240.0,239.0,240.0,240.0,240.0,0.0208,0.0,0.0,0.0,400000.0,WARMUP,IDLE,5.0208,25.0125,144000.0,SIMULATED
2026-09-11 09:02:40,2.6666666666666665,1,normal_stable_lid_closed,5.0,25.0,44.0,CLOSED,0.0,0.0,5.03,5.0,0.0,LOW,240.0,239.0,240.0,240.0,240.0,0.0,0.0,0.0,0.0,400000.0,WARMUP,IDLE,5.0222,25.0133,144000.0,SIMULATED
2026-09-11 09:02:50,2.8333333333333335,1,normal_stable_lid_closed,5.0625,24.9375,45.0,CLOSED,0.0,0.0,5.0923,5.0625,0.83,LOW,240.0,239.0,240.0,240.0,240.0,0.0208,0.0,0.0,0.0,400000.0,WARMUP,IDLE,5.0236,25.0142,144000.0,SIMULATED
2026-09-11 09:03:00,3.0,1,normal_stable_lid_closed,5.0,25.0,45.0,CLOSED,0.0,0.0,5.03,5.0,0.0,LOW,240.0,239.0,240.0,240.0,240.0,0.0,0.0,0.0,0.0,400000.0,WARMUP,IDLE,5.025,25.015,144000.0,SIMULATED
2026-09-11 09:03:10,3.1666666666666665,1,normal_stable_lid_closed,5.0,25.0,45.0,CLOSED,0.0,0.0,5.03,5.0,0.0,LOW,240.0,239.0,240.0,240.0,240.0,0.0,0.0,0.0,0.0,400000.0,WARMUP,IDLE,5.0264,25.0158,144000.0,SIMULATED
2026-09-11 09:03:20,3.3333333333333335,1,normal_stable_lid_closed,5.0,25.0,44.0,CLOSED,0.0,0.0,5.03,5.0,0.0,LOW,240.0,239.0,240.0,240.0,240.0,0.0,0.0,0.0,0.0,400000.0,WARMUP,IDLE,5.0278,25.0167,144000.0,SIMULATED
2026-09-11 09:03:30,3.5,1,normal_stable_lid_closed,5.0625,25.0625,45.0,CLOSED,0.0,0.0,5.0925,5.0625,0.83,LOW,240.0,239.0,240.0,240.0,240.0,0.0208,0.0,0.0,0.0,400000.0,WARMUP,IDLE,5.0292,25.0175,144000.0,SIMULATED
2026-09-11 09:03:40,3.6666666666666665,1,normal_stable_lid_closed,5.0625,25.0,44.0,CLOSED,0.0,0.0,5.0924,5.0625,0.83,LOW,240.0,239.0,240.0,240.0,240.0,0.0208,0.0,0.0,0.0,400000.0,WARMUP,IDLE,5.0305,25.0183,144000.0,SIMULATED
2026-09-11 09:03:50,3.8333333333333335,1,normal_stable_lid_closed,5.0,24.9375,45.0,CLOSED,0.0,0.0,5.0299,5.0,0.0,LOW,240.0,239.0,240.0,240.0,240.0,0.0,0.0,0.0,0.0,400000.0,WARMUP,IDLE,5.0319,25.0192,144000.0,SIMULATED
2026-09-11 09:04:00,4.0,1,normal_stable_lid_closed,5.0,24.9375,45.0,CLOSED,0.0,0.0,5.0299,5.0,0.0,LOW,240.0,239.0,240.0,240.0,240.0,0.0,0.0,0.0,0.0,400000.0,WARMUP,IDLE,5.0333,25.02,144000.0,SIMULATED
2026-09-11 09:04:10,4.166666666666667,1,normal_stable_lid_closed,5.0,25.0,45.0,CLOSED,0.0,0.0,5.03,5.0,0.0,LOW,240.0,239.0,240.0,240.0,240.0,0.0,0.0,0.0,0.0,400000.0,WARMUP,IDLE,5.0347,25.0208,144000.0,SIMULATED
2026-09-11 09:04:20,4.333333333333333,1,normal_stable_lid_closed,5.0,25.0625,45.0,CLOSED,0.0,0.0,5.0301,5.0,0.0,LOW,240.0,239.0,240.0,240.0,240.0,0.0,0.0,0.0,0.0,400000.0,WARMUP,IDLE,5.0361,25.0217,144000.0,SIMULATED
2026-09-11 09:04:30,4.5,1,normal_stable_lid_closed,5.0625,25.0625,45.0,CLOSED,0.0,0.0,5.0925,5.0625,0.83,LOW,240.0,239.0,240.0,240.0,240.0,0.0208,0.0,0.0,0.0,400000.0,WARMUP,IDLE,5.0375,25.0225,144000.0,SIMULATED
2026-09-11 09:04:40,4.666666666666667,1,normal_stable_lid_closed,5.0625,25.0,45.0,CLOSED,0.0,0.0,5.0924,5.0625,0.83,LOW,240.0,239.0,240.0,240.0,240.0,0.0208,0.0,0.0,0.0,400000.0,WARMUP,IDLE,5.0389,25.0233,144000.0,SIMULATED
2026-09-11 09:04:50,4.833333333333333,1,normal_stable_lid_closed,5.0625,25.0625,45.0,CLOSED,0.0,0.0,5.0925,5.0625,0.83,LOW,240.0,239.0,240.0,240.0,240.0,0.0208,0.0,0.0,0.0,400000.0,WARMUP,IDLE,5.0403,25.0242,144000.0,SIMULATED
2026-09-11 09:05:00,5.0,1,normal_stable_lid_closed,5.0625,25.0,45.0,CLOSED,0.0,0.0,5.0924,5.0625,0.83,LOW,240.0,239.0,240.0,240.0,240.0,0.0208,0.0,0.0,0.0,400000.0,WARMUP,IDLE,5.0416,25.025,144000.0,SIMULATED
2026-09-11 09:05:10,5.166666666666667,1,normal_stable_lid_closed,5.0625,25.0,45.0,CLOSED,0.0,0.0,5.0924,5.0625,0.83,LOW,240.0,239.0,240.0,240.0,240.0,0.0208,0.0,0.0,0.0,400000.0,WARMUP,IDLE,5.043,25.0258,144000.0,SIMULATED
2026-09-11 09:05:20,5.333333333333333,1,normal_stable_lid_closed,5.0,25.0,44.0,CLOSED,0.0,0.0,5.03,5.0,0.0,LOW,240.0,239.0,240.0,240.0,240.0,0.0,0.0,0.0,0.0,400000.0,WARMUP,IDLE,5.0444,25.0267,144000.0,SIMULATED
2026-09-11 09:05:30,5.5,1,normal_stable_lid_closed,5.0625,25.0,46.0,CLOSED,0.0,0.0,5.0924,5.0625,0.83,LOW,240.0,239.0,240.0,240.0,240.0,0.0208,0.0,0.0,0.0,400000.0,WARMUP,IDLE,5.0458,25.0275,144000.0,SIMULATED
2026-09-11 09:05:40,5.666666666666667,1,normal_stable_lid_closed,5.0,25.0625,46.0,CLOSED,0.0,0.0,5.0301,5.0,0.0,LOW,240.0,239.0,240.0,240.0,240.0,0.0,0.0,0.0,0.0,400000.0,WARMUP,IDLE,5.0472,25.0283,144000.0,SIMULATED
2026-09-11 09:05:50,5.833333333333333,1,normal_stable_lid_closed,5.0625,25.125,46.0,CLOSED,0.0,0.0,5.0926,5.0625,0.83,LOW,240.0,239.0,240.0,240.0,240.0,0.0208,0.0,0.0,0.0,400000.0,WARMUP,IDLE,5.0486,25.0292,144000.0,SIMULATED
2026-09-11 09:06:00,6.0,1,normal_stable_lid_closed,5.0625,25.0625,44.0,CLOSED,0.0,0.0,5.0925,5.0625,0.83,LOW,240.0,239.0,240.0,240.0,240.0,0.0208,0.0,0.0,0.0,400000.0,WARMUP,IDLE,5.05,25.03,144000.0,SIMULATED
2026-09-11 09:06:10,6.166666666666667,1,normal_stable_lid_closed,5.0,24.9375,46.0,CLOSED,0.0,0.0,5.0299,5.0,0.0,LOW,240.0,239.0,240.0,240.0,240.0,0.0,0.0,0.0,0.0,400000.0,WARMUP,IDLE,5.0514,25.0308,144000.0,SIMULATED
2026-09-11 09:06:20,6.333333333333333,1,normal_stable_lid_closed,5.125,25.125,45.0,CLOSED,0.0,0.0,5.155,5.125,1.67,LOW,240.0,239.0,240.0,240.0,240.0,0.0417,0.0,0.0,0.0,400000.0,WARMUP,IDLE,5.0527,25.0317,144000.0,SIMULATED
2026-09-11 09:06:30,6.5,1,normal_stable_lid_closed,5.0,25.0,45.0,CLOSED,0.0,0.0,5.03,5.0,0.0,LOW,240.0,239.0,240.0,240.0,240.0,0.0,0.0,0.0,0.0,400000.0,WARMUP,IDLE,5.0541,25.0325,144000.0,SIMULATED
2026-09-11 09:06:40,6.666666666666667,1,normal_stable_lid_closed,5.0625,25.0625,45.0,CLOSED,0.0,0.0,5.0925,5.0625,0.83,LOW,240.0,239.0,240.0,240.0,240.0,0.0208,0.0,0.0,0.0,400000.0,WARMUP,IDLE,5.0555,25.0333,144000.0,SIMULATED
2026-09-11 09:06:50,6.833333333333333,1,normal_stable_lid_closed,5.0625,25.0,45.0,CLOSED,0.0,0.0,5.0924,5.0625,0.83,LOW,240.0,239.0,240.0,240.0,240.0,0.0208,0.0,0.0,0.0,400000.0,WARMUP,IDLE,5.0569,25.0342,144000.0,SIMULATED
2026-09-11 09:07:00,7.0,1,normal_stable_lid_closed,5.0625,25.0625,46.0,CLOSED,0.0,0.0,5.0925,5.0625,0.83,LOW,240.0,239.0,240.0,240.0,240.0,0.0208,0.0,0.0,0.0,400000.0,WARMUP,IDLE,5.0583,25.035,144000.0,SIMULATED
2026-09-11 09:07:10,7.166666666666667,1,normal_stable_lid_closed,5.0625,25.0625,45.0,CLOSED,0.0,0.0,5.0925,5.0625,0.83,LOW,240.0,239.0,240.0,240.0,240.0,0.0208,0.0,0.0,0.0,400000.0,WARMUP,IDLE,5.0597,25.0358,144000.0,SIMULATED
2026-09-11 09:07:20,7.333333333333333,1,normal_stable_lid_closed,5.0625,25.0625,45.0,CLOSED,0.0,0.0,5.0925,5.0625,0.83,LOW,240.0,239.0,240.0,240.0,240.0,0.0208,0.0,0.0,0.0,400000.0,WARMUP,IDLE,5.0611,25.0367,144000.0,SIMULATED
2026-09-11 09:07:30,7.5,1,normal_stable_lid_closed,5.0,25.0,46.0,CLOSED,0.0,0.0,5.03,5.0,0.0,LOW,240.0,239.0,240.0,240.0,240.0,0.0,0.0,0.0,0.0,400000.0,WARMUP,IDLE,5.0625,25.0375,144000.0,SIMULATED
2026-09-11 09:07:40,7.666666666666667,1,normal_stable_lid_closed,5.0625,25.0,45.0,CLOSED,0.0,0.0,5.0924,5.0625,0.83,LOW,240.0,239.0,240.0,240.0,240.0,0.0208,0.0,0.0,0.0,400000.0,WARMUP,IDLE,5.0638,25.0383,144000.0,SIMULATED
2026-09-11 09:07:50,7.833333333333333,1,normal_stable_lid_closed,5.0625,25.0,44.0,CLOSED,0.0,0.0,5.0924,5.0625,0.83,LOW,240.0,239.0,240.0,240.0,240.0,0.0208,0.0,0.0,0.0,400000.0,WARMUP,IDLE,5.0652,25.0392,144000.0,SIMULATED
2026-09-11 09:08:00,8.0,1,normal_stable_lid_closed,5.0625,25.0,46.0,CLOSED,0.0,0.0,5.0924,5.0625,0.83,LOW,240.0,239.0,240.0,240.0,240.0,0.0208,0.0,0.0,0.0,400000.0,WARMUP,IDLE,5.0666,25.04,144000.0,SIMULATED
2026-09-11 09:08:10,8.166666666666666,1,normal_stable_lid_closed,5.1875,25.0625,46.0,CLOSED,0.0,0.0,5.2173,5.1875,2.5,LOW,240.0,239.0,240.0,240.0,240.0,0.0625,0.0,0.0,0.0,400000.0,WARMUP,IDLE,5.068,25.0408,144000.0,SIMULATED
2026-09-11 09:08:20,8.333333333333334,1,normal_stable_lid_closed,5.0,25.0625,45.0,CLOSED,0.0,0.0,5.0301,5.0,0.0,LOW,240.0,239.0,240.0,240.0,240.0,0.0,0.0,0.0,0.0,400000.0,WARMUP,IDLE,5.0694,25.0417,144000.0,SIMULATED
2026-09-11 09:08:30,8.5,1,normal_stable_lid_closed,5.0,25.1875,46.0,CLOSED,0.0,0.0,5.0303,5.0,0.0,LOW,240.0,239.0,240.0,240.0,240.0,0.0,0.0,0.0,0.0,400000.0,WARMUP,IDLE,5.0708,25.0425,144000.0,SIMULATED
2026-09-11 09:08:40,8.666666666666666,1,normal_stable_lid_closed,5.125,24.9375,45.0,CLOSED,0.0,0.0,5.1547,5.125,1.67,LOW,240.0,239.0,240.0,240.0,240.0,0.0417,0.0,0.0,0.0,400000.0,WARMUP,IDLE,5.0722,25.0433,144000.0,SIMULATED
2026-09-11 09:08:50,8.833333333333334,1,normal_stable_lid_closed,5.0,25.0,44.0,CLOSED,0.0,0.0,5.03,5.0,0.0,LOW,240.0,239.0,240.0,240.0,240.0,0.0,0.0,0.0,0.0,400000.0,WARMUP,IDLE,5.0736,25.0442,144000.0,SIMULATED
2026-09-11 09:09:00,9.0,1,normal_stable_lid_closed,5.125,25.0,46.0,CLOSED,0.0,0.0,5.1548,5.125,1.67,LOW,240.0,239.0,240.0,240.0,240.0,0.0417,0.0,0.0,0.0,400000.0,WARMUP,IDLE,5.0749,25.045,144000.0,SIMULATED
2026-09-11 09:09:10,9.166666666666666,1,normal_stable_lid_closed,5.0,25.0625,46.0,CLOSED,0.0,0.0,5.0301,5.0,0.0,LOW,240.0,239.0,240.0,240.0,240.0,0.0,0.0,0.0,0.0,400000.0,WARMUP,IDLE,5.0763,25.0458,144000.0,SIMULATED
2026-09-11 09:09:20,9.333333333333334,1,normal_stable_lid_closed,5.1875,24.9375,46.0,CLOSED,0.0,0.0,5.2171,5.1875,2.5,LOW,240.0,239.0,240.0,240.0,240.0,0.0625,0.0,0.0,0.0,400000.0,WARMUP,IDLE,5.0777,25.0467,144000.0,SIMULATED
2026-09-11 09:09:30,9.5,1,normal_stable_lid_closed,5.25,25.125,45.0,CLOSED,0.0,0.0,5.2798,5.25,3.33,LOW,240.0,239.0,240.0,240.0,240.0,0.0833,0.0,0.0,0.0,400000.0,WARMUP,IDLE,5.0791,25.0475,144000.0,SIMULATED
2026-09-11 09:09:40,9.666666666666666,1,normal_stable_lid_closed,5.0625,25.0625,45.0,CLOSED,0.0,0.0,5.0925,5.0625,0.83,LOW,240.0,239.0,240.0,240.0,240.0,0.0208,0.0,0.0,0.0,400000.0,WARMUP,IDLE,5.0805,25.0483,144000.0,SIMULATED
2026-09-11 09:09:50,9.833333333333334,1,normal_stable_lid_closed,5.125,25.0,45.0,CLOSED,0.0,0.0,5.1548,5.125,1.67,LOW,240.0,239.0,240.0,240.0,240.0,0.0417,0.0,0.0,0.0,400000.0,WARMUP,IDLE,5.0819,25.0492,144000.0,SIMULATED
2026-09-11 09:10:00,10.0,1,normal_stable_lid_closed,5.0625,25.0625,44.0,CLOSED,0.00657,0.06617,5.0925,5.1282,4.13,LOW,240.0,239.0,240.0,240.0,240.0,0.0208,0.0657,0.1323,0.0,400000.0,OK,IDLE,5.0833,25.05,144000.0,SIMULATED
2026-09-11 09:10:10,10.166666666666666,1,normal_stable_lid_closed,5.0625,25.0,45.0,CLOSED,0.00685,0.06241,5.0924,5.131,4.14,LOW,240.0,239.0,240.0,240.0,240.0,0.0208,0.0685,0.1248,0.0,400000.0,OK,IDLE,5.0846,25.0508,144000.0,SIMULATED
2026-09-11 09:10:20,10.333333333333334,1,normal_stable_lid_closed,5.0625,25.0625,45.0,CLOSED,0.00694,0.05958,5.0925,5.1319,4.11,LOW,240.0,239.0,240.0,240.0,240.0,0.0208,0.0694,0.1192,0.0,400000.0,OK,IDLE,5.086,25.0517,144000.0,SIMULATED
2026-09-11 09:10:30,10.5,1,normal_stable_lid_closed,5.0625,25.0,46.0,CLOSED,0.00708,0.06027,5.0924,5.1333,4.16,LOW,240.0,239.0,240.0,240.0,240.0,0.0208,0.0708,0.1205,0.0,400000.0,OK,IDLE,5.0874,25.0525,144000.0,SIMULATED
2026-09-11 09:10:40,10.666666666666666,1,normal_stable_lid_closed,5.125,25.0625,45.0,CLOSED,0.00762,0.06046,5.1549,5.2012,5.16,LOW,240.0,239.0,240.0,240.0,240.0,0.0417,0.0762,0.1209,0.0,400000.0,OK,IDLE,5.0888,25.0533,144000.0,SIMULATED
2026-09-11 09:10:50,10.833333333333334,1,normal_stable_lid_closed,5.0625,25.0625,45.0,CLOSED,0.00789,0.06032,5.0925,5.1414,4.41,LOW,240.0,239.0,240.0,240.0,240.0,0.0208,0.0789,0.1206,0.0,400000.0,OK,IDLE,5.0902,25.0542,144000.0,SIMULATED
2026-09-11 09:11:00,11.0,1,normal_stable_lid_closed,5.125,25.0625,45.0,CLOSED,0.00815,0.05993,5.1549,5.2065,5.31,LOW,240.0,239.0,240.0,240.0,240.0,0.0417,0.0815,0.1199,0.0,400000.0,OK,IDLE,5.0916,25.055,144000.0,SIMULATED
2026-09-11 09:11:10,11.166666666666666,1,normal_stable_lid_closed,5.125,25.125,45.0,CLOSED,0.00857,0.05937,5.155,5.2107,5.42,LOW,240.0,239.0,240.0,240.0,240.0,0.0417,0.0857,0.1187,0.0,400000.0,OK,IDLE,5.093,25.0558,144000.0,SIMULATED
2026-09-11 09:11:20,11.333333333333334,1,normal_stable_lid_closed,5.0625,25.0625,45.0,CLOSED,0.00891,0.05869,5.0925,5.1516,4.68,LOW,240.0,239.0,240.0,240.0,240.0,0.0208,0.0891,0.1174,0.0,400000.0,OK,IDLE,5.0944,25.0567,144000.0,SIMULATED
2026-09-11 09:11:30,11.5,1,normal_stable_lid_closed,5.0625,25.0625,45.0,CLOSED,0.00884,0.05793,5.0925,5.1509,4.64,LOW,240.0,239.0,240.0,240.0,240.0,0.0208,0.0884,0.1159,0.0,400000.0,OK,IDLE,5.0957,25.0575,144000.0,SIMULATED
2026-09-11 09:11:40,11.666666666666666,1,normal_stable_lid_closed,5.125,25.0625,45.0,CLOSED,0.00901,0.05416,5.1549,5.2151,5.45,LOW,240.0,239.0,240.0,240.0,240.0,0.0417,0.0901,0.1083,0.0,400000.0,OK,IDLE,5.0971,25.0583,144000.0,SIMULATED
2026-09-11 09:11:50,11.833333333333334,1,normal_stable_lid_closed,5.125,25.0,45.0,CLOSED,0.00934,0.05115,5.1548,5.2184,5.49,LOW,240.0,239.0,240.0,240.0,240.0,0.0417,0.0934,0.1023,0.0,400000.0,OK,IDLE,5.0985,25.0592,144000.0,SIMULATED
2026-09-11 09:12:00,12.0,1,normal_stable_lid_closed,5.125,25.0625,44.0,CLOSED,0.00959,0.0458,5.1549,5.2209,5.46,LOW,240.0,239.0,240.0,240.0,240.0,0.0417,0.0959,0.0916,0.0,400000.0,OK,IDLE,5.0999,25.06,144000.0,SIMULATED
2026-09-11 09:12:10,12.166666666666666,1,normal_stable_lid_closed,5.125,25.0,45.0,CLOSED,0.00979,0.04177,5.1548,5.2229,5.44,LOW,240.0,239.0,240.0,240.0,240.0,0.0417,0.0979,0.0835,0.0,400000.0,OK,IDLE,5.1013,25.0608,144000.0,SIMULATED
2026-09-11 09:12:20,12.333333333333334,1,normal_stable_lid_closed,5.125,25.0625,45.0,CLOSED,0.00992,0.03571,5.1549,5.2242,5.36,LOW,240.0,239.0,240.0,240.0,240.0,0.0417,0.0992,0.0714,0.0,400000.0,OK,IDLE,5.1027,25.0617,144000.0,SIMULATED
2026-09-11 09:12:30,12.5,1,normal_stable_lid_closed,5.1875,25.125,46.0,CLOSED,0.01018,0.03394,5.2174,5.2893,6.23,LOW,240.0,239.0,240.0,240.0,240.0,0.0625,0.1018,0.0679,0.0,400000.0,OK,IDLE,5.1041,25.0625,144000.0,SIMULATED
2026-09-11 09:12:40,12.666666666666666,1,normal_stable_lid_closed,5.0625,25.0,46.0,CLOSED,0.01034,0.03509,5.0924,5.1659,4.64,LOW,240.0,239.0,240.0,240.0,240.0,0.0208,0.1034,0.0702,0.0,400000.0,OK,IDLE,5.1054,25.0633,144000.0,SIMULATED
2026-09-11 09:12:50,12.833333333333334,1,normal_stable_lid_closed,5.125,25.125,46.0,CLOSED,0.01042,0.03522,5.155,5.2292,5.5,LOW,240.0,239.0,240.0,240.0,240.0,0.0417,0.1042,0.0704,0.0,400000.0,OK,IDLE,5.1068,25.0642,144000.0,SIMULATED
2026-09-11 09:13:00,13.0,1,normal_stable_lid_closed,5.1875,25.0,45.0,CLOSED,0.0108,0.03456,5.2172,5.2955,6.43,LOW,240.0,239.0,240.0,240.0,240.0,0.0625,0.108,0.0691,0.0,400000.0,OK,IDLE,5.1082,25.065,144000.0,SIMULATED
2026-09-11 09:13:10,13.166666666666666,1,normal_stable_lid_closed,5.0,25.0,45.0,CLOSED,0.01065,0.03333,5.03,5.1065,3.86,LOW,240.0,239.0,240.0,240.0,240.0,0.0,0.1065,0.0667,0.0,400000.0,OK,IDLE,5.1096,25.0658,144000.0,SIMULATED
2026-09-11 09:13:20,13.333333333333334,1,normal_stable_lid_closed,5.125,25.0625,45.0,CLOSED,0.0105,0.03171,5.1549,5.23,5.45,LOW,240.0,239.0,240.0,240.0,240.0,0.0417,0.105,0.0634,0.0,400000.0,OK,IDLE,5.111,25.0667,144000.0,SIMULATED
2026-09-11 09:13:30,13.5,1,normal_stable_lid_closed,5.0625,25.0625,44.0,CLOSED,0.01014,0.024,5.0925,5.1639,4.36,LOW,240.0,239.0,240.0,240.0,240.0,0.0208,0.1014,0.048,0.0,400000.0,OK,IDLE,5.1124,25.0675,144000.0,SIMULATED
2026-09-11 09:13:40,13.666666666666666,1,normal_stable_lid_closed,5.125,24.9375,45.0,CLOSED,0.01001,0.01785,5.1547,5.2251,5.03,LOW,240.0,239.0,240.0,240.0,240.0,0.0417,0.1001,0.0357,0.0,400000.0,OK,IDLE,5.1138,25.0683,144000.0,SIMULATED
2026-09-11 09:13:50,13.833333333333334,1,normal_stable_lid_closed,5.125,25.125,44.0,CLOSED,0.01002,0.00697,5.155,5.2252,4.81,LOW,240.0,239.0,240.0,240.0,240.0,0.0417,0.1002,0.0139,0.0,400000.0,OK,IDLE,5.1151,25.0692,144000.0,SIMULATED
2026-09-11 09:14:00,14.0,1,normal_stable_lid_closed,5.0625,25.1875,45.0,CLOSED,0.00977,-0.0014,5.0927,5.1602,3.76,LOW,240.0,239.0,240.0,240.0,240.0,0.0208,0.0977,0.0,0.0,400000.0,OK,IDLE,5.1165,25.07,144000.0,SIMULATED
2026-09-11 09:14:10,14.166666666666666,1,normal_stable_lid_closed,5.125,25.0625,44.0,CLOSED,0.0095,-0.01088,5.1549,5.22,4.52,LOW,240.0,239.0,240.0,240.0,240.0,0.0417,0.095,0.0,0.0,400000.0,OK,IDLE,5.1179,25.0708,144000.0,SIMULATED
2026-09-11 09:14:20,14.333333333333334,1,normal_stable_lid_closed,5.125,25.125,45.0,CLOSED,0.00922,-0.01818,5.155,5.2172,4.43,LOW,240.0,239.0,240.0,240.0,240.0,0.0417,0.0922,0.0,0.0,400000.0,OK,IDLE,5.1193,25.0717,144000.0,SIMULATED
2026-09-11 09:14:30,14.5,1,normal_stable_lid_closed,5.0625,25.0625,45.0,CLOSED,0.00872,-0.02396,5.0925,5.1497,3.45,LOW,240.0,239.0,240.0,240.0,240.0,0.0208,0.0872,0.0,0.0,400000.0,OK,IDLE,5.1207,25.0725,144000.0,SIMULATED
2026-09-11 09:14:40,14.666666666666666,1,normal_stable_lid_closed,5.0625,25.125,45.0,CLOSED,0.00827,-0.02867,5.0926,5.1452,3.31,LOW,240.0,239.0,240.0,240.0,240.0,0.0208,0.0827,0.0,0.0,400000.0,OK,IDLE,5.1221,25.0733,144000.0,SIMULATED
2026-09-11 09:14:50,14.833333333333334,1,normal_stable_lid_closed,5.125,25.0625,45.0,CLOSED,0.00801,-0.03263,5.1549,5.2051,4.07,LOW,240.0,239.0,240.0,240.0,240.0,0.0417,0.0801,0.0,0.0,400000.0,OK,IDLE,5.1235,25.0742,144000.0,SIMULATED
2026-09-11 09:15:00,15.0,1,normal_stable_lid_closed,5.1875,25.0625,45.0,CLOSED,0.00807,-0.03607,5.2173,5.2682,4.92,LOW,240.0,239.0,240.0,240.0,240.0,0.0625,0.0807,0.0,0.0,400000.0,OK,IDLE,5.1248,25.075,144000.0,SIMULATED
2026-09-11 09:15:10,15.166666666666666,1,normal_stable_lid_closed,5.125,25.125,45.0,CLOSED,0.00816,-0.03915,5.155,5.2066,4.11,LOW,240.0,239.0,240.0,240.0,240.0,0.0417,0.0816,0.0,0.0,400000.0,OK,IDLE,5.1262,25.0758,144000.0,SIMULATED
2026-09-11 09:15:20,15.333333333333334,1,normal_stable_lid_closed,5.0625,25.0,45.0,CLOSED,0.00809,-0.04197,5.0924,5.1434,3.26,LOW,240.0,239.0,240.0,240.0,240.0,0.0208,0.0809,0.0,0.0,400000.0,OK,IDLE,5.1276,25.0767,144000.0,SIMULATED
2026-09-11 09:15:30,15.5,1,normal_stable_lid_closed,5.1875,25.0,45.0,CLOSED,0.00807,-0.04756,5.2172,5.2682,4.92,LOW,240.0,239.0,240.0,240.0,240.0,0.0625,0.0807,0.0,0.0,400000.0,OK,IDLE,5.129,25.0775,144000.0,SIMULATED
2026-09-11 09:15:40,15.666666666666666,1,normal_stable_lid_closed,5.125,25.125,45.0,CLOSED,0.00808,-0.04928,5.155,5.2058,4.09,LOW,240.0,239.0,240.0,240.0,240.0,0.0417,0.0808,0.0,0.0,400000.0,OK,IDLE,5.1304,25.0783,144000.0,SIMULATED
2026-09-11 09:15:50,15.833333333333334,1,normal_stable_lid_closed,5.125,25.0625,45.0,CLOSED,0.00792,-0.0482,5.1549,5.2042,4.04,LOW,240.0,239.0,240.0,240.0,240.0,0.0417,0.0792,0.0,0.0,400000.0,OK,IDLE,5.1318,25.0792,144000.0,SIMULATED
2026-09-11 09:16:00,16.0,1,normal_stable_lid_closed,5.125,25.0625,45.0,CLOSED,0.00782,-0.04507,5.1549,5.2032,4.01,LOW,240.0,239.0,240.0,240.0,240.0,0.0417,0.0782,0.0,0.0,400000.0,OK,IDLE,5.1332,25.08,144000.0,SIMULATED
2026-09-11 09:16:10,16.166666666666668,1,normal_stable_lid_closed,5.125,25.0,45.0,CLOSED,0.00775,-0.0463,5.1548,5.2025,3.99,LOW,240.0,239.0,240.0,240.0,240.0,0.0417,0.0775,0.0,0.0,400000.0,OK,IDLE,5.1345,25.0808,144000.0,SIMULATED
2026-09-11 09:16:20,16.333333333333332,1,normal_stable_lid_closed,5.1875,25.0625,45.0,CLOSED,0.00768,-0.04479,5.2173,5.2643,4.8,LOW,240.0,239.0,240.0,240.0,240.0,0.0625,0.0768,0.0,0.0,400000.0,OK,IDLE,5.1359,25.0817,144000.0,SIMULATED
2026-09-11 09:16:30,16.5,1,normal_stable_lid_closed,5.0,25.0625,44.0,CLOSED,0.00744,-0.04706,5.0301,5.0744,2.23,LOW,240.0,239.0,240.0,240.0,240.0,0.0,0.0744,0.0,0.0,400000.0,OK,IDLE,5.1373,25.0825,144000.0,SIMULATED
2026-09-11 09:16:40,16.666666666666668,1,normal_stable_lid_closed,5.0625,25.0625,45.0,CLOSED,0.0069,-0.04903,5.0925,5.1315,2.9,LOW,240.0,239.0,240.0,240.0,240.0,0.0208,0.069,0.0,0.0,400000.0,OK,IDLE,5.1387,25.0833,144000.0,SIMULATED
2026-09-11 09:16:50,16.833333333333332,1,normal_stable_lid_closed,5.125,25.0,45.0,CLOSED,0.0065,-0.05079,5.1548,5.19,3.62,LOW,240.0,239.0,240.0,240.0,240.0,0.0417,0.065,0.0,0.0,400000.0,OK,IDLE,5.1401,25.0842,144000.0,SIMULATED
2026-09-11 09:17:00,17.0,1,normal_stable_lid_closed,5.1875,25.0625,45.0,CLOSED,0.00638,-0.0524,5.2173,5.2513,4.41,LOW,240.0,239.0,240.0,240.0,240.0,0.0625,0.0638,0.0,0.0,400000.0,OK,IDLE,5.1415,25.085,144000.0,SIMULATED
2026-09-11 09:17:10,17.166666666666668,1,normal_stable_lid_closed,5.125,25.0625,45.0,CLOSED,0.00625,-0.05096,5.1549,5.1875,3.54,LOW,240.0,239.0,240.0,240.0,240.0,0.0417,0.0625,0.0,0.0,400000.0,OK,IDLE,5.1428,25.0858,144000.0,SIMULATED
2026-09-11 09:17:20,17.333333333333332,1,normal_stable_lid_closed,5.0,25.0625,45.0,CLOSED,0.00577,-0.05023,5.0301,5.0577,1.73,LOW,240.0,239.0,240.0,240.0,240.0,0.0,0.0577,0.0,0.0,400000.0,OK,IDLE,5.1442,25.0867,144000.0,SIMULATED
2026-09-11 09:17:30,17.5,1,normal_stable_lid_closed,5.1875,25.125,44.0,CLOSED,0.00557,-0.05287,5.2174,5.2432,4.17,LOW,240.0,239.0,240.0,240.0,240.0,0.0625,0.0557,0.0,0.0,400000.0,OK,IDLE,5.1456,25.0875,144000.0,SIMULATED
2026-09-11 09:17:40,17.666666666666668,1,normal_stable_lid_closed,5.0,25.1875,45.0,CLOSED,0.00485,-0.05195,5.0303,5.0485,1.45,LOW,240.0,239.0,240.0,240.0,240.0,0.0,0.0485,0.0,0.0,400000.0,OK,IDLE,5.147,25.0883,144000.0,SIMULATED
2026-09-11 09:17:50,17.833333333333332,1,normal_stable_lid_closed,5.0625,25.125,45.0,CLOSED,0.00411,-0.05141,5.0926,5.1036,2.07,LOW,240.0,239.0,240.0,240.0,240.0,0.0208,0.0411,0.0,0.0,400000.0,OK,IDLE,5.1484,25.0892,144000.0,SIMULATED
2026-09-11 09:18:00,18.0,1,normal_stable_lid_closed,5.125,25.0625,44.0,CLOSED,0.00355,-0.05693,5.1549,5.1605,2.73,LOW,240.0,239.0,240.0,240.0,240.0,0.0417,0.0355,0.0,0.0,400000.0,OK,IDLE,5.1498,25.09,144000.0,SIMULATED
2026-09-11 09:18:10,18.166666666666668,1,normal_stable_lid_closed,5.125,25.0625,44.0,CLOSED,0.0031,-0.06079,5.1549,5.156,2.6,LOW,240.0,239.0,240.0,240.0,240.0,0.0417,0.031,0.0,0.0,400000.0,OK,IDLE,5.1512,25.0908,144000.0,SIMULATED
2026-09-11 09:18:20,18.333333333333332,1,normal_stable_lid_closed,5.125,25.0625,45.0,CLOSED,0.0031,-0.06045,5.1549,5.156,2.6,LOW,240.0,239.0,240.0,240.0,240.0,0.0417,0.031,0.0,0.0,400000.0,OK,IDLE,5.1525,25.0917,144000.0,SIMULATED
2026-09-11 09:18:30,18.5,1,normal_stable_lid_closed,5.0625,25.125,45.0,CLOSED,0.00268,-0.06002,5.0926,5.0893,1.64,LOW,240.0,239.0,240.0,240.0,240.0,0.0208,0.0268,0.0,0.0,400000.0,OK,IDLE,5.1539,25.0925,144000.0,SIMULATED
2026-09-11 09:18:40,18.666666666666668,1,normal_stable_lid_closed,5.1875,25.125,46.0,CLOSED,0.00232,-0.05372,5.2174,5.2107,3.2,LOW,240.0,239.0,240.0,240.0,240.0,0.0625,0.0232,0.0,0.0,400000.0,OK,IDLE,5.1553,25.0933,144000.0,SIMULATED
2026-09-11 09:18:50,18.833333333333332,1,normal_stable_lid_closed,5.1875,25.125,45.0,CLOSED,0.00236,-0.04912,5.2174,5.2111,3.21,LOW,240.0,239.0,240.0,240.0,240.0,0.0625,0.0236,0.0,0.0,400000.0,OK,IDLE,5.1567,25.0942,144000.0,SIMULATED
2026-09-11 09:19:00,19.0,1,normal_stable_lid_closed,5.125,25.0,45.0,CLOSED,0.00212,-0.04866,5.1548,5.1462,2.3,LOW,240.0,239.0,240.0,240.0,240.0,0.0417,0.0212,0.0,0.0,400000.0,OK,IDLE,5.1581,25.095,144000.0,SIMULATED
2026-09-11 09:19:10,19.166666666666668,1,normal_stable_lid_closed,5.1875,25.1875,44.0,CLOSED,0.00221,-0.04815,5.2175,5.2096,3.16,LOW,240.0,239.0,240.0,240.0,240.0,0.0625,0.0221,0.0,0.0,400000.0,OK,IDLE,5.1595,25.0958,144000.0,SIMULATED
2026-09-11 09:19:20,19.333333333333332,1,normal_stable_lid_closed,5.1875,25.125,45.0,CLOSED,0.00217,-0.04456,5.2174,5.2092,3.15,LOW,240.0,239.0,240.0,240.0,240.0,0.0625,0.0217,0.0,0.0,400000.0,OK,IDLE,5.1608,25.0967,144000.0,SIMULATED
2026-09-11 09:19:30,19.5,1,normal_stable_lid_closed,5.0625,25.125,44.0,CLOSED,0.00222,-0.04157,5.0926,5.0847,1.5,LOW,240.0,239.0,240.0,240.0,240.0,0.0208,0.0222,0.0,0.0,400000.0,OK,IDLE,5.1622,25.0975,144000.0,SIMULATED
2026-09-11 09:19:40,19.666666666666668,1,normal_stable_lid_closed,5.125,25.125,45.0,CLOSED,0.00269,-0.0389,5.155,5.1519,2.47,LOW,240.0,239.0,240.0,240.0,240.0,0.0417,0.0269,0.0,0.0,400000.0,OK,IDLE,5.1636,25.0983,144000.0,SIMULATED
2026-09-11 09:19:50,19.833333333333332,1,normal_stable_lid_closed,5.1875,25.125,46.0,CLOSED,0.00311,-0.03361,5.2174,5.2186,3.43,LOW,240.0,239.0,240.0,240.0,240.0,0.0625,0.0311,0.0,0.0,400000.0,OK,IDLE,5.165,25.0992,144000.0,SIMULATED
2026-09-11 09:20:00,20.0,1,normal_stable_lid_closed,5.1875,25.125,45.0,CLOSED,0.00366,-0.02943,5.2174,5.2241,3.6,LOW,240.0,239.0,240.0,240.0,240.0,0.0625,0.0366,0.0,0.0,400000.0,OK,IDLE,5.1664,25.1,144000.0,SIMULATED
2026-09-11 09:20:10,20.166666666666668,1,normal_stable_lid_closed,5.1875,25.125,45.0,CLOSED,0.00411,-0.02898,5.2174,5.2286,3.73,LOW,240.0,239.0,240.0,240.0,240.0,0.0625,0.0411,0.0,0.0,400000.0,OK,IDLE,5.1678,25.1008,144000.0,SIMULATED
2026-09-11 09:20:20,20.333333333333332,1,normal_stable_lid_closed,5.25,25.0625,45.0,CLOSED,0.00465,-0.02828,5.2797,5.2965,4.73,LOW,240.0,239.0,240.0,240.0,240.0,0.0833,0.0465,0.0,0.0,400000.0,OK,IDLE,5.1692,25.1017,144000.0,SIMULATED
2026-09-11 09:20:30,20.5,1,normal_stable_lid_closed,5.25,25.125,45.0,CLOSED,0.00525,-0.02741,5.2798,5.3025,4.91,LOW,240.0,239.0,240.0,240.0,240.0,0.0833,0.0525,0.0,0.0,400000.0,OK,IDLE,5.1705,25.1025,144000.0,SIMULATED
2026-09-11 09:20:40,20.666666666666668,1,normal_stable_lid_closed,5.1875,25.125,45.0,CLOSED,0.00569,-0.02347,5.2174,5.2444,4.21,LOW,240.0,239.0,240.0,240.0,240.0,0.0625,0.0569,0.0,0.0,400000.0,OK,IDLE,5.1719,25.1033,144000.0,SIMULATED
2026-09-11 09:20:50,20.833333333333332,1,normal_stable_lid_closed,5.1875,25.1875,44.0,CLOSED,0.00618,-0.02309,5.2175,5.2493,4.35,LOW,240.0,239.0,240.0,240.0,240.0,0.0625,0.0618,0.0,0.0,400000.0,OK,IDLE,5.1733,25.1042,144000.0,SIMULATED
2026-09-11 09:21:00,21.0,1,normal_stable_lid_closed,5.1875,25.125,45.0,CLOSED,0.00653,-0.02226,5.2174,5.2528,4.46,LOW,240.0,239.0,240.0,240.0,240.0,0.0625,0.0653,0.0,0.0,400000.0,OK,IDLE,5.1747,25.105,144000.0,SIMULATED
2026-09-11 09:21:10,21.166666666666668,1,normal_stable_lid_closed,5.1875,25.125,45.0,CLOSED,0.00694,-0.0211,5.2174,5.2569,4.58,LOW,240.0,239.0,240.0,240.0,240.0,0.0625,0.0694,0.0,0.0,400000.0,OK,IDLE,5.1761,25.1058,144000.0,SIMULATED
2026-09-11 09:21:20,21.333333333333332,1,normal_stable_lid_closed,5.25,25.125,45.0,CLOSED,0.00758,-0.01972,5.2798,5.3258,5.61,LOW,240.0,239.0,240.0,240.0,240.0,0.0833,0.0758,0.0,0.0,400000.0,OK,IDLE,5.1775,25.1067,144000.0,SIMULATED
2026-09-11 09:21:30,21.5,1,normal_stable_lid_closed,5.125,25.125,45.0,CLOSED,0.00782,-0.01818,5.155,5.2032,4.01,LOW,240.0,239.0,240.0,240.0,240.0,0.0417,0.0782,0.0,0.0,400000.0,OK,IDLE,5.1788,25.1075,144000.0,SIMULATED
2026-09-11 09:21:40,21.666666666666668,1,normal_stable_lid_closed,5.1875,25.125,45.0,CLOSED,0.00795,-0.01654,5.2174,5.267,4.88,LOW,240.0,239.0,240.0,240.0,240.0,0.0625,0.0795,0.0,0.0,400000.0,OK,IDLE,5.1802,25.1083,144000.0,SIMULATED
2026-09-11 09:21:50,21.833333333333332,1,normal_stable_lid_closed,5.1875,25.0625,45.0,CLOSED,0.00817,-0.01481,5.2173,5.2692,4.95,LOW,240.0,239.0,240.0,240.0,240.0,0.0625,0.0817,0.0,0.0,400000.0,OK,IDLE,5.1816,25.1092,144000.0,SIMULATED
2026-09-11 09:22:00,22.0,1,normal_stable_lid_closed,5.1875,25.125,45.0,CLOSED,0.00846,-0.01303,5.2174,5.2721,5.04,LOW,240.0,239.0,240.0,240.0,240.0,0.0625,0.0846,0.0,0.0,400000.0,OK,IDLE,5.183,25.11,144000.0,SIMULATED
2026-09-11 09:22:10,22.166666666666668,1,normal_stable_lid_closed,5.1875,25.0625,45.0,CLOSED,0.00879,-0.01417,5.2173,5.2754,5.14,LOW,240.0,239.0,240.0,240.0,240.0,0.0625,0.0879,0.0,0.0,400000.0,OK,IDLE,5.1844,25.1108,144000.0,SIMULATED
2026-09-11 09:22:20,22.333333333333332,1,normal_stable_lid_closed,5.1875,25.1875,45.0,CLOSED,0.00914,-0.01449,5.2175,5.2789,5.24,LOW,240.0,239.0,240.0,240.0,240.0,0.0625,0.0914,0.0,0.0,400000.0,OK,IDLE,5.1858,25.1117,144000.0,SIMULATED
2026-09-11 09:22:30,22.5,1,normal_stable_lid_closed,5.1875,25.0,45.0,CLOSED,0.0095,-0.01423,5.2172,5.2825,5.35,LOW,240.0,239.0,240.0,240.0,240.0,0.0625,0.095,0.0,0.0,400000.0,OK,IDLE,5.1871,25.1125,144000.0,SIMULATED
2026-09-11 09:22:40,22.666666666666668,1,normal_stable_lid_closed,5.25,25.25,45.0,CLOSED,0.01022,-0.01063,5.28,5.3522,6.4,LOW,240.0,239.0,240.0,240.0,240.0,0.0833,0.1022,0.0,0.0,400000.0,OK,IDLE,5.1885,25.1133,144000.0,SIMULATED
2026-09-11 09:22:50,22.833333333333332,1,normal_stable_lid_closed,5.125,25.0625,46.0,CLOSED,0.01046,-0.00173,5.1549,5.2296,4.8,LOW,240.0,239.0,240.0,240.0,240.0,0.0417,0.1046,0.0,0.0,400000.0,OK,IDLE,5.1899,25.1142,144000.0,SIMULATED
2026-09-11 09:23:00,23.0,1,normal_stable_lid_closed,5.125,25.125,45.0,CLOSED,0.01055,0.00802,5.155,5.2305,4.99,LOW,240.0,239.0,240.0,240.0,240.0,0.0417,0.1055,0.016,0.0,400000.0,OK,IDLE,5.1913,25.115,144000.0,SIMULATED
2026-09-11 09:23:10,23.166666666666668,1,normal_stable_lid_closed,5.1875,25.125,45.0,CLOSED,0.01089,0.01552,5.2174,5.2964,6.08,LOW,240.0,239.0,240.0,240.0,240.0,0.0625,0.1089,0.031,0.0,400000.0,OK,IDLE,5.1927,25.1158,144000.0,SIMULATED
2026-09-11 09:23:20,23.333333333333332,1,normal_stable_lid_closed,5.1875,25.125,44.0,CLOSED,0.01085,0.01857,5.2174,5.296,6.13,LOW,240.0,239.0,240.0,240.0,240.0,0.0625,0.1085,0.0371,0.0,400000.0,OK,IDLE,5.1941,25.1167,144000.0,SIMULATED
2026-09-11 09:23:30,23.5,1,normal_stable_lid_closed,5.1875,25.1875,45.0,CLOSED,0.0109,0.02147,5.2175,5.2965,6.2,LOW,240.0,239.0,240.0,240.0,240.0,0.0625,0.109,0.0429,0.0,400000.0,OK,IDLE,5.1954,25.1175,144000.0,SIMULATED
2026-09-11 09:23:40,23.666666666666668,1,normal_stable_lid_closed,5.3125,25.125,46.0,CLOSED,0.01118,0.02417,5.3422,5.4243,8.01,LOW,240.0,239.0,240.0,240.0,240.0,0.1042,0.1118,0.0483,0.0,400000.0,OK,IDLE,5.1968,25.1183,144000.0,SIMULATED
2026-09-11 09:23:50,23.833333333333332,1,normal_stable_lid_closed,5.0625,25.0625,45.0,CLOSED,0.01107,0.02663,5.0925,5.1732,4.69,LOW,240.0,239.0,240.0,240.0,240.0,0.0208,0.1107,0.0533,0.0,400000.0,OK,IDLE,5.1982,25.1192,144000.0,SIMULATED
2026-09-11 09:24:00,24.0,1,normal_stable_lid_closed,5.1875,25.125,45.0,CLOSED,0.01105,0.02597,5.2174,5.298,6.33,LOW,240.0,239.0,240.0,240.0,240.0,0.0625,0.1105,0.0519,0.0,400000.0,OK,IDLE,5.1996,25.12,144000.0,SIMULATED
2026-09-11 09:24:10,24.166666666666668,1,normal_stable_lid_closed,5.25,25.125,45.0,CLOSED,0.01107,0.02598,5.2798,5.3607,7.17,LOW,240.0,239.0,240.0,240.0,240.0,0.0833,0.1107,0.052,0.0,400000.0,OK,IDLE,5.201,25.1208,144000.0,SIMULATED
2026-09-11 09:24:20,24.333333333333332,1,normal_stable_lid_closed,5.25,25.125,45.0,CLOSED,0.01129,0.02352,5.2798,5.3629,7.19,LOW,240.0,239.0,240.0,240.0,240.0,0.0833,0.1129,0.047,0.0,400000.0,OK,IDLE,5.2024,25.1217,144000.0,SIMULATED
2026-09-11 09:24:30,24.5,1,normal_stable_lid_closed,5.125,25.125,46.0,CLOSED,0.01129,0.02503,5.155,5.2379,5.55,LOW,240.0,239.0,240.0,240.0,240.0,0.0417,0.1129,0.0501,0.0,400000.0,OK,IDLE,5.2037,25.1225,144000.0,SIMULATED
2026-09-11 09:24:40,24.666666666666668,1,normal_stable_lid_closed,5.1875,25.125,45.0,CLOSED,0.01112,0.02637,5.2174,5.2987,6.36,LOW,240.0,239.0,240.0,240.0,240.0,0.0625,0.1112,0.0527,0.0,400000.0,OK,IDLE,5.2051,25.1233,144000.0,SIMULATED
2026-09-11 09:24:50,24.833333333333332,1,normal_stable_lid_closed,5.125,25.1875,45.0,CLOSED,0.01065,0.0276,5.1551,5.2315,5.41,LOW,240.0,239.0,240.0,240.0,240.0,0.0417,0.1065,0.0552,0.0,400000.0,OK,IDLE,5.2065,25.1242,144000.0,SIMULATED
2026-09-11 09:25:00,25.0,1,normal_stable_lid_closed,5.125,25.1875,45.0,CLOSED,0.01014,0.02874,5.1551,5.2264,5.28,LOW,240.0,239.0,240.0,240.0,240.0,0.0417,0.1014,0.0575,0.0,400000.0,OK,IDLE,5.2079,25.125,144000.0,SIMULATED
2026-09-11 09:25:10,25.166666666666668,1,normal_stable_lid_closed,5.1875,25.0625,44.0,CLOSED,0.00996,0.02697,5.2173,5.2871,6.03,LOW,240.0,239.0,240.0,240.0,240.0,0.0625,0.0996,0.0539,0.0,400000.0,OK,IDLE,5.2093,25.1258,144000.0,SIMULATED
2026-09-11 09:25:20,25.333333333333332,1,normal_stable_lid_closed,5.1875,25.125,45.0,CLOSED,0.00984,0.02612,5.2174,5.2859,5.97,LOW,240.0,239.0,240.0,240.0,240.0,0.0625,0.0984,0.0522,0.0,400000.0,OK,IDLE,5.2107,25.1267,144000.0,SIMULATED
2026-09-11 09:25:30,25.5,1,normal_stable_lid_closed,5.1875,25.0625,46.0,CLOSED,0.00957,0.02875,5.2173,5.2832,5.94,LOW,240.0,239.0,240.0,240.0,240.0,0.0625,0.0957,0.0575,0.0,400000.0,OK,IDLE,5.212,25.1275,144000.0,SIMULATED
2026-09-11 09:25:40,25.666666666666668,1,normal_stable_lid_closed,5.3125,25.125,45.0,CLOSED,0.0099,0.03088,5.3422,5.4115,7.75,LOW,240.0,239.0,240.0,240.0,240.0,0.1042,0.099,0.0618,0.0,400000.0,OK,IDLE,5.2134,25.1283,144000.0,SIMULATED
2026-09-11 09:25:50,25.833333333333332,1,normal_stable_lid_closed,5.25,25.0625,44.0,CLOSED,0.01028,0.0298,5.2797,5.3528,7.01,LOW,240.0,239.0,240.0,240.0,240.0,0.0833,0.1028,0.0596,0.0,400000.0,OK,IDLE,5.2148,25.1292,144000.0,SIMULATED
2026-09-11 09:26:00,26.0,1,normal_stable_lid_closed,5.1875,25.1875,45.0,CLOSED,0.0105,0.02943,5.2175,5.2925,6.24,LOW,240.0,239.0,240.0,240.0,240.0,0.0625,0.105,0.0589,0.0,400000.0,OK,IDLE,5.2162,25.13,144000.0,SIMULATED
2026-09-11 09:26:10,26.166666666666668,1,normal_stable_lid_closed,5.1875,25.1875,45.0,CLOSED,0.01061,0.02955,5.2175,5.2936,6.27,LOW,240.0,239.0,240.0,240.0,240.0,0.0625,0.1061,0.0591,0.0,400000.0,OK,IDLE,5.2176,25.1308,144000.0,SIMULATED
2026-09-11 09:26:20,26.333333333333332,1,normal_stable_lid_closed,5.25,25.125,45.0,CLOSED,0.01081,0.03001,5.2798,5.3581,7.18,LOW,240.0,239.0,240.0,240.0,240.0,0.0833,0.1081,0.06,0.0,400000.0,OK,IDLE,5.219,25.1317,144000.0,SIMULATED
2026-09-11 09:26:30,26.5,1,normal_stable_lid_closed,5.1875,25.1875,44.0,CLOSED,0.01107,0.02786,5.2175,5.2982,6.38,LOW,240.0,239.0,240.0,240.0,240.0,0.0625,0.1107,0.0557,0.0,400000.0,OK,IDLE,5.2203,25.1325,144000.0,SIMULATED
2026-09-11 09:26:40,26.666666666666668,1,normal_stable_lid_closed,5.1875,25.125,46.0,CLOSED,0.01082,0.02674,5.2174,5.2957,6.28,LOW,240.0,239.0,240.0,240.0,240.0,0.0625,0.1082,0.0535,0.0,400000.0,OK,IDLE,5.2217,25.1333,144000.0,SIMULATED
2026-09-11 09:26:50,26.833333333333332,1,normal_stable_lid_closed,5.1875,25.0625,45.0,CLOSED,0.01038,0.02624,5.2173,5.2913,6.14,LOW,240.0,239.0,240.0,240.0,240.0,0.0625,0.1038,0.0525,0.0,400000.0,OK,IDLE,5.2231,25.1342,144000.0,SIMULATED
2026-09-11 09:27:00,27.0,1,normal_stable_lid_closed,5.125,25.125,45.0,CLOSED,0.00979,0.02617,5.155,5.2229,5.13,LOW,240.0,239.0,240.0,240.0,240.0,0.0417,0.0979,0.0523,0.0,400000.0,OK,IDLE,5.2245,25.135,144000.0,SIMULATED
2026-09-11 09:27:10,27.166666666666668,1,normal_stable_lid_closed,5.25,25.1875,46.0,CLOSED,0.00965,0.02927,5.2799,5.3465,6.81,LOW,240.0,239.0,240.0,240.0,240.0,0.0833,0.0965,0.0585,0.0,400000.0,OK,IDLE,5.2259,25.1358,144000.0,SIMULATED
2026-09-11 09:27:20,27.333333333333332,1,normal_stable_lid_closed,5.125,25.0625,45.0,CLOSED,0.00927,0.03162,5.1549,5.2177,5.08,LOW,240.0,239.0,240.0,240.0,240.0,0.0417,0.0927,0.0632,0.0,400000.0,OK,IDLE,5.2273,25.1367,144000.0,SIMULATED
2026-09-11 09:27:30,27.5,1,normal_stable_lid_closed,5.3125,25.0625,45.0,CLOSED,0.00889,0.03346,5.3421,5.4014,7.5,LOW,240.0,239.0,240.0,240.0,240.0,0.1042,0.0889,0.0669,0.0,400000.0,OK,IDLE,5.2286,25.1375,144000.0,SIMULATED
2026-09-11 09:27:40,27.666666666666668,1,normal_stable_lid_closed,5.3125,25.125,45.0,CLOSED,0.00904,0.03199,5.3422,5.4029,7.52,LOW,240.0,239.0,240.0,240.0,240.0,0.1042,0.0904,0.064,0.0,400000.0,OK,IDLE,5.23,25.1383,144000.0,SIMULATED
2026-09-11 09:27:50,27.833333333333332,1,normal_stable_lid_closed,5.25,25.1875,45.0,CLOSED,0.00881,0.03106,5.2799,5.3381,6.6,LOW,240.0,239.0,240.0,240.0,240.0,0.0833,0.0881,0.0621,0.0,400000.0,OK,IDLE,5.2314,25.1392,144000.0,SIMULATED
2026-09-11 09:28:00,28.0,1,normal_stable_lid_closed,5.3125,25.125,45.0,CLOSED,0.00865,0.0305,5.3422,5.399,7.37,LOW,240.0,239.0,240.0,240.0,240.0,0.1042,0.0865,0.061,0.0,400000.0,OK,IDLE,5.2328,25.14,144000.0,SIMULATED
2026-09-11 09:28:10,28.166666666666668,1,normal_stable_lid_closed,5.3125,25.125,45.0,CLOSED,0.00871,0.02725,5.3422,5.3996,7.32,LOW,240.0,239.0,240.0,240.0,240.0,0.1042,0.0871,0.0545,0.0,400000.0,OK,IDLE,5.2342,25.1408,144000.0,SIMULATED
2026-09-11 09:28:20,28.333333333333332,1,normal_stable_lid_closed,5.1875,25.1875,45.0,CLOSED,0.00854,0.02203,5.2175,5.2729,5.5,LOW,240.0,239.0,240.0,240.0,240.0,0.0625,0.0854,0.0441,0.0,400000.0,OK,IDLE,5.2356,25.1417,144000.0,SIMULATED
2026-09-11 09:28:30,28.5,1,normal_stable_lid_closed,5.25,25.0625,45.0,CLOSED,0.00839,0.01827,5.2797,5.3339,6.22,LOW,240.0,239.0,240.0,240.0,240.0,0.0833,0.0839,0.0365,0.0,400000.0,OK,IDLE,5.2369,25.1425,144000.0,SIMULATED
2026-09-11 09:28:40,28.666666666666668,1,normal_stable_lid_closed,5.1875,25.125,45.0,CLOSED,0.00787,0.01555,5.2174,5.2662,5.17,LOW,240.0,239.0,240.0,240.0,240.0,0.0625,0.0787,0.0311,0.0,400000.0,OK,IDLE,5.2383,25.1433,144000.0,SIMULATED
2026-09-11 09:28:50,28.833333333333332,1,normal_stable_lid_closed,5.1875,25.25,45.0,CLOSED,0.00746,0.0165,5.2176,5.2621,5.07,LOW,240.0,239.0,240.0,240.0,240.0,0.0625,0.0746,0.033,0.0,400000.0,OK,IDLE,5.2397,25.1442,144000.0,SIMULATED
2026-09-11 09:29:00,29.0,1,normal_stable_lid_closed,5.25,25.125,46.0,CLOSED,0.00729,0.02002,5.2798,5.3229,5.92,LOW,240.0,239.0,240.0,240.0,240.0,0.0833,0.0729,0.04,0.0,400000.0,OK,IDLE,5.2411,25.145,144000.0,SIMULATED
2026-09-11 09:29:10,29.166666666666668,1,normal_stable_lid_closed,5.25,25.125,44.0,CLOSED,0.00711,0.01954,5.2798,5.3211,5.86,LOW,240.0,239.0,240.0,240.0,240.0,0.0833,0.0711,0.0391,0.0,400000.0,OK,IDLE,5.2425,25.1458,144000.0,SIMULATED
2026-09-11 09:29:20,29.333333333333332,1,normal_stable_lid_closed,5.25,25.1875,46.0,CLOSED,0.00709,0.0191,5.2799,5.3209,5.84,LOW,240.0,239.0,240.0,240.0,240.0,0.0833,0.0709,0.0382,0.0,400000.0,OK,IDLE,5.2438,25.1467,144000.0,SIMULATED
2026-09-11 09:29:30,29.5,1,normal_stable_lid_closed,5.25,25.1875,45.0,CLOSED,0.00717,0.01861,5.2799,5.3217,5.86,LOW,240.0,239.0,240.0,240.0,240.0,0.0833,0.0717,0.0372,0.0,400000.0,OK,IDLE,5.2452,25.1475,144000.0,SIMULATED
2026-09-11 09:29:40,29.666666666666668,1,normal_stable_lid_closed,5.1875,25.125,45.0,CLOSED,0.00678,0.01512,5.2174,5.2553,4.84,LOW,240.0,239.0,240.0,240.0,240.0,0.0625,0.0678,0.0302,0.0,400000.0,OK,IDLE,5.2466,25.1483,144000.0,SIMULATED
2026-09-11 09:29:50,29.833333333333332,1,normal_stable_lid_closed,5.1875,25.1875,45.0,CLOSED,0.00623,0.01239,5.2175,5.2498,4.62,LOW,240.0,239.0,240.0,240.0,240.0,0.0625,0.0623,0.0248,0.0,400000.0,OK,IDLE,5.248,25.1492,144000.0,SIMULATED
2026-09-11 09:30:00,30.0,1,normal_stable_lid_closed,5.3125,25.125,46.0,CLOSED,0.0061,0.016,5.3422,5.3735,6.32,LOW,240.0,239.0,240.0,240.0,240.0,0.1042,0.061,0.032,0.0,400000.0,OK,IDLE,5.2494,25.15,144000.0,SIMULATED
2026-09-11 09:30:10,30.166666666666668,1,normal_stable_lid_closed,5.25,25.1875,45.0,CLOSED,0.00607,0.01825,5.2799,5.3107,5.52,LOW,240.0,239.0,240.0,240.0,240.0,0.0833,0.0607,0.0365,0.0,400000.0,OK,IDLE,5.2508,25.1508,144000.0,SIMULATED
2026-09-11 09:30:20,30.333333333333332,1,normal_stable_lid_closed,5.25,25.1875,46.0,CLOSED,0.00611,0.02239,5.2799,5.3111,5.61,LOW,240.0,239.0,240.0,240.0,240.0,0.0833,0.0611,0.0448,0.0,400000.0,OK,IDLE,5.2521,25.1517,144000.0,SIMULATED
2026-09-11 09:30:30,30.5,1,normal_stable_lid_closed,5.1875,25.25,46.0,CLOSED,0.0062,0.02776,5.2176,5.2495,4.92,LOW,240.0,239.0,240.0,240.0,240.0,0.0625,0.062,0.0555,0.0,400000.0,OK,IDLE,5.2535,25.1525,144000.0,SIMULATED
2026-09-11 09:30:40,30.666666666666668,1,normal_stable_lid_closed,5.25,25.125,45.0,CLOSED,0.00651,0.03104,5.2798,5.3151,5.91,LOW,240.0,239.0,240.0,240.0,240.0,0.0833,0.0651,0.0621,0.0,400000.0,OK,IDLE,5.2549,25.1533,144000.0,SIMULATED
2026-09-11 09:30:50,30.833333333333332,1,normal_stable_lid_closed,5.25,25.125,44.0,CLOSED,0.00678,0.03001,5.2798,5.3178,5.97,LOW,240.0,239.0,240.0,240.0,240.0,0.0833,0.0678,0.06,0.0,400000.0,OK,IDLE,5.2563,25.1542,144000.0,SIMULATED
2026-09-11 09:31:00,31.0,1,normal_stable_lid_closed,5.25,25.1875,45.0,CLOSED,0.00702,0.02596,5.2799,5.3202,5.96,LOW,240.0,239.0,240.0,240.0,240.0,0.0833,0.0702,0.0519,0.0,400000.0,OK,IDLE,5.2577,25.155,144000.0,SIMULATED
2026-09-11 09:31:10,31.166666666666668,1,normal_stable_lid_closed,5.3125,25.1875,45.0,CLOSED,0.00742,0.02264,5.3423,5.3867,6.85,LOW,240.0,239.0,240.0,240.0,240.0,0.1042,0.0742,0.0453,0.0,400000.0,OK,IDLE,5.259,25.1558,144000.0,SIMULATED
2026-09-11 09:31:20,31.333333333333332,1,normal_stable_lid_closed,5.3125,25.125,46.0,CLOSED,0.00791,0.0227,5.3422,5.3916,6.99,LOW,240.0,239.0,240.0,240.0,240.0,0.1042,0.0791,0.0454,0.0,400000.0,OK,IDLE,5.2604,25.1567,144000.0,SIMULATED
2026-09-11 09:31:30,31.5,1,normal_stable_lid_closed,5.25,25.0625,45.0,CLOSED,0.00847,0.02218,5.2797,5.3347,6.32,LOW,240.0,239.0,240.0,240.0,240.0,0.0833,0.0847,0.0444,0.0,400000.0,OK,IDLE,5.2618,25.1575,144000.0,SIMULATED
2026-09-11 09:31:40,31.666666666666668,1,normal_stable_lid_closed,5.1875,25.125,45.0,CLOSED,0.00851,0.02123,5.2174,5.2726,5.48,LOW,240.0,239.0,240.0,240.0,240.0,0.0625,0.0851,0.0425,0.0,400000.0,OK,IDLE,5.2632,25.1583,144000.0,SIMULATED
2026-09-11 09:31:50,31.833333333333332,1,normal_stable_lid_closed,5.25,25.125,45.0,CLOSED,0.00857,0.02,5.2798,5.3357,6.3,LOW,240.0,239.0,240.0,240.0,240.0,0.0833,0.0857,0.04,0.0,400000.0,OK,IDLE,5.2646,25.1592,144000.0,SIMULATED
2026-09-11 09:32:00,32.0,1,normal_stable_lid_closed,5.3125,25.0625,45.0,CLOSED,0.00879,0.01857,5.3421,5.4004,7.18,LOW,240.0,239.0,240.0,240.0,240.0,0.1042,0.0879,0.0371,0.0,400000.0,OK,IDLE,5.266,25.16,144000.0,SIMULATED
2026-09-11 09:32:10,32.166666666666664,1,normal_stable_lid_closed,5.25,25.1875,45.0,CLOSED,0.00895,0.017,5.2799,5.3395,6.36,LOW,240.0,239.0,240.0,240.0,240.0,0.0833,0.0895,0.034,0.0,400000.0,OK,IDLE,5.2673,25.1608,144000.0,SIMULATED
2026-09-11 09:32:20,32.333333333333336,1,normal_stable_lid_closed,5.3125,25.125,45.0,CLOSED,0.00923,0.01533,5.3422,5.4048,7.24,LOW,240.0,239.0,240.0,240.0,240.0,0.1042,0.0923,0.0307,0.0,400000.0,OK,IDLE,5.2687,25.1617,144000.0,SIMULATED
2026-09-11 09:32:30,32.5,1,normal_stable_lid_closed,5.25,25.125,45.0,CLOSED,0.00941,0.01358,5.2798,5.3441,6.43,LOW,240.0,239.0,240.0,240.0,240.0,0.0833,0.0941,0.0272,0.0,400000.0,OK,IDLE,5.2701,25.1625,144000.0,SIMULATED
2026-09-11 09:32:40,32.666666666666664,1,normal_stable_lid_closed,5.25,25.125,44.0,CLOSED,0.00952,0.00894,5.2798,5.3452,6.37,LOW,240.0,239.0,240.0,240.0,240.0,0.0833,0.0952,0.0179,0.0,400000.0,OK,IDLE,5.2715,25.1633,144000.0,SIMULATED
2026-09-11 09:32:50,32.833333333333336,1,normal_stable_lid_closed,5.3125,25.125,45.0,CLOSED,0.00992,0.00521,5.3422,5.4117,7.25,LOW,240.0,239.0,240.0,240.0,240.0,0.1042,0.0992,0.0104,0.0,400000.0,OK,IDLE,5.2729,25.1642,144000.0,SIMULATED
2026-09-11 09:33:00,33.0,1,normal_stable_lid_closed,5.375,25.1875,45.0,CLOSED,0.01034,0.00507,5.4047,5.4784,8.2,LOW,240.0,239.0,240.0,240.0,240.0,0.125,0.1034,0.0101,0.0,400000.0,OK,IDLE,5.2742,25.165,144000.0,SIMULATED
2026-09-11 09:33:10,33.166666666666664,1,normal_stable_lid_closed,5.25,25.125,44.0,CLOSED,0.01039,0.00174,5.2798,5.3539,6.49,LOW,240.0,239.0,240.0,240.0,240.0,0.0833,0.1039,0.0035,0.0,400000.0,OK,IDLE,5.2756,25.1658,144000.0,SIMULATED
2026-09-11 09:33:20,33.333333333333336,1,normal_stable_lid_closed,5.3125,25.1875,45.0,CLOSED,0.01054,-0.00087,5.3423,5.4179,7.33,LOW,240.0,239.0,240.0,240.0,240.0,0.1042,0.1054,0.0,0.0,400000.0,OK,IDLE,5.277,25.1667,144000.0,SIMULATED
2026-09-11 09:33:30,33.5,1,normal_stable_lid_closed,5.3125,25.1875,45.0,CLOSED,0.01073,-0.00594,5.3423,5.4198,7.39,LOW,240.0,239.0,240.0,240.0,240.0,0.1042,0.1073,0.0,0.0,400000.0,OK,IDLE,5.2784,25.1675,144000.0,SIMULATED
2026-09-11 09:33:40,33.666666666666664,1,normal_stable_lid_closed,5.25,25.1875,45.0,CLOSED,0.01077,-0.00987,5.2799,5.3577,6.56,LOW,240.0,239.0,240.0,240.0,240.0,0.0833,0.1077,0.0,0.0,400000.0,OK,IDLE,5.2798,25.1683,144000.0,SIMULATED
2026-09-11 09:33:50,33.833333333333336,1,normal_stable_lid_closed,5.25,25.25,45.0,CLOSED,0.01107,-0.01005,5.28,5.3607,6.65,LOW,240.0,239.0,240.0,240.0,240.0,0.0833,0.1107,0.0,0.0,400000.0,OK,IDLE,5.2811,25.1692,144000.0,SIMULATED
2026-09-11 09:34:00,34.0,1,normal_stable_lid_closed,5.25,25.1875,45.0,CLOSED,0.01081,-0.01046,5.2799,5.3581,6.58,LOW,240.0,239.0,240.0,240.0,240.0,0.0833,0.1081,0.0,0.0,400000.0,OK,IDLE,5.2825,25.17,144000.0,SIMULATED
2026-09-11 09:34:10,34.166666666666664,1,normal_stable_lid_closed,5.25,25.25,46.0,CLOSED,0.01052,-0.00818,5.28,5.3552,6.49,LOW,240.0,239.0,240.0,240.0,240.0,0.0833,0.1052,0.0,0.0,400000.0,OK,IDLE,5.2839,25.1708,144000.0,SIMULATED
2026-09-11 09:34:20,34.333333333333336,1,normal_stable_lid_closed,5.375,25.1875,45.0,CLOSED,0.01074,-0.00696,5.4047,5.4824,8.22,LOW,240.0,239.0,240.0,240.0,240.0,0.125,0.1074,0.0,0.0,400000.0,OK,IDLE,5.2853,25.1717,144000.0,SIMULATED
2026-09-11 09:34:30,34.5,1,normal_stable_lid_closed,5.3125,25.1875,45.0,CLOSED,0.01112,-0.00649,5.3423,5.4237,7.5,LOW,240.0,239.0,240.0,240.0,240.0,0.1042,0.1112,0.0,0.0,400000.0,OK,IDLE,5.2867,25.1725,144000.0,SIMULATED
2026-09-11 09:34:40,34.666666666666664,1,normal_stable_lid_closed,5.3125,25.125,46.0,CLOSED,0.01125,-0.00074,5.3422,5.425,7.54,LOW,240.0,239.0,240.0,240.0,240.0,0.1042,0.1125,0.0,0.0,400000.0,OK,IDLE,5.2881,25.1733,144000.0,SIMULATED
2026-09-11 09:34:50,34.833333333333336,1,normal_stable_lid_closed,5.25,25.1875,45.0,CLOSED,0.01118,0.00291,5.2799,5.3618,6.75,LOW,240.0,239.0,240.0,240.0,240.0,0.0833,0.1118,0.0058,0.0,400000.0,OK,IDLE,5.2894,25.1742,144000.0,SIMULATED
2026-09-11 09:35:00,35.0,1,normal_stable_lid_closed,5.375,25.1875,45.0,CLOSED,0.01115,0.00508,5.4047,5.4865,8.45,LOW,240.0,239.0,240.0,240.0,240.0,0.125,0.1115,0.0102,0.0,400000.0,OK,IDLE,5.2908,25.175,144000.0,SIMULATED
2026-09-11 09:35:10,35.166666666666664,1,normal_stable_lid_closed,5.3125,25.125,45.0,CLOSED,0.01093,0.00622,5.3422,5.4218,7.57,LOW,240.0,239.0,240.0,240.0,240.0,0.1042,0.1093,0.0124,0.0,400000.0,OK,IDLE,5.2922,25.1758,144000.0,SIMULATED
2026-09-11 09:35:20,35.333333333333336,1,normal_stable_lid_closed,5.1875,25.1875,45.0,CLOSED,0.0104,0.00369,5.2175,5.2915,5.69,LOW,240.0,239.0,240.0,240.0,240.0,0.0625,0.104,0.0074,0.0,400000.0,OK,IDLE,5.2936,25.1767,144000.0,SIMULATED
2026-09-11 09:35:30,35.5,1,normal_stable_lid_closed,5.375,25.1875,45.0,CLOSED,0.01018,0.00144,5.4047,5.4768,8.08,LOW,240.0,239.0,240.0,240.0,240.0,0.125,0.1018,0.0029,0.0,400000.0,OK,IDLE,5.295,25.1775,144000.0,SIMULATED
2026-09-11 09:35:40,35.666666666666664,1,normal_stable_lid_closed,5.25,25.1875,45.0,CLOSED,0.00981,0.00234,5.2799,5.3481,6.32,LOW,240.0,239.0,240.0,240.0,240.0,0.0833,0.0981,0.0047,0.0,400000.0,OK,IDLE,5.2963,25.1783,144000.0,SIMULATED
2026-09-11 09:35:50,35.833333333333336,1,normal_stable_lid_closed,5.25,25.1875,46.0,CLOSED,0.00969,0.00545,5.2799,5.3469,6.35,LOW,240.0,239.0,240.0,240.0,240.0,0.0833,0.0969,0.0109,0.0,400000.0,OK,IDLE,5.2977,25.1792,144000.0,SIMULATED
2026-09-11 09:36:00,36.0,1,normal_stable_lid_closed,5.25,25.25,45.0,CLOSED,0.00958,0.00419,5.28,5.3458,6.29,LOW,240.0,239.0,240.0,240.0,240.0,0.0833,0.0958,0.0084,0.0,400000.0,OK,IDLE,5.2991,25.18,144000.0,SIMULATED
2026-09-11 09:36:10,36.166666666666664,1,normal_stable_lid_closed,5.375,25.1875,45.0,CLOSED,0.00963,0.00274,5.4047,5.4713,7.94,LOW,240.0,239.0,240.0,240.0,240.0,0.125,0.0963,0.0055,0.0,400000.0,OK,IDLE,5.3005,25.1808,144000.0,SIMULATED
2026-09-11 09:36:20,36.333333333333336,1,normal_stable_lid_closed,5.3125,25.1875,45.0,CLOSED,0.00961,0.00116,5.3423,5.4086,7.07,LOW,240.0,239.0,240.0,240.0,240.0,0.1042,0.0961,0.0023,0.0,400000.0,OK,IDLE,5.3019,25.1817,144000.0,SIMULATED
2026-09-11 09:36:30,36.5,1,normal_stable_lid_closed,5.25,25.125,45.0,CLOSED,0.00953,-0.00052,5.2798,5.3453,6.19,LOW,240.0,239.0,240.0,240.0,240.0,0.0833,0.0953,0.0,0.0,400000.0,OK,IDLE,5.3032,25.1825,144000.0,SIMULATED
2026-09-11 09:36:40,36.666666666666664,1,normal_stable_lid_closed,5.375,25.1875,45.0,CLOSED,0.00958,-0.00522,5.4047,5.4708,7.87,LOW,240.0,239.0,240.0,240.0,240.0,0.125,0.0958,0.0,0.0,400000.0,OK,IDLE,5.3046,25.1833,144000.0,SIMULATED
2026-09-11 09:36:50,36.833333333333336,1,normal_stable_lid_closed,5.3125,25.1875,45.0,CLOSED,0.00953,-0.00622,5.3423,5.4078,7.02,LOW,240.0,239.0,240.0,240.0,240.0,0.1042,0.0953,0.0,0.0,400000.0,OK,IDLE,5.306,25.1842,144000.0,SIMULATED
2026-09-11 09:37:00,37.0,1,normal_stable_lid_closed,5.25,25.125,46.0,CLOSED,0.00921,-0.00464,5.2798,5.3421,6.1,LOW,240.0,239.0,240.0,240.0,240.0,0.0833,0.0921,0.0,0.0,400000.0,OK,IDLE,5.3074,25.185,144000.0,SIMULATED
2026-09-11 09:37:10,37.166666666666664,1,normal_stable_lid_closed,5.25,25.1875,45.0,CLOSED,0.00852,-0.0042,5.2799,5.3352,5.89,LOW,240.0,239.0,240.0,240.0,240.0,0.0833,0.0852,0.0,0.0,400000.0,OK,IDLE,5.3088,25.1858,144000.0,SIMULATED
2026-09-11 09:37:20,37.333333333333336,1,normal_stable_lid_closed,5.3125,25.125,45.0,CLOSED,0.0081,-0.00161,5.3422,5.3935,6.6,LOW,240.0,239.0,240.0,240.0,240.0,0.1042,0.081,0.0,0.0,400000.0,OK,IDLE,5.3101,25.1867,144000.0,SIMULATED
2026-09-11 09:37:30,37.5,1,normal_stable_lid_closed,5.25,25.1875,45.0,CLOSED,0.00732,-0.00036,5.2799,5.3232,5.53,LOW,240.0,239.0,240.0,240.0,240.0,0.0833,0.0732,0.0,0.0,400000.0,OK,IDLE,5.3115,25.1875,144000.0,SIMULATED
2026-09-11 09:37:40,37.666666666666664,1,normal_stable_lid_closed,5.3125,25.25,44.0,CLOSED,0.007,-0.00292,5.3424,5.3825,6.27,LOW,240.0,239.0,240.0,240.0,240.0,0.1042,0.07,0.0,0.0,400000.0,OK,IDLE,5.3129,25.1883,144000.0,SIMULATED
2026-09-11 09:37:50,37.833333333333336,1,normal_stable_lid_closed,5.25,25.1875,45.0,CLOSED,0.00683,-0.00519,5.2799,5.3183,5.38,LOW,240.0,239.0,240.0,240.0,240.0,0.0833,0.0683,0.0,0.0,400000.0,OK,IDLE,5.3143,25.1892,144000.0,SIMULATED
2026-09-11 09:38:00,38.0,1,normal_stable_lid_closed,5.375,25.1875,45.0,CLOSED,0.00695,-0.00725,5.4047,5.4445,7.08,LOW,240.0,239.0,240.0,240.0,240.0,0.125,0.0695,0.0,0.0,400000.0,OK,IDLE,5.3157,25.19,144000.0,SIMULATED
2026-09-11 09:38:10,38.166666666666664,1,normal_stable_lid_closed,5.25,25.125,45.0,CLOSED,0.00708,-0.00917,5.2798,5.3208,5.46,LOW,240.0,239.0,240.0,240.0,240.0,0.0833,0.0708,0.0,0.0,400000.0,OK,IDLE,5.317,25.1908,144000.0,SIMULATED
2026-09-11 09:38:20,38.333333333333336,1,normal_stable_lid_closed,5.375,25.25,45.0,CLOSED,0.00758,-0.01099,5.4048,5.4508,7.27,LOW,240.0,239.0,240.0,240.0,240.0,0.125,0.0758,0.0,0.0,400000.0,OK,IDLE,5.3184,25.1917,144000.0,SIMULATED
2026-09-11 09:38:30,38.5,1,normal_stable_lid_closed,5.25,25.1875,44.0,CLOSED,0.00761,-0.01559,5.2799,5.3261,5.62,LOW,240.0,239.0,240.0,240.0,240.0,0.0833,0.0761,0.0,0.0,400000.0,OK,IDLE,5.3198,25.1925,144000.0,SIMULATED
2026-09-11 09:38:40,38.666666666666664,1,normal_stable_lid_closed,5.25,25.125,45.0,CLOSED,0.00748,-0.01919,5.2798,5.3248,5.58,LOW,240.0,239.0,240.0,240.0,240.0,0.0833,0.0748,0.0,0.0,400000.0,OK,IDLE,5.3212,25.1933,144000.0,SIMULATED
2026-09-11 09:38:50,38.833333333333336,1,normal_stable_lid_closed,5.375,25.1875,45.0,CLOSED,0.00743,-0.0221,5.4047,5.4493,7.23,LOW,240.0,239.0,240.0,240.0,240.0,0.125,0.0743,0.0,0.0,400000.0,OK,IDLE,5.3226,25.1942,144000.0,SIMULATED
2026-09-11 09:39:00,39.0,1,normal_stable_lid_closed,5.375,25.1875,45.0,CLOSED,0.0074,-0.02451,5.4047,5.449,7.22,LOW,240.0,239.0,240.0,240.0,240.0,0.125,0.074,0.0,0.0,400000.0,OK,IDLE,5.3239,25.195,144000.0,SIMULATED
2026-09-11 09:39:10,39.166666666666664,1,normal_stable_lid_closed,5.25,25.25,45.0,CLOSED,0.0072,-0.02363,5.28,5.322,5.49,LOW,240.0,239.0,240.0,240.0,240.0,0.0833,0.072,0.0,0.0,400000.0,OK,IDLE,5.3253,25.1958,144000.0,SIMULATED
2026-09-11 09:39:20,39.333333333333336,1,normal_stable_lid_closed,5.3125,25.25,45.0,CLOSED,0.00707,-0.02625,5.3424,5.3832,6.29,LOW,240.0,239.0,240.0,240.0,240.0,0.1042,0.0707,0.0,0.0,400000.0,OK,IDLE,5.3267,25.1967,144000.0,SIMULATED
2026-09-11 09:39:30,39.5,1,normal_stable_lid_closed,5.3125,25.1875,45.0,CLOSED,0.00696,-0.02551,5.3423,5.3821,6.26,LOW,240.0,239.0,240.0,240.0,240.0,0.1042,0.0696,0.0,0.0,400000.0,OK,IDLE,5.3281,25.1975,144000.0,SIMULATED
2026-09-11 09:39:40,39.666666666666664,1,normal_stable_lid_closed,5.3125,25.125,45.0,CLOSED,0.00688,-0.02528,5.3422,5.3813,6.23,LOW,240.0,239.0,240.0,240.0,240.0,0.1042,0.0688,0.0,0.0,400000.0,OK,IDLE,5.3295,25.1983,144000.0,SIMULATED
2026-09-11 09:39:50,39.833333333333336,1,normal_stable_lid_closed,5.3125,25.125,45.0,CLOSED,0.00662,-0.02541,5.3422,5.3787,6.15,LOW,240.0,239.0,240.0,240.0,240.0,0.1042,0.0662,0.0,0.0,400000.0,OK,IDLE,5.3308,25.1992,144000.0,SIMULATED
2026-09-11 09:40:00,40.0,1,normal_stable_lid_closed,5.375,25.1875,45.0,CLOSED,0.0064,-0.02578,5.4047,5.439,6.92,LOW,240.0,239.0,240.0,240.0,240.0,0.125,0.064,0.0,0.0,400000.0,OK,IDLE,5.3322,25.2,144000.0,SIMULATED
2026-09-11 09:40:10,40.166666666666664,1,normal_stable_lid_closed,5.3125,25.125,45.0,CLOSED,0.00638,-0.02338,5.3422,5.3763,6.08,LOW,240.0,239.0,240.0,240.0,240.0,0.1042,0.0638,0.0,0.0,400000.0,OK,IDLE,5.3336,25.2008,144000.0,SIMULATED
2026-09-11 09:40:20,40.333333333333336,1,normal_stable_lid_closed,5.3125,25.25,44.0,CLOSED,0.00632,-0.02474,5.3424,5.3757,6.06,LOW,240.0,239.0,240.0,240.0,240.0,0.1042,0.0632,0.0,0.0,400000.0,OK,IDLE,5.335,25.2017,144000.0,SIMULATED
2026-09-11 09:40:30,40.5,1,normal_stable_lid_closed,5.3125,25.1875,46.0,CLOSED,0.00623,-0.01998,5.3423,5.3748,6.04,LOW,240.0,239.0,240.0,240.0,240.0,0.1042,0.0623,0.0,0.0,400000.0,OK,IDLE,5.3364,25.2025,144000.0,SIMULATED
2026-09-11 09:40:40,40.666666666666664,1,normal_stable_lid_closed,5.3125,25.25,45.0,CLOSED,0.00592,-0.0138,5.3424,5.3717,5.94,LOW,240.0,239.0,240.0,240.0,240.0,0.1042,0.0592,0.0,0.0,400000.0,OK,IDLE,5.3377,25.2033,144000.0,SIMULATED
2026-09-11 09:40:50,40.833333333333336,1,normal_stable_lid_closed,5.1875,25.25,45.0,CLOSED,0.00527,-0.00947,5.2176,5.2402,4.08,LOW,240.0,239.0,240.0,240.0,240.0,0.0625,0.0527,0.0,0.0,400000.0,OK,IDLE,5.3391,25.2042,144000.0,SIMULATED
2026-09-11 09:41:00,41.0,1,normal_stable_lid_closed,5.375,25.25,45.0,CLOSED,0.00494,-0.00939,5.4048,5.4244,6.48,LOW,240.0,239.0,240.0,240.0,240.0,0.125,0.0494,0.0,0.0,400000.0,OK,IDLE,5.3405,25.205,144000.0,SIMULATED
2026-09-11 09:41:10,41.166666666666664,1,normal_stable_lid_closed,5.375,25.1875,45.0,CLOSED,0.0048,-0.00943,5.4047,5.423,6.44,LOW,240.0,239.0,240.0,240.0,240.0,0.125,0.048,0.0,0.0,400000.0,OK,IDLE,5.3419,25.2058,144000.0,SIMULATED
2026-09-11 09:41:20,41.333333333333336,1,normal_stable_lid_closed,5.375,25.25,45.0,CLOSED,0.00498,-0.00955,5.4048,5.4248,6.49,LOW,240.0,239.0,240.0,240.0,240.0,0.125,0.0498,0.0,0.0,400000.0,OK,IDLE,5.3433,25.2067,144000.0,SIMULATED
2026-09-11 09:41:30,41.5,1,normal_stable_lid_closed,5.3125,25.25,46.0,CLOSED,0.00519,-0.00392,5.3424,5.3644,5.72,LOW,240.0,239.0,240.0,240.0,240.0,0.1042,0.0519,0.0,0.0,400000.0,OK,IDLE,5.3446,25.2075,144000.0,SIMULATED
2026-09-11 09:41:40,41.666666666666664,1,normal_stable_lid_closed,5.375,25.125,45.0,CLOSED,0.00542,-8e-05,5.4046,5.4292,6.63,LOW,240.0,239.0,240.0,240.0,240.0,0.125,0.0542,0.0,0.0,400000.0,OK,IDLE,5.346,25.2083,144000.0,SIMULATED
2026-09-11 09:41:50,41.833333333333336,1,normal_stable_lid_closed,5.375,25.3125,45.0,CLOSED,0.00548,0.00251,5.4049,5.4298,6.69,LOW,240.0,239.0,240.0,240.0,240.0,0.125,0.0548,0.005,0.0,400000.0,OK,IDLE,5.3474,25.2092,144000.0,SIMULATED
2026-09-11 09:42:00,42.0,1,normal_stable_lid_closed,5.3125,25.1875,45.0,CLOSED,0.00539,0.00423,5.3423,5.3664,5.87,LOW,240.0,239.0,240.0,240.0,240.0,0.1042,0.0539,0.0085,0.0,400000.0,OK,IDLE,5.3488,25.21,144000.0,SIMULATED
2026-09-11 09:42:10,42.166666666666664,1,normal_stable_lid_closed,5.375,25.25,44.0,CLOSED,0.00555,0.00249,5.4048,5.4305,6.72,LOW,240.0,239.0,240.0,240.0,240.0,0.125,0.0555,0.005,0.0,400000.0,OK,IDLE,5.3502,25.2108,144000.0,SIMULATED
2026-09-11 09:42:20,42.333333333333336,1,normal_stable_lid_closed,5.375,25.25,46.0,CLOSED,0.00571,0.00412,5.4048,5.4321,6.8,LOW,240.0,239.0,240.0,240.0,240.0,0.125,0.0571,0.0082,0.0,400000.0,OK,IDLE,5.3515,25.2117,144000.0,SIMULATED
2026-09-11 09:42:30,42.5,1,normal_stable_lid_closed,5.25,25.1875,45.0,CLOSED,0.00568,0.00517,5.2799,5.3068,5.14,LOW,240.0,239.0,240.0,240.0,240.0,0.0833,0.0568,0.0103,0.0,400000.0,OK,IDLE,5.3529,25.2125,144000.0,SIMULATED
2026-09-11 09:42:40,42.666666666666664,1,normal_stable_lid_closed,5.3125,25.1875,44.0,CLOSED,0.00552,0.00295,5.3423,5.3677,5.88,LOW,240.0,239.0,240.0,240.0,240.0,0.1042,0.0552,0.0059,0.0,400000.0,OK,IDLE,5.3543,25.2133,144000.0,SIMULATED
2026-09-11 09:42:50,42.833333333333336,1,normal_stable_lid_closed,5.3125,25.1875,45.0,CLOSED,0.00526,-0.00155,5.3423,5.3651,5.74,LOW,240.0,239.0,240.0,240.0,240.0,0.1042,0.0526,0.0,0.0,400000.0,OK,IDLE,5.3557,25.2142,144000.0,SIMULATED
2026-09-11 09:43:00,43.0,1,normal_stable_lid_closed,5.375,25.1875,45.0,CLOSED,0.00528,-0.0048,5.4047,5.4278,6.58,LOW,240.0,239.0,240.0,240.0,240.0,0.125,0.0528,0.0,0.0,400000.0,OK,IDLE,5.357,25.215,144000.0,SIMULATED
2026-09-11 09:43:10,43.166666666666664,1,normal_stable_lid_closed,5.3125,25.3125,45.0,CLOSED,0.0055,-0.00717,5.3425,5.3675,5.82,LOW,240.0,239.0,240.0,240.0,240.0,0.1042,0.055,0.0,0.0,400000.0,OK,IDLE,5.3584,25.2158,144000.0,SIMULATED
2026-09-11 09:43:20,43.333333333333336,1,normal_stable_lid_closed,5.3125,25.125,45.0,CLOSED,0.00551,-0.01187,5.3422,5.3676,5.82,LOW,240.0,239.0,240.0,240.0,240.0,0.1042,0.0551,0.0,0.0,400000.0,OK,IDLE,5.3598,25.2167,144000.0,SIMULATED
2026-09-11 09:43:30,43.5,1,normal_stable_lid_closed,5.375,25.1875,45.0,CLOSED,0.00571,-0.01535,5.4047,5.4321,6.71,LOW,240.0,239.0,240.0,240.0,240.0,0.125,0.0571,0.0,0.0,400000.0,OK,IDLE,5.3612,25.2175,144000.0,SIMULATED
2026-09-11 09:43:40,43.666666666666664,1,normal_stable_lid_closed,5.375,25.25,45.0,CLOSED,0.00605,-0.01798,5.4048,5.4355,6.82,LOW,240.0,239.0,240.0,240.0,240.0,0.125,0.0605,0.0,0.0,400000.0,OK,IDLE,5.3626,25.2183,144000.0,SIMULATED
2026-09-11 09:43:50,43.833333333333336,1,normal_stable_lid_closed,5.375,25.1875,45.0,CLOSED,0.00629,-0.02001,5.4047,5.4379,6.89,LOW,240.0,239.0,240.0,240.0,240.0,0.125,0.0629,0.0,0.0,400000.0,OK,IDLE,5.3639,25.2192,144000.0,SIMULATED
2026-09-11 09:44:00,44.0,1,normal_stable_lid_closed,5.4375,25.1875,46.0,CLOSED,0.00664,-0.01877,5.4671,5.5039,7.82,LOW,240.0,239.0,240.0,240.0,240.0,0.1458,0.0664,0.0,0.0,400000.0,OK,IDLE,5.3653,25.22,144000.0,SIMULATED
2026-09-11 09:44:10,44.166666666666664,1,normal_stable_lid_closed,5.3125,25.3125,45.0,CLOSED,0.00667,-0.01818,5.3425,5.3792,6.17,LOW,240.0,239.0,240.0,240.0,240.0,0.1042,0.0667,0.0,0.0,400000.0,OK,IDLE,5.3667,25.2208,144000.0,SIMULATED
2026-09-11 09:44:20,44.333333333333336,1,normal_stable_lid_closed,5.3125,25.25,45.0,CLOSED,0.00649,-0.01511,5.3424,5.3774,6.11,LOW,240.0,239.0,240.0,240.0,240.0,0.1042,0.0649,0.0,0.0,400000.0,OK,IDLE,5.3681,25.2217,144000.0,SIMULATED
2026-09-11 09:44:30,44.5,1,normal_stable_lid_closed,5.375,25.1875,44.0,CLOSED,0.0067,-0.016,5.4047,5.442,7.01,LOW,240.0,239.0,240.0,240.0,240.0,0.125,0.067,0.0,0.0,400000.0,OK,IDLE,5.3695,25.2225,144000.0,SIMULATED
2026-09-11 09:44:40,44.666666666666664,1,normal_stable_lid_closed,5.375,25.25,44.0,CLOSED,0.00699,-0.01958,5.4048,5.4449,7.1,LOW,240.0,239.0,240.0,240.0,240.0,0.125,0.0699,0.0,0.0,400000.0,OK,IDLE,5.3708,25.2233,144000.0,SIMULATED
2026-09-11 09:44:50,44.833333333333336,1,normal_stable_lid_closed,5.4375,25.1875,45.0,CLOSED,0.00752,-0.01913,5.4671,5.5127,8.09,LOW,240.0,239.0,240.0,240.0,240.0,0.1458,0.0752,0.0,0.0,400000.0,OK,IDLE,5.3722,25.2242,144000.0,SIMULATED
2026-09-11 09:45:00,45.0,1,normal_stable_lid_closed,5.3125,25.125,45.0,CLOSED,0.00765,-0.01872,5.3422,5.389,6.46,LOW,240.0,239.0,240.0,240.0,240.0,0.1042,0.0765,0.0,0.0,400000.0,OK,IDLE,5.3736,25.225,144000.0,SIMULATED
2026-09-11 09:45:10,45.166666666666664,1,normal_stable_lid_closed,5.3125,25.3125,45.0,CLOSED,0.00788,-0.01834,5.3425,5.3913,6.53,LOW,240.0,239.0,240.0,240.0,240.0,0.1042,0.0788,0.0,0.0,400000.0,OK,IDLE,5.375,25.2258,144000.0,SIMULATED
2026-09-11 09:45:20,45.333333333333336,1,normal_stable_lid_closed,5.375,25.1875,45.0,CLOSED,0.00817,-0.01798,5.4047,5.4567,7.45,LOW,240.0,239.0,240.0,240.0,240.0,0.125,0.0817,0.0,0.0,400000.0,OK,IDLE,5.3764,25.2267,144000.0,SIMULATED
2026-09-11 09:45:30,45.5,1,normal_stable_lid_closed,5.375,25.25,45.0,CLOSED,0.00813,-0.01763,5.4048,5.4563,7.44,LOW,240.0,239.0,240.0,240.0,240.0,0.125,0.0813,0.0,0.0,400000.0,OK,IDLE,5.3777,25.2275,144000.0,SIMULATED
2026-09-11 09:45:40,45.666666666666664,1,normal_stable_lid_closed,5.375,25.3125,45.0,CLOSED,0.00839,-0.01729,5.4049,5.4589,7.52,LOW,240.0,239.0,240.0,240.0,240.0,0.125,0.0839,0.0,0.0,400000.0,OK,IDLE,5.3791,25.2283,144000.0,SIMULATED
2026-09-11 09:45:50,45.833333333333336,1,normal_stable_lid_closed,5.4375,25.1875,45.0,CLOSED,0.00868,-0.01696,5.4671,5.5243,8.44,LOW,240.0,239.0,240.0,240.0,240.0,0.1458,0.0868,0.0,0.0,400000.0,OK,IDLE,5.3805,25.2292,144000.0,SIMULATED
2026-09-11 09:46:00,46.0,1,normal_stable_lid_closed,5.375,25.125,45.0,CLOSED,0.00878,-0.01368,5.4046,5.4628,7.63,LOW,240.0,239.0,240.0,240.0,240.0,0.125,0.0878,0.0,0.0,400000.0,OK,IDLE,5.3819,25.23,144000.0,SIMULATED
2026-09-11 09:46:10,46.166666666666664,1,normal_stable_lid_closed,5.375,25.3125,46.0,CLOSED,0.00875,-0.00834,5.4049,5.4625,7.62,LOW,240.0,239.0,240.0,240.0,240.0,0.125,0.0875,0.0,0.0,400000.0,OK,IDLE,5.3832,25.2308,144000.0,SIMULATED
2026-09-11 09:46:20,46.333333333333336,1,normal_stable_lid_closed,5.375,25.1875,45.0,CLOSED,0.00897,-0.0045,5.4047,5.4647,7.69,LOW,240.0,239.0,240.0,240.0,240.0,0.125,0.0897,0.0,0.0,400000.0,OK,IDLE,5.3846,25.2317,144000.0,SIMULATED
2026-09-11 09:46:30,46.5,1,normal_stable_lid_closed,5.3125,25.25,44.0,CLOSED,0.00902,-0.00458,5.3424,5.4027,6.87,LOW,240.0,239.0,240.0,240.0,240.0,0.1042,0.0902,0.0,0.0,400000.0,OK,IDLE,5.386,25.2325,144000.0,SIMULATED
2026-09-11 09:46:40,46.666666666666664,1,normal_stable_lid_closed,5.4375,25.1875,45.0,CLOSED,0.00911,-0.00444,5.4671,5.5286,8.57,LOW,240.0,239.0,240.0,240.0,240.0,0.1458,0.0911,0.0,0.0,400000.0,OK,IDLE,5.3874,25.2333,144000.0,SIMULATED
2026-09-11 09:46:50,46.833333333333336,1,normal_stable_lid_closed,5.375,25.1875,45.0,CLOSED,0.0094,-0.00416,5.4047,5.469,7.82,LOW,240.0,239.0,240.0,240.0,240.0,0.125,0.094,0.0,0.0,400000.0,OK,IDLE,5.3888,25.2342,144000.0,SIMULATED
2026-09-11 09:47:00,47.0,1,normal_stable_lid_closed,5.3125,25.1875,45.0,CLOSED,0.00948,-0.00377,5.3423,5.4073,7.01,LOW,240.0,239.0,240.0,240.0,240.0,0.1042,0.0948,0.0,0.0,400000.0,OK,IDLE,5.3901,25.235,144000.0,SIMULATED
2026-09-11 09:47:10,47.166666666666664,1,normal_stable_lid_closed,5.375,25.25,44.0,CLOSED,0.0094,-0.00321,5.4048,5.469,7.82,LOW,240.0,239.0,240.0,240.0,240.0,0.125,0.094,0.0,0.0,400000.0,OK,IDLE,5.3915,25.2358,144000.0,SIMULATED
2026-09-11 09:47:20,47.333333333333336,1,normal_stable_lid_closed,5.375,25.1875,45.0,CLOSED,0.00919,-0.00244,5.4047,5.4669,7.76,LOW,240.0,239.0,240.0,240.0,240.0,0.125,0.0919,0.0,0.0,400000.0,OK,IDLE,5.3929,25.2367,144000.0,SIMULATED
2026-09-11 09:47:30,47.5,1,normal_stable_lid_closed,5.4375,25.1875,45.0,CLOSED,0.00925,-0.00151,5.4671,5.53,8.61,LOW,240.0,239.0,240.0,240.0,240.0,0.1458,0.0925,0.0,0.0,400000.0,OK,IDLE,5.3943,25.2375,144000.0,SIMULATED
2026-09-11 09:47:40,47.666666666666664,1,normal_stable_lid_closed,5.3125,25.1875,45.0,CLOSED,0.00894,-0.00049,5.3423,5.4019,6.85,LOW,240.0,239.0,240.0,240.0,240.0,0.1042,0.0894,0.0,0.0,400000.0,OK,IDLE,5.3956,25.2383,144000.0,SIMULATED
2026-09-11 09:47:50,47.833333333333336,1,normal_stable_lid_closed,5.4375,25.25,45.0,CLOSED,0.0089,-0.00234,5.4672,5.5265,8.5,LOW,240.0,239.0,240.0,240.0,240.0,0.1458,0.089,0.0,0.0,400000.0,OK,IDLE,5.397,25.2392,144000.0,SIMULATED
2026-09-11 09:48:00,48.0,1,normal_stable_lid_closed,5.4375,25.25,45.0,CLOSED,0.00887,-0.00335,5.4672,5.5262,8.49,LOW,240.0,239.0,240.0,240.0,240.0,0.1458,0.0887,0.0,0.0,400000.0,OK,IDLE,5.3984,25.24,144000.0,SIMULATED
2026-09-11 09:48:10,48.166666666666664,1,normal_stable_lid_closed,5.4375,25.3125,45.0,CLOSED,0.00918,-0.00377,5.4673,5.5293,8.59,LOW,240.0,239.0,240.0,240.0,240.0,0.1458,0.0918,0.0,0.0,400000.0,OK,IDLE,5.3998,25.2408,144000.0,SIMULATED
2026-09-11 09:48:20,48.333333333333336,1,normal_stable_lid_closed,5.4375,25.25,44.0,CLOSED,0.00937,-0.00664,5.4672,5.5312,8.64,LOW,240.0,239.0,240.0,240.0,240.0,0.1458,0.0937,0.0,0.0,400000.0,OK,IDLE,5.4012,25.2417,144000.0,SIMULATED
2026-09-11 09:48:30,48.5,1,normal_stable_lid_closed,5.375,25.3125,45.0,CLOSED,0.00963,-0.00827,5.4049,5.4713,7.89,LOW,240.0,239.0,240.0,240.0,240.0,0.125,0.0963,0.0,0.0,400000.0,OK,IDLE,5.4025,25.2425,144000.0,SIMULATED
2026-09-11 09:48:40,48.666666666666664,1,normal_stable_lid_closed,5.4375,25.3125,45.0,CLOSED,0.00976,-0.01197,5.4673,5.5351,8.76,LOW,240.0,239.0,240.0,240.0,240.0,0.1458,0.0976,0.0,0.0,400000.0,OK,IDLE,5.4039,25.2433,144000.0,SIMULATED
2026-09-11 09:48:50,48.833333333333336,1,normal_stable_lid_closed,5.4375,25.3125,44.0,CLOSED,0.00979,-0.01714,5.4673,5.5354,8.77,LOW,240.0,239.0,240.0,240.0,240.0,0.1458,0.0979,0.0,0.0,400000.0,OK,IDLE,5.4053,25.2442,144000.0,SIMULATED
2026-09-11 09:49:00,49.0,1,normal_stable_lid_closed,5.375,25.25,45.0,CLOSED,0.0099,-0.02037,5.4048,5.474,7.97,LOW,240.0,239.0,240.0,240.0,240.0,0.125,0.099,0.0,0.0,400000.0,OK,IDLE,5.4067,25.245,144000.0,SIMULATED
2026-09-11 09:49:10,49.166666666666664,1,normal_stable_lid_closed,5.3125,25.25,45.0,CLOSED,0.00991,-0.02226,5.3424,5.4116,7.14,LOW,240.0,239.0,240.0,240.0,240.0,0.1042,0.0991,0.0,0.0,400000.0,OK,IDLE,5.408,25.2458,144000.0,SIMULATED
2026-09-11 09:49:20,49.333333333333336,1,normal_stable_lid_closed,5.4375,25.3125,45.0,CLOSED,0.00983,-0.02319,5.4673,5.5358,8.78,LOW,240.0,239.0,240.0,240.0,240.0,0.1458,0.0983,0.0,0.0,400000.0,OK,IDLE,5.4094,25.2467,144000.0,SIMULATED
2026-09-11 09:49:30,49.5,1,normal_stable_lid_closed,5.4375,25.25,45.0,CLOSED,0.00985,-0.02347,5.4672,5.536,8.79,LOW,240.0,239.0,240.0,240.0,240.0,0.1458,0.0985,0.0,0.0,400000.0,OK,IDLE,5.4108,25.2475,144000.0,SIMULATED
2026-09-11 09:49:40,49.666666666666664,1,normal_stable_lid_closed,5.4375,25.1875,45.0,CLOSED,0.00994,-0.02328,5.4671,5.5369,8.82,LOW,240.0,239.0,240.0,240.0,240.0,0.1458,0.0994,0.0,0.0,400000.0,OK,IDLE,5.4122,25.2483,144000.0,SIMULATED
2026-09-11 09:49:50,49.833333333333336,1,normal_stable_lid_closed,5.375,25.25,45.0,CLOSED,0.00989,-0.02277,5.4048,5.4739,7.97,LOW,240.0,239.0,240.0,240.0,240.0,0.125,0.0989,0.0,0.0,400000.0,OK,IDLE,5.4136,25.2492,144000.0,SIMULATED
2026-09-11 09:50:00,50.0,1,normal_stable_lid_closed,5.375,25.25,45.0,CLOSED,0.00972,-0.02203,5.4048,5.4722,7.92,LOW,240.0,239.0,240.0,240.0,240.0,0.125,0.0972,0.0,0.0,400000.0,OK,IDLE,5.4149,25.25,144000.0,SIMULATED
2026-09-11 09:50:10,50.166666666666664,1,normal_stable_lid_closed,5.4375,25.3125,45.0,CLOSED,0.00984,-0.02113,5.4673,5.5359,8.79,LOW,240.0,239.0,240.0,240.0,240.0,0.1458,0.0984,0.0,0.0,400000.0,OK,IDLE,5.4163,25.2508,144000.0,SIMULATED
2026-09-11 09:50:20,50.333333333333336,1,normal_stable_lid_closed,5.375,25.1875,45.0,CLOSED,0.00979,-0.02012,5.4047,5.4729,7.94,LOW,240.0,239.0,240.0,240.0,240.0,0.125,0.0979,0.0,0.0,400000.0,OK,IDLE,5.4177,25.2517,144000.0,SIMULATED
2026-09-11 09:50:30,50.5,1,normal_stable_lid_closed,5.4375,25.25,44.0,CLOSED,0.00978,-0.02484,5.4672,5.5353,8.77,LOW,240.0,239.0,240.0,240.0,240.0,0.1458,0.0978,0.0,0.0,400000.0,OK,IDLE,5.4191,25.2525,144000.0,SIMULATED
2026-09-11 09:50:40,50.666666666666664,1,normal_stable_lid_closed,5.4375,25.3125,46.0,CLOSED,0.0098,-0.02196,5.4673,5.5355,8.77,LOW,240.0,239.0,240.0,240.0,240.0,0.1458,0.098,0.0,0.0,400000.0,OK,IDLE,5.4204,25.2533,144000.0,SIMULATED
2026-09-11 09:50:50,50.833333333333336,1,normal_stable_lid_closed,5.375,25.25,45.0,CLOSED,0.00965,-0.01956,5.4048,5.4715,7.9,LOW,240.0,239.0,240.0,240.0,240.0,0.125,0.0965,0.0,0.0,400000.0,OK,IDLE,5.4218,25.2542,144000.0,SIMULATED
2026-09-11 09:51:00,51.0,1,normal_stable_lid_closed,5.4375,25.3125,45.0,CLOSED,0.00918,-0.0175,5.4673,5.5293,8.59,LOW,240.0,239.0,240.0,240.0,240.0,0.1458,0.0918,0.0,0.0,400000.0,OK,IDLE,5.4232,25.255,144000.0,SIMULATED
2026-09-11 09:51:10,51.166666666666664,1,normal_stable_lid_closed,5.375,25.25,46.0,CLOSED,0.00884,-0.01282,5.4048,5.4634,7.65,LOW,240.0,239.0,240.0,240.0,240.0,0.125,0.0884,0.0,0.0,400000.0,OK,IDLE,5.4246,25.2558,144000.0,SIMULATED
2026-09-11 09:51:20,51.333333333333336,1,normal_stable_lid_closed,5.4375,25.1875,44.0,CLOSED,0.00877,-0.01212,5.4671,5.5252,8.47,LOW,240.0,239.0,240.0,240.0,240.0,0.1458,0.0877,0.0,0.0,400000.0,OK,IDLE,5.426,25.2567,144000.0,SIMULATED
2026-09-11 09:51:30,51.5,1,normal_stable_lid_closed,5.4375,25.3125,45.0,CLOSED,0.00888,-0.01124,5.4673,5.5263,8.5,LOW,240.0,239.0,240.0,240.0,240.0,0.1458,0.0888,0.0,0.0,400000.0,OK,IDLE,5.4273,25.2575,144000.0,SIMULATED
2026-09-11 09:51:40,51.666666666666664,1,normal_stable_lid_closed,5.375,25.25,46.0,CLOSED,0.00875,-0.00444,5.4048,5.4625,7.63,LOW,240.0,239.0,240.0,240.0,240.0,0.125,0.0875,0.0,0.0,400000.0,OK,IDLE,5.4287,25.2583,144000.0,SIMULATED
2026-09-11 09:51:50,51.833333333333336,1,normal_stable_lid_closed,5.375,25.3125,45.0,CLOSED,0.00863,0.0007,5.4049,5.4613,7.6,LOW,240.0,239.0,240.0,240.0,240.0,0.125,0.0863,0.0014,0.0,400000.0,OK,IDLE,5.4301,25.2592,144000.0,SIMULATED
2026-09-11 09:52:00,52.0,1,normal_stable_lid_closed,5.4375,25.25,45.0,CLOSED,0.0087,0.00468,5.4672,5.5245,8.54,LOW,240.0,239.0,240.0,240.0,240.0,0.1458,0.087,0.0094,0.0,400000.0,OK,IDLE,5.4315,25.26,144000.0,SIMULATED
2026-09-11 09:52:10,52.166666666666664,1,normal_stable_lid_closed,5.5,25.3125,44.0,CLOSED,0.00888,0.00499,5.5297,5.5888,9.43,LOW,240.0,239.0,240.0,240.0,240.0,0.1667,0.0888,0.01,0.0,400000.0,OK,IDLE,5.4328,25.2608,144000.0,SIMULATED
2026-09-11 09:52:20,52.333333333333336,1,normal_stable_lid_closed,5.5,25.1875,45.0,CLOSED,0.00931,0.00273,5.5295,5.5931,9.51,LOW,240.0,239.0,240.0,240.0,240.0,0.1667,0.0931,0.0055,0.0,400000.0,OK,IDLE,5.4342,25.2617,144000.0,SIMULATED
2026-09-11 09:52:30,52.5,1,normal_stable_lid_closed,5.4375,25.1875,45.0,CLOSED,0.00972,0.00448,5.4671,5.5347,8.84,LOW,240.0,239.0,240.0,240.0,240.0,0.1458,0.0972,0.009,0.0,400000.0,OK,IDLE,5.4356,25.2625,144000.0,SIMULATED
2026-09-11 09:52:40,52.666666666666664,1,normal_stable_lid_closed,5.375,25.3125,45.0,CLOSED,0.00957,0.00618,5.4049,5.4707,8.0,LOW,240.0,239.0,240.0,240.0,240.0,0.125,0.0957,0.0124,0.0,400000.0,OK,IDLE,5.437,25.2633,144000.0,SIMULATED
2026-09-11 09:52:50,52.833333333333336,1,normal_stable_lid_closed,5.375,25.1875,45.0,CLOSED,0.0092,0.0049,5.4047,5.467,7.86,LOW,240.0,239.0,240.0,240.0,240.0,0.125,0.092,0.0098,0.0,400000.0,OK,IDLE,5.4383,25.2642,144000.0,SIMULATED
2026-09-11 09:53:00,53.0,1,normal_stable_lid_closed,5.4375,25.1875,46.0,CLOSED,0.00884,0.00724,5.4671,5.5259,8.63,LOW,240.0,239.0,240.0,240.0,240.0,0.1458,0.0884,0.0145,0.0,400000.0,OK,IDLE,5.4397,25.265,144000.0,SIMULATED
2026-09-11 09:53:10,53.166666666666664,1,normal_stable_lid_closed,5.5,25.25,45.0,CLOSED,0.00885,0.00916,5.5296,5.5885,9.5,LOW,240.0,239.0,240.0,240.0,240.0,0.1667,0.0885,0.0183,0.0,400000.0,OK,IDLE,5.4411,25.2658,144000.0,SIMULATED
2026-09-11 09:53:20,53.333333333333336,1,normal_stable_lid_closed,5.5625,25.1875,44.0,CLOSED,0.00909,0.00793,5.5919,5.6534,10.39,LOW,240.0,239.0,240.0,240.0,240.0,0.1875,0.0909,0.0159,0.0,400000.0,OK,IDLE,5.4425,25.2667,144000.0,SIMULATED
2026-09-11 09:53:30,53.5,1,normal_stable_lid_closed,5.5,25.3125,46.0,CLOSED,0.0093,0.01031,5.5297,5.593,9.66,LOW,240.0,239.0,240.0,240.0,240.0,0.1667,0.093,0.0206,0.0,400000.0,OK,IDLE,5.4439,25.2675,144000.0,SIMULATED
2026-09-11 09:53:40,53.666666666666664,1,normal_stable_lid_closed,5.5,25.3125,45.0,CLOSED,0.00964,0.01226,5.5297,5.5964,9.8,LOW,240.0,239.0,240.0,240.0,240.0,0.1667,0.0964,0.0245,0.0,400000.0,OK,IDLE,5.4452,25.2683,144000.0,SIMULATED
2026-09-11 09:53:50,53.833333333333336,1,normal_stable_lid_closed,5.4375,25.25,45.0,CLOSED,0.0099,0.01392,5.4672,5.5365,9.08,LOW,240.0,239.0,240.0,240.0,240.0,0.1458,0.099,0.0278,0.0,400000.0,OK,IDLE,5.4466,25.2692,144000.0,SIMULATED
2026-09-11 09:54:00,54.0,1,normal_stable_lid_closed,5.4375,25.3125,45.0,CLOSED,0.01008,0.01536,5.4673,5.5383,9.16,LOW,240.0,239.0,240.0,240.0,240.0,0.1458,0.1008,0.0307,0.0,400000.0,OK,IDLE,5.448,25.27,144000.0,SIMULATED
2026-09-11 09:54:10,54.166666666666664,1,normal_stable_lid_closed,5.5,25.375,45.0,CLOSED,0.01057,0.0196,5.5298,5.6057,10.23,LOW,240.0,239.0,240.0,240.0,240.0,0.1667,0.1057,0.0392,0.0,400000.0,OK,IDLE,5.4494,25.2708,144000.0,SIMULATED
2026-09-11 09:54:20,54.333333333333336,1,normal_stable_lid_closed,5.4375,25.25,46.0,CLOSED,0.01073,0.02581,5.4672,5.5448,9.57,LOW,240.0,239.0,240.0,240.0,240.0,0.1458,0.1073,0.0516,0.0,400000.0,OK,IDLE,5.4507,25.2717,144000.0,SIMULATED
2026-09-11 09:54:30,54.5,1,normal_stable_lid_closed,5.4375,25.25,45.0,CLOSED,0.01063,0.03044,5.4672,5.5438,9.63,LOW,240.0,239.0,240.0,240.0,240.0,0.1458,0.1063,0.0609,0.0,400000.0,OK,IDLE,5.4521,25.2725,144000.0,SIMULATED
2026-09-11 09:54:40,54.666666666666664,1,normal_stable_lid_closed,5.5,25.25,45.0,CLOSED,0.01071,0.03102,5.5296,5.6071,10.5,LOW,240.0,239.0,240.0,240.0,240.0,0.1667,0.1071,0.062,0.0,400000.0,OK,IDLE,5.4535,25.2733,144000.0,SIMULATED
2026-09-11 09:54:50,54.833333333333336,1,normal_stable_lid_closed,5.5625,25.25,45.0,CLOSED,0.01109,0.02866,5.592,5.6734,11.4,LOW,240.0,239.0,240.0,240.0,240.0,0.1875,0.1109,0.0573,0.0,400000.0,OK,IDLE,5.4549,25.2742,144000.0,SIMULATED
2026-09-11 09:55:00,55.0,1,normal_stable_lid_closed,5.5,25.25,45.0,CLOSED,0.01165,0.02711,5.5296,5.6165,10.7,LOW,240.0,239.0,240.0,240.0,240.0,0.1667,0.1165,0.0542,0.0,400000.0,OK,IDLE,5.4562,25.275,144000.0,SIMULATED
2026-09-11 09:55:10,55.166666666666664,1,normal_stable_lid_closed,5.5,25.3125,45.0,CLOSED,0.01198,0.02611,5.5297,5.6198,10.78,LOW,240.0,239.0,240.0,240.0,240.0,0.1667,0.1198,0.0522,0.0,400000.0,OK,IDLE,5.4576,25.2758,144000.0,SIMULATED
2026-09-11 09:55:20,55.333333333333336,1,normal_stable_lid_closed,5.5,25.1875,45.0,CLOSED,0.01211,0.02551,5.5295,5.6211,10.81,LOW,240.0,239.0,240.0,240.0,240.0,0.1667,0.1211,0.051,0.0,400000.0,OK,IDLE,5.459,25.2767,144000.0,SIMULATED
2026-09-11 09:55:30,55.5,1,normal_stable_lid_closed,5.4375,25.1875,45.0,CLOSED,0.01211,0.02519,5.4671,5.5586,9.97,LOW,240.0,239.0,240.0,240.0,240.0,0.1458,0.1211,0.0504,0.0,400000.0,OK,IDLE,5.4604,25.2775,144000.0,SIMULATED
2026-09-11 09:55:40,55.666666666666664,1,normal_stable_lid_closed,5.4375,25.1875,44.0,CLOSED,0.012,0.0222,5.4671,5.5575,9.88,LOW,240.0,239.0,240.0,240.0,240.0,0.1458,0.12,0.0444,0.0,400000.0,OK,IDLE,5.4617,25.2783,144000.0,SIMULATED
2026-09-11 09:55:50,55.833333333333336,1,normal_stable_lid_closed,5.5,25.1875,45.0,CLOSED,0.01199,0.0203,5.5295,5.6199,10.67,LOW,240.0,239.0,240.0,240.0,240.0,0.1667,0.1199,0.0406,0.0,400000.0,OK,IDLE,5.4631,25.2792,144000.0,SIMULATED
2026-09-11 09:56:00,56.0,1,normal_stable_lid_closed,5.5,25.375,44.0,CLOSED,0.01222,0.0163,5.5298,5.6222,10.66,LOW,240.0,239.0,240.0,240.0,240.0,0.1667,0.1222,0.0326,0.0,400000.0,OK,IDLE,5.4645,25.28,144000.0,SIMULATED
2026-09-11 09:56:10,56.166666666666664,1,normal_stable_lid_closed,5.4375,25.1875,45.0,CLOSED,0.01225,0.01379,5.4671,5.56,9.78,LOW,240.0,239.0,240.0,240.0,240.0,0.1458,0.1225,0.0276,0.0,400000.0,OK,IDLE,5.4659,25.2808,144000.0,SIMULATED
2026-09-11 09:56:20,56.333333333333336,1,normal_stable_lid_closed,5.4375,25.25,44.0,CLOSED,0.01213,0.01242,5.4672,5.5588,9.72,LOW,240.0,239.0,240.0,240.0,240.0,0.1458,0.1213,0.0248,0.0,400000.0,OK,IDLE,5.4672,25.2817,144000.0,SIMULATED
2026-09-11 09:56:30,56.5,1,normal_stable_lid_closed,5.5,25.25,45.0,CLOSED,0.01208,0.01193,5.5296,5.6208,10.53,LOW,240.0,239.0,240.0,240.0,240.0,0.1667,0.1208,0.0239,0.0,400000.0,OK,IDLE,5.4686,25.2825,144000.0,SIMULATED
2026-09-11 09:56:40,56.666666666666664,1,normal_stable_lid_closed,5.5,25.3125,44.0,CLOSED,0.01189,0.00625,5.5297,5.6189,10.36,LOW,240.0,239.0,240.0,240.0,240.0,0.1667,0.1189,0.0125,0.0,400000.0,OK,IDLE,5.47,25.2833,144000.0,SIMULATED
2026-09-11 09:56:50,56.833333333333336,1,normal_stable_lid_closed,5.5,25.375,44.0,CLOSED,0.01195,-0.0001,5.5298,5.6195,10.25,LOW,240.0,239.0,240.0,240.0,240.0,0.1667,0.1195,0.0,0.0,400000.0,OK,IDLE,5.4714,25.2842,144000.0,SIMULATED
2026-09-11 09:57:00,57.0,1,normal_stable_lid_closed,5.4375,25.3125,46.0,CLOSED,0.01181,-0.00111,5.4673,5.5556,9.38,LOW,240.0,239.0,240.0,240.0,240.0,0.1458,0.1181,0.0,0.0,400000.0,OK,IDLE,5.4728,25.285,144000.0,SIMULATED
2026-09-11 09:57:10,57.166666666666664,1,normal_stable_lid_closed,5.4375,25.3125,45.0,CLOSED,0.01134,-0.00135,5.4673,5.5509,9.24,LOW,240.0,239.0,240.0,240.0,240.0,0.1458,0.1134,0.0,0.0,400000.0,OK,IDLE,5.4741,25.2858,144000.0,SIMULATED
2026-09-11 09:57:20,57.333333333333336,1,normal_stable_lid_closed,5.4375,25.3125,45.0,CLOSED,0.01082,-0.00399,5.4673,5.5457,9.08,LOW,240.0,239.0,240.0,240.0,240.0,0.1458,0.1082,0.0,0.0,400000.0,OK,IDLE,5.4755,25.2867,144000.0,SIMULATED
2026-09-11 09:57:30,57.5,1,normal_stable_lid_closed,5.4375,25.25,45.0,CLOSED,0.01025,-0.00546,5.4672,5.54,8.91,LOW,240.0,239.0,240.0,240.0,240.0,0.1458,0.1025,0.0,0.0,400000.0,OK,IDLE,5.4769,25.2875,144000.0,SIMULATED
2026-09-11 09:57:40,57.666666666666664,1,normal_stable_lid_closed,5.5625,25.3125,45.0,CLOSED,0.01019,-0.00611,5.5921,5.6644,10.56,LOW,240.0,239.0,240.0,240.0,240.0,0.1875,0.1019,0.0,0.0,400000.0,OK,IDLE,5.4783,25.2883,144000.0,SIMULATED
2026-09-11 09:57:50,57.833333333333336,1,normal_stable_lid_closed,5.5,25.25,45.0,CLOSED,0.00991,-0.00618,5.5296,5.5991,9.64,LOW,240.0,239.0,240.0,240.0,240.0,0.1667,0.0991,0.0,0.0,400000.0,OK,IDLE,5.4796,25.2892,144000.0,SIMULATED
2026-09-11 09:58:00,58.0,1,normal_stable_lid_closed,5.4375,25.25,45.0,CLOSED,0.00967,-0.00585,5.4672,5.5342,8.73,LOW,240.0,239.0,240.0,240.0,240.0,0.1458,0.0967,0.0,0.0,400000.0,OK,IDLE,5.481,25.29,144000.0,SIMULATED
2026-09-11 09:58:10,58.166666666666664,1,normal_stable_lid_closed,5.5625,25.25,45.0,CLOSED,0.0098,-0.00524,5.592,5.6605,10.44,LOW,240.0,239.0,240.0,240.0,240.0,0.1875,0.098,0.0,0.0,400000.0,OK,IDLE,5.4824,25.2908,144000.0,SIMULATED
2026-09-11 09:58:20,58.333333333333336,1,normal_stable_lid_closed,5.5,25.25,45.0,CLOSED,0.01001,-0.00443,5.5296,5.6001,9.67,LOW,240.0,239.0,240.0,240.0,240.0,0.1667,0.1001,0.0,0.0,400000.0,OK,IDLE,5.4838,25.2917,144000.0,SIMULATED
2026-09-11 09:58:30,58.5,1,normal_stable_lid_closed,5.4375,25.1875,45.0,CLOSED,0.01008,-0.00643,5.4671,5.5383,8.86,LOW,240.0,239.0,240.0,240.0,240.0,0.1458,0.1008,0.0,0.0,400000.0,OK,IDLE,5.4851,25.2925,144000.0,SIMULATED
2026-09-11 09:58:40,58.666666666666664,1,normal_stable_lid_closed,5.5,25.3125,45.0,CLOSED,0.01006,-0.00755,5.5297,5.6006,9.68,LOW,240.0,239.0,240.0,240.0,240.0,0.1667,0.1006,0.0,0.0,400000.0,OK,IDLE,5.4865,25.2933,144000.0,SIMULATED
2026-09-11 09:58:50,58.833333333333336,1,normal_stable_lid_closed,5.5,25.25,46.0,CLOSED,0.01013,-0.00519,5.5296,5.6013,9.71,LOW,240.0,239.0,240.0,240.0,240.0,0.1667,0.1013,0.0,0.0,400000.0,OK,IDLE,5.4879,25.2942,144000.0,SIMULATED
2026-09-11 09:59:00,59.0,1,normal_stable_lid_closed,5.5,25.3125,45.0,CLOSED,0.01028,-0.0063,5.5297,5.6028,9.75,LOW,240.0,239.0,240.0,240.0,240.0,0.1667,0.1028,0.0,0.0,400000.0,OK,IDLE,5.4893,25.295,144000.0,SIMULATED
2026-09-11 09:59:10,59.166666666666664,1,normal_stable_lid_closed,5.4375,25.3125,45.0,CLOSED,0.0101,-0.00698,5.4673,5.5385,8.86,LOW,240.0,239.0,240.0,240.0,240.0,0.1458,0.101,0.0,0.0,400000.0,OK,IDLE,5.4906,25.2958,144000.0,SIMULATED
2026-09-11 09:59:20,59.333333333333336,1,normal_stable_lid_closed,5.4375,25.3125,45.0,CLOSED,0.0095,-0.00736,5.4673,5.5325,8.68,LOW,240.0,239.0,240.0,240.0,240.0,0.1458,0.095,0.0,0.0,400000.0,OK,IDLE,5.492,25.2967,144000.0,SIMULATED
2026-09-11 09:59:30,59.5,1,normal_stable_lid_closed,5.4375,25.3125,45.0,CLOSED,0.00897,-0.00753,5.4673,5.5272,8.52,LOW,240.0,239.0,240.0,240.0,240.0,0.1458,0.0897,0.0,0.0,400000.0,OK,IDLE,5.4934,25.2975,144000.0,SIMULATED
2026-09-11 09:59:40,59.666666666666664,1,normal_stable_lid_closed,5.5625,25.3125,45.0,CLOSED,0.00884,-0.00756,5.5921,5.6509,10.15,LOW,240.0,239.0,240.0,240.0,240.0,0.1875,0.0884,0.0,0.0,400000.0,OK,IDLE,5.4948,25.2983,144000.0,SIMULATED
2026-09-11 09:59:50,59.833333333333336,1,normal_stable_lid_closed,5.5625,25.25,45.0,CLOSED,0.00899,-0.00748,5.592,5.6524,10.2,LOW,240.0,239.0,240.0,240.0,240.0,0.1875,0.0899,0.0,0.0,400000.0,OK,IDLE,5.4961,25.2992,144000.0,SIMULATED
2026-09-11 10:00:00,60.0,1,normal_stable_lid_closed,5.5,25.3125,44.0,CLOSED,0.00894,-0.01018,5.5297,5.5894,9.35,LOW,240.0,239.0,240.0,240.0,240.0,0.1667,0.0894,0.0,0.0,400000.0,OK,IDLE,5.4975,25.3,144000.0,SIMULATED
2026-09-11 10:00:10,60.166666666666664,1,normal_stable_lid_closed,5.5625,25.3125,45.0,CLOSED,0.00894,-0.01189,5.5921,5.6519,10.18,LOW,240.0,239.0,240.0,240.0,240.0,0.1875,0.0894,0.0,0.0,400000.0,OK,IDLE,5.4989,25.3008,144000.0,SIMULATED
2026-09-11 10:00:20,60.333333333333336,1,normal_stable_lid_closed,5.375,25.3125,44.0,CLOSED,0.00859,-0.01575,5.4049,5.4609,7.58,LOW,240.0,239.0,240.0,240.0,240.0,0.125,0.0859,0.0,0.0,400000.0,OK,IDLE,5.5003,25.3017,144000.0,SIMULATED
2026-09-11 10:00:30,60.5,1,normal_stable_lid_closed,5.4375,25.25,45.0,CLOSED,0.008,-0.01816,5.4672,5.5175,8.23,LOW,240.0,239.0,240.0,240.0,240.0,0.1458,0.08,0.0,0.0,400000.0,OK,IDLE,5.5016,25.3025,144000.0,SIMULATED
2026-09-11 10:00:40,60.666666666666664,1,normal_stable_lid_closed,5.5,25.1875,45.0,CLOSED,0.0076,-0.02252,5.5295,5.576,8.95,LOW,240.0,239.0,240.0,240.0,240.0,0.1667,0.076,0.0,0.0,400000.0,OK,IDLE,5.503,25.3033,144000.0,SIMULATED
2026-09-11 10:00:50,60.833333333333336,1,normal_stable_lid_closed,5.5625,25.25,44.0,CLOSED,0.0075,-0.02528,5.592,5.6375,9.75,LOW,240.0,239.0,240.0,240.0,240.0,0.1875,0.075,0.0,0.0,400000.0,OK,IDLE,5.5044,25.3042,144000.0,SIMULATED
2026-09-11 10:01:00,61.0,1,normal_stable_lid_closed,5.5,25.3125,45.0,CLOSED,0.00724,-0.02683,5.5297,5.5724,8.84,LOW,240.0,239.0,240.0,240.0,240.0,0.1667,0.0724,0.0,0.0,400000.0,OK,IDLE,5.5058,25.305,144000.0,SIMULATED
2026-09-11 10:01:10,61.166666666666664,1,normal_stable_lid_closed,5.5625,25.25,44.0,CLOSED,0.00722,-0.0304,5.592,5.6347,9.67,LOW,240.0,239.0,240.0,240.0,240.0,0.1875,0.0722,0.0,0.0,400000.0,OK,IDLE,5.5071,25.3058,144000.0,SIMULATED
2026-09-11 10:01:20,61.333333333333336,1,normal_stable_lid_closed,5.5,25.25,45.0,CLOSED,0.007,-0.02946,5.5296,5.57,8.77,LOW,240.0,239.0,240.0,240.0,240.0,0.1667,0.07,0.0,0.0,400000.0,OK,IDLE,5.5085,25.3067,144000.0,SIMULATED
2026-09-11 10:01:30,61.5,1,normal_stable_lid_closed,5.5625,25.25,45.0,CLOSED,0.00697,-0.03119,5.592,5.6322,9.59,LOW,240.0,239.0,240.0,240.0,240.0,0.1875,0.0697,0.0,0.0,400000.0,OK,IDLE,5.5099,25.3075,144000.0,SIMULATED
2026-09-11 10:01:40,61.666666666666664,1,normal_stable_lid_closed,5.5,25.3125,44.0,CLOSED,0.0069,-0.03478,5.5297,5.569,8.74,LOW,240.0,239.0,240.0,240.0,240.0,0.1667,0.069,0.0,0.0,400000.0,OK,IDLE,5.5113,25.3083,144000.0,SIMULATED
2026-09-11 10:01:50,61.833333333333336,1,normal_stable_lid_closed,5.5,25.3125,45.0,CLOSED,0.00661,-0.03377,5.5297,5.5661,8.65,LOW,240.0,239.0,240.0,240.0,240.0,0.1667,0.0661,0.0,0.0,400000.0,OK,IDLE,5.5126,25.3092,144000.0,SIMULATED
2026-09-11 10:02:00,62.0,1,normal_stable_lid_closed,5.5,25.25,45.0,CLOSED,0.00615,-0.0324,5.5296,5.5615,8.51,LOW,240.0,239.0,240.0,240.0,240.0,0.1667,0.0615,0.0,0.0,400000.0,OK,IDLE,5.514,25.31,144000.0,SIMULATED
2026-09-11 10:02:10,62.166666666666664,1,normal_stable_lid_closed,5.625,25.375,45.0,CLOSED,0.0061,-0.03077,5.6546,5.686,10.16,LOW,240.0,239.0,240.0,240.0,240.0,0.2083,0.061,0.0,0.0,400000.0,OK,IDLE,5.5154,25.3108,144000.0,SIMULATED
2026-09-11 10:02:20,62.333333333333336,1,normal_stable_lid_closed,5.4375,25.3125,44.0,CLOSED,0.00597,-0.03477,5.4673,5.4972,7.63,LOW,240.0,239.0,240.0,240.0,240.0,0.1458,0.0597,0.0,0.0,400000.0,OK,IDLE,5.5168,25.3117,144000.0,SIMULATED
2026-09-11 10:02:30,62.5,1,normal_stable_lid_closed,5.5,25.375,45.0,CLOSED,0.00597,-0.0369,5.5298,5.5597,8.46,LOW,240.0,239.0,240.0,240.0,240.0,0.1667,0.0597,0.0,0.0,400000.0,OK,IDLE,5.5181,25.3125,144000.0,SIMULATED
2026-09-11 10:02:40,62.666666666666664,1,normal_stable_lid_closed,5.5,25.3125,45.0,CLOSED,0.00588,-0.03773,5.5297,5.5588,8.43,LOW,240.0,239.0,240.0,240.0,240.0,0.1667,0.0588,0.0,0.0,400000.0,OK,IDLE,5.5195,25.3133,144000.0,SIMULATED
2026-09-11 10:02:50,62.833333333333336,1,normal_stable_lid_closed,5.5625,25.25,45.0,CLOSED,0.0057,-0.03764,5.592,5.6195,9.21,LOW,240.0,239.0,240.0,240.0,240.0,0.1875,0.057,0.0,0.0,400000.0,OK,IDLE,5.5209,25.3142,144000.0,SIMULATED
2026-09-11 10:03:00,63.0,1,normal_stable_lid_closed,5.5,25.4375,45.0,CLOSED,0.00528,-0.03692,5.5299,5.5528,8.25,LOW,240.0,239.0,240.0,240.0,240.0,0.1667,0.0528,0.0,0.0,400000.0,OK,IDLE,5.5223,25.315,144000.0,SIMULATED
2026-09-11 10:03:10,63.166666666666664,1,normal_stable_lid_closed,5.625,25.25,45.0,CLOSED,0.0052,-0.03279,5.6544,5.677,9.89,LOW,240.0,239.0,240.0,240.0,240.0,0.2083,0.052,0.0,0.0,400000.0,OK,IDLE,5.5236,25.3158,144000.0,SIMULATED
2026-09-11 10:03:20,63.333333333333336,1,normal_stable_lid_closed,5.5,25.3125,45.0,CLOSED,0.00519,-0.02914,5.5297,5.5519,8.22,LOW,240.0,239.0,240.0,240.0,240.0,0.1667,0.0519,0.0,0.0,400000.0,OK,IDLE,5.525,25.3167,144000.0,SIMULATED
2026-09-11 10:03:30,63.5,1,normal_stable_lid_closed,5.5625,25.3125,45.0,CLOSED,0.00558,-0.02877,5.5921,5.6183,9.17,LOW,240.0,239.0,240.0,240.0,240.0,0.1875,0.0558,0.0,0.0,400000.0,OK,IDLE,5.5264,25.3175,144000.0,SIMULATED
2026-09-11 10:03:40,63.666666666666664,1,normal_stable_lid_closed,5.5,25.25,45.0,CLOSED,0.00589,-0.0249,5.5296,5.5589,8.43,LOW,240.0,239.0,240.0,240.0,240.0,0.1667,0.0589,0.0,0.0,400000.0,OK,IDLE,5.5278,25.3183,144000.0,SIMULATED
2026-09-11 10:03:50,63.833333333333336,1,normal_stable_lid_closed,5.5625,25.3125,45.0,CLOSED,0.00632,-0.02143,5.5921,5.6257,9.39,LOW,240.0,239.0,240.0,240.0,240.0,0.1875,0.0632,0.0,0.0,400000.0,OK,IDLE,5.5291,25.3192,144000.0,SIMULATED
2026-09-11 10:04:00,64.0,1,normal_stable_lid_closed,5.5,25.375,45.0,CLOSED,0.00646,-0.01824,5.5298,5.5646,8.61,LOW,240.0,239.0,240.0,240.0,240.0,0.1667,0.0646,0.0,0.0,400000.0,OK,IDLE,5.5305,25.32,144000.0,SIMULATED
2026-09-11 10:04:10,64.16666666666667,1,normal_stable_lid_closed,5.5625,25.375,46.0,CLOSED,0.00658,-0.01238,5.5922,5.6283,9.47,LOW,240.0,239.0,240.0,240.0,240.0,0.1875,0.0658,0.0,0.0,400000.0,OK,IDLE,5.5319,25.3208,144000.0,SIMULATED
2026-09-11 10:04:20,64.33333333333333,1,normal_stable_lid_closed,5.5,25.25,45.0,CLOSED,0.00668,-0.00762,5.5296,5.5668,8.67,LOW,240.0,239.0,240.0,240.0,240.0,0.1667,0.0668,0.0,0.0,400000.0,OK,IDLE,5.5333,25.3217,144000.0,SIMULATED
2026-09-11 10:04:30,64.5,1,normal_stable_lid_closed,5.5625,25.25,44.0,CLOSED,0.00675,-0.00353,5.592,5.63,9.53,LOW,240.0,239.0,240.0,240.0,240.0,0.1875,0.0675,0.0,0.0,400000.0,OK,IDLE,5.5346,25.3225,144000.0,SIMULATED
2026-09-11 10:04:40,64.66666666666667,1,normal_stable_lid_closed,5.5,25.375,45.0,CLOSED,0.00662,0.0002,5.5298,5.5662,8.66,LOW,240.0,239.0,240.0,240.0,240.0,0.1667,0.0662,0.0004,0.0,400000.0,OK,IDLE,5.536,25.3233,144000.0,SIMULATED
2026-09-11 10:04:50,64.83333333333333,1,normal_stable_lid_closed,5.5,25.4375,45.0,CLOSED,0.00652,0.00366,5.5299,5.5652,8.7,LOW,240.0,239.0,240.0,240.0,240.0,0.1667,0.0652,0.0073,0.0,400000.0,OK,IDLE,5.5374,25.3242,144000.0,SIMULATED
2026-09-11 10:05:00,65.0,1,normal_stable_lid_closed,5.5,25.375,45.0,CLOSED,0.00663,0.00694,5.5298,5.5663,8.79,LOW,240.0,239.0,240.0,240.0,240.0,0.1667,0.0663,0.0139,0.0,400000.0,OK,IDLE,5.5387,25.325,144000.0,SIMULATED
2026-09-11 10:05:10,65.16666666666667,1,normal_stable_lid_closed,5.625,25.3125,45.0,CLOSED,0.00706,0.01009,5.6545,5.6956,10.65,LOW,240.0,239.0,240.0,240.0,240.0,0.2083,0.0706,0.0202,0.0,400000.0,OK,IDLE,5.5401,25.3258,144000.0,SIMULATED
2026-09-11 10:05:20,65.33333333333333,1,normal_stable_lid_closed,5.625,25.3125,45.0,CLOSED,0.00771,0.01316,5.6545,5.7021,10.91,LOW,240.0,239.0,240.0,240.0,240.0,0.2083,0.0771,0.0263,0.0,400000.0,OK,IDLE,5.5415,25.3267,144000.0,SIMULATED
2026-09-11 10:05:30,65.5,1,normal_stable_lid_closed,5.5,25.3125,45.0,CLOSED,0.00814,0.01616,5.5297,5.5814,9.43,LOW,240.0,239.0,240.0,240.0,240.0,0.1667,0.0814,0.0323,0.0,400000.0,OK,IDLE,5.5429,25.3275,144000.0,SIMULATED
2026-09-11 10:05:40,65.66666666666667,1,normal_stable_lid_closed,5.5625,25.375,45.0,CLOSED,0.00841,0.01912,5.5922,5.6466,10.41,LOW,240.0,239.0,240.0,240.0,240.0,0.1875,0.0841,0.0382,0.0,400000.0,OK,IDLE,5.5442,25.3283,144000.0,SIMULATED
2026-09-11 10:05:50,65.83333333333333,1,normal_stable_lid_closed,5.5625,25.3125,45.0,CLOSED,0.00856,0.01909,5.5921,5.6481,10.45,LOW,240.0,239.0,240.0,240.0,240.0,0.1875,0.0856,0.0382,0.0,400000.0,OK,IDLE,5.5456,25.3292,144000.0,SIMULATED
2026-09-11 10:06:00,66.0,1,normal_stable_lid_closed,5.625,25.375,45.0,CLOSED,0.00897,0.01984,5.6546,5.7147,11.42,LOW,240.0,239.0,240.0,240.0,240.0,0.2083,0.0897,0.0397,0.0,400000.0,OK,IDLE,5.547,25.33,144000.0,SIMULATED
2026-09-11 10:06:10,66.16666666666667,1,normal_stable_lid_closed,5.4375,25.375,45.0,CLOSED,0.00902,0.01817,5.4674,5.5277,8.9,LOW,240.0,239.0,240.0,240.0,240.0,0.1458,0.0902,0.0363,0.0,400000.0,OK,IDLE,5.5484,25.3308,144000.0,SIMULATED
2026-09-11 10:06:20,66.33333333333333,1,normal_stable_lid_closed,5.5625,25.3125,46.0,CLOSED,0.009,0.02052,5.5921,5.6525,10.61,LOW,240.0,239.0,240.0,240.0,240.0,0.1875,0.09,0.041,0.0,400000.0,OK,IDLE,5.5497,25.3317,144000.0,SIMULATED
2026-09-11 10:06:30,66.5,1,normal_stable_lid_closed,5.5625,25.3125,45.0,CLOSED,0.00891,0.01979,5.5921,5.6516,10.57,LOW,240.0,239.0,240.0,240.0,240.0,0.1875,0.0891,0.0396,0.0,400000.0,OK,IDLE,5.5511,25.3325,144000.0,SIMULATED
2026-09-11 10:06:40,66.66666666666667,1,normal_stable_lid_closed,5.5625,25.25,45.0,CLOSED,0.00895,0.01976,5.592,5.652,10.58,LOW,240.0,239.0,240.0,240.0,240.0,0.1875,0.0895,0.0395,0.0,400000.0,OK,IDLE,5.5525,25.3333,144000.0,SIMULATED
2026-09-11 10:06:50,66.83333333333333,1,normal_stable_lid_closed,5.625,25.4375,45.0,CLOSED,0.00925,0.01726,5.6547,5.7175,11.45,LOW,240.0,239.0,240.0,240.0,240.0,0.2083,0.0925,0.0345,0.0,400000.0,OK,IDLE,5.5539,25.3342,144000.0,SIMULATED
2026-09-11 10:07:00,67.0,1,normal_stable_lid_closed,5.625,25.3125,45.0,CLOSED,0.00972,0.01294,5.6545,5.7222,11.51,LOW,240.0,239.0,240.0,240.0,240.0,0.2083,0.0972,0.0259,0.0,400000.0,OK,IDLE,5.5552,25.335,144000.0,SIMULATED
2026-09-11 10:07:10,67.16666666666667,1,normal_stable_lid_closed,5.625,25.3125,45.0,CLOSED,0.01012,0.01315,5.6545,5.7262,11.63,LOW,240.0,239.0,240.0,240.0,240.0,0.2083,0.1012,0.0263,0.0,400000.0,OK,IDLE,5.5566,25.3358,144000.0,SIMULATED
2026-09-11 10:07:20,67.33333333333333,1,normal_stable_lid_closed,5.5625,25.375,45.0,CLOSED,0.01027,0.01368,5.5922,5.6652,10.85,LOW,240.0,239.0,240.0,240.0,240.0,0.1875,0.1027,0.0274,0.0,400000.0,OK,IDLE,5.558,25.3367,144000.0,SIMULATED
2026-09-11 10:07:30,67.5,1,normal_stable_lid_closed,5.625,25.3125,46.0,CLOSED,0.01041,0.01728,5.6545,5.7291,11.8,LOW,240.0,239.0,240.0,240.0,240.0,0.2083,0.1041,0.0346,0.0,400000.0,OK,IDLE,5.5594,25.3375,144000.0,SIMULATED
2026-09-11 10:07:40,67.66666666666667,1,normal_stable_lid_closed,5.5625,25.25,45.0,CLOSED,0.01034,0.02009,5.592,5.6659,11.0,LOW,240.0,239.0,240.0,240.0,240.0,0.1875,0.1034,0.0402,0.0,400000.0,OK,IDLE,5.5607,25.3383,144000.0,SIMULATED
2026-09-11 10:07:50,67.83333333333333,1,normal_stable_lid_closed,5.625,25.3125,45.0,CLOSED,0.01067,0.02235,5.6545,5.7317,11.98,LOW,240.0,239.0,240.0,240.0,240.0,0.2083,0.1067,0.0447,0.0,400000.0,OK,IDLE,5.5621,25.3392,144000.0,SIMULATED
2026-09-11 10:08:00,68.0,1,normal_stable_lid_closed,5.5,25.375,45.0,CLOSED,0.01073,0.02421,5.5298,5.6073,10.37,LOW,240.0,239.0,240.0,240.0,240.0,0.1667,0.1073,0.0484,0.0,400000.0,OK,IDLE,5.5635,25.34,144000.0,SIMULATED
2026-09-11 10:08:10,68.16666666666667,1,normal_stable_lid_closed,5.625,25.375,45.0,CLOSED,0.01077,0.0258,5.6546,5.7327,12.08,LOW,240.0,239.0,240.0,240.0,240.0,0.2083,0.1077,0.0516,0.0,400000.0,OK,IDLE,5.5648,25.3408,144000.0,SIMULATED
2026-09-11 10:08:20,68.33333333333333,1,normal_stable_lid_closed,5.625,25.3125,45.0,CLOSED,0.01115,0.0272,5.6545,5.7365,12.22,LOW,240.0,239.0,240.0,240.0,240.0,0.2083,0.1115,0.0544,0.0,400000.0,OK,IDLE,5.5662,25.3417,144000.0,SIMULATED
2026-09-11 10:08:30,68.5,1,normal_stable_lid_closed,5.5625,25.375,45.0,CLOSED,0.0114,0.02846,5.5922,5.6765,11.49,LOW,240.0,239.0,240.0,240.0,240.0,0.1875,0.114,0.0569,0.0,400000.0,OK,IDLE,5.5676,25.3425,144000.0,SIMULATED
2026-09-11 10:08:40,68.66666666666667,1,normal_stable_lid_closed,5.5625,25.375,46.0,CLOSED,0.01136,0.03249,5.5922,5.6761,11.56,LOW,240.0,239.0,240.0,240.0,240.0,0.1875,0.1136,0.065,0.0,400000.0,OK,IDLE,5.569,25.3433,144000.0,SIMULATED
2026-09-11 10:08:50,68.83333333333333,1,normal_stable_lid_closed,5.5625,25.375,45.0,CLOSED,0.0113,0.0355,5.5922,5.6755,11.6,LOW,240.0,239.0,240.0,240.0,240.0,0.1875,0.113,0.071,0.0,400000.0,OK,IDLE,5.5703,25.3442,144000.0,SIMULATED
2026-09-11 10:09:00,69.0,1,normal_stable_lid_closed,5.5625,25.3125,45.0,CLOSED,0.01122,0.04074,5.5921,5.6747,11.68,LOW,240.0,239.0,240.0,240.0,240.0,0.1875,0.1122,0.0815,0.0,400000.0,OK,IDLE,5.5717,25.345,144000.0,SIMULATED
2026-09-11 10:09:10,69.16666666666667,1,normal_stable_lid_closed,5.625,25.375,45.0,CLOSED,0.01129,0.0447,5.6546,5.7379,12.62,LOW,240.0,239.0,240.0,240.0,240.0,0.2083,0.1129,0.0894,0.0,400000.0,OK,IDLE,5.5731,25.3458,144000.0,SIMULATED
2026-09-11 10:09:20,69.33333333333333,1,normal_stable_lid_closed,5.5625,25.375,45.0,CLOSED,0.0111,0.04776,5.5922,5.6735,11.79,LOW,240.0,239.0,240.0,240.0,240.0,0.1875,0.111,0.0955,0.0,400000.0,OK,IDLE,5.5745,25.3467,144000.0,SIMULATED
2026-09-11 10:09:30,69.5,1,normal_stable_lid_closed,5.5625,25.3125,45.0,CLOSED,0.01071,0.05018,5.5921,5.6696,11.72,LOW,240.0,239.0,240.0,240.0,240.0,0.1875,0.1071,0.1004,0.0,400000.0,OK,IDLE,5.5758,25.3475,144000.0,SIMULATED
2026-09-11 10:09:40,69.66666666666667,1,normal_stable_lid_closed,5.5625,25.375,45.0,CLOSED,0.01017,0.05217,5.5922,5.6642,11.59,LOW,240.0,239.0,240.0,240.0,240.0,0.1875,0.1017,0.1043,0.0,400000.0,OK,IDLE,5.5772,25.3483,144000.0,SIMULATED
2026-09-11 10:09:50,69.83333333333333,1,normal_stable_lid_closed,5.625,25.3125,45.0,CLOSED,0.01006,0.05384,5.6545,5.7256,12.43,LOW,240.0,239.0,240.0,240.0,240.0,0.2083,0.1006,0.1077,0.0,400000.0,OK,IDLE,5.5786,25.3492,144000.0,SIMULATED
2026-09-11 10:10:00,70.0,1,normal_stable_lid_closed,5.5,25.3125,45.0,CLOSED,0.00988,0.0553,5.5297,5.5988,10.74,LOW,240.0,239.0,240.0,240.0,240.0,0.1667,0.0988,0.1106,0.0,400000.0,OK,IDLE,5.58,25.35,144000.0,SIMULATED
2026-09-11 10:10:10,70.16666666666667,1,normal_stable_lid_closed,5.5,25.3125,45.0,CLOSED,0.00949,0.05365,5.5297,5.5949,10.59,LOW,240.0,239.0,240.0,240.0,240.0,0.1667,0.0949,0.1073,0.0,400000.0,OK,IDLE,5.5813,25.3508,144000.0,SIMULATED
2026-09-11 10:10:20,70.33333333333333,1,normal_stable_lid_closed,5.6875,25.3125,45.0,CLOSED,0.00966,0.05269,5.7169,5.7841,13.12,LOW,240.0,239.0,240.0,240.0,240.0,0.2292,0.0966,0.1054,0.0,400000.0,OK,IDLE,5.5827,25.3517,144000.0,SIMULATED
2026-09-11 10:10:30,70.5,1,normal_stable_lid_closed,5.625,25.375,44.0,CLOSED,0.00948,0.0464,5.6546,5.7198,12.11,LOW,240.0,239.0,240.0,240.0,240.0,0.2083,0.0948,0.0928,0.0,400000.0,OK,IDLE,5.5841,25.3525,144000.0,SIMULATED
2026-09-11 10:10:40,70.66666666666667,1,normal_stable_lid_closed,5.6875,25.4375,46.0,CLOSED,0.0094,0.04505,5.7171,5.7815,12.89,LOW,240.0,239.0,240.0,240.0,240.0,0.2292,0.094,0.0901,0.0,400000.0,OK,IDLE,5.5854,25.3533,144000.0,SIMULATED
2026-09-11 10:10:50,70.83333333333333,1,normal_stable_lid_closed,5.625,25.3125,45.0,CLOSED,0.00936,0.04419,5.6545,5.7186,12.03,LOW,240.0,239.0,240.0,240.0,240.0,0.2083,0.0936,0.0884,0.0,400000.0,OK,IDLE,5.5868,25.3542,144000.0,SIMULATED
2026-09-11 10:11:00,71.0,1,normal_stable_lid_closed,5.5625,25.3125,46.0,CLOSED,0.00936,0.0436,5.5921,5.6561,11.18,LOW,240.0,239.0,240.0,240.0,240.0,0.1875,0.0936,0.0872,0.0,400000.0,OK,IDLE,5.5882,25.355,144000.0,SIMULATED
2026-09-11 10:11:10,71.16666666666667,1,normal_stable_lid_closed,5.6875,25.1875,45.0,CLOSED,0.00954,0.04308,5.7167,5.7829,12.89,LOW,240.0,239.0,240.0,240.0,240.0,0.2292,0.0954,0.0862,0.0,400000.0,OK,IDLE,5.5896,25.3558,144000.0,SIMULATED
2026-09-11 10:11:20,71.33333333333333,1,normal_stable_lid_closed,5.5,25.3125,45.0,CLOSED,0.00949,0.03968,5.5297,5.5949,10.31,LOW,240.0,239.0,240.0,240.0,240.0,0.1667,0.0949,0.0794,0.0,400000.0,OK,IDLE,5.5909,25.3567,144000.0,SIMULATED
2026-09-11 10:11:30,71.5,1,normal_stable_lid_closed,5.625,25.375,46.0,CLOSED,0.00946,0.03996,5.6546,5.7196,11.97,LOW,240.0,239.0,240.0,240.0,240.0,0.2083,0.0946,0.0799,0.0,400000.0,OK,IDLE,5.5923,25.3575,144000.0,SIMULATED
2026-09-11 10:11:40,71.66666666666667,1,normal_stable_lid_closed,5.625,25.375,45.0,CLOSED,0.00961,0.03987,5.6546,5.7211,12.01,LOW,240.0,239.0,240.0,240.0,240.0,0.2083,0.0961,0.0797,0.0,400000.0,OK,IDLE,5.5937,25.3583,144000.0,SIMULATED
2026-09-11 10:11:50,71.83333333333333,1,normal_stable_lid_closed,5.625,25.3125,45.0,CLOSED,0.00969,0.03657,5.6545,5.7219,11.97,LOW,240.0,239.0,240.0,240.0,240.0,0.2083,0.0969,0.0731,0.0,400000.0,OK,IDLE,5.5951,25.3592,144000.0,SIMULATED
2026-09-11 10:12:00,72.0,1,normal_stable_lid_closed,5.625,25.25,46.0,CLOSED,0.00972,0.03674,5.6544,5.7222,11.99,LOW,240.0,239.0,240.0,240.0,240.0,0.2083,0.0972,0.0735,0.0,400000.0,OK,IDLE,5.5964,25.36,144000.0,SIMULATED
2026-09-11 10:12:10,72.16666666666667,1,normal_stable_lid_closed,5.5625,25.4375,45.0,CLOSED,0.00953,0.03638,5.5923,5.6578,11.09,LOW,240.0,239.0,240.0,240.0,240.0,0.1875,0.0953,0.0728,0.0,400000.0,OK,IDLE,5.5978,25.3608,144000.0,SIMULATED
2026-09-11 10:12:20,72.33333333333333,1,normal_stable_lid_closed,5.6875,25.3125,45.0,CLOSED,0.00989,0.03565,5.7169,5.7864,12.85,LOW,240.0,239.0,240.0,240.0,240.0,0.2292,0.0989,0.0713,0.0,400000.0,OK,IDLE,5.5992,25.3617,144000.0,SIMULATED
2026-09-11 10:12:30,72.5,1,normal_stable_lid_closed,5.5625,25.3125,45.0,CLOSED,0.00972,0.03171,5.5921,5.6597,11.05,LOW,240.0,239.0,240.0,240.0,240.0,0.1875,0.0972,0.0634,0.0,400000.0,OK,IDLE,5.6005,25.3625,144000.0,SIMULATED
2026-09-11 10:12:40,72.66666666666667,1,normal_stable_lid_closed,5.625,25.3125,45.0,CLOSED,0.00954,0.02839,5.6545,5.7204,11.76,LOW,240.0,239.0,240.0,240.0,240.0,0.2083,0.0954,0.0568,0.0,400000.0,OK,IDLE,5.6019,25.3633,144000.0,SIMULATED
2026-09-11 10:12:50,72.83333333333333,1,normal_stable_lid_closed,5.6875,25.3125,45.0,CLOSED,0.00952,0.02549,5.7169,5.7827,12.53,LOW,240.0,239.0,240.0,240.0,240.0,0.2292,0.0952,0.051,0.0,400000.0,OK,IDLE,5.6033,25.3642,144000.0,SIMULATED
2026-09-11 10:13:00,73.0,1,normal_stable_lid_closed,5.625,25.3125,44.0,CLOSED,0.00959,0.02003,5.6545,5.7209,11.61,LOW,240.0,239.0,240.0,240.0,240.0,0.2083,0.0959,0.0401,0.0,400000.0,OK,IDLE,5.6047,25.365,144000.0,SIMULATED
2026-09-11 10:13:10,73.16666666666667,1,normal_stable_lid_closed,5.5,25.3125,45.0,CLOSED,0.00918,0.01573,5.5297,5.5918,9.74,LOW,240.0,239.0,240.0,240.0,240.0,0.1667,0.0918,0.0315,0.0,400000.0,OK,IDLE,5.606,25.3658,144000.0,SIMULATED
2026-09-11 10:13:20,73.33333333333333,1,normal_stable_lid_closed,5.625,25.375,45.0,CLOSED,0.00916,0.01225,5.6546,5.7166,11.33,LOW,240.0,239.0,240.0,240.0,240.0,0.2083,0.0916,0.0245,0.0,400000.0,OK,IDLE,5.6074,25.3667,144000.0,SIMULATED
2026-09-11 10:13:30,73.5,1,normal_stable_lid_closed,5.625,25.3125,45.0,CLOSED,0.00905,0.00934,5.6545,5.7155,11.24,LOW,240.0,239.0,240.0,240.0,240.0,0.2083,0.0905,0.0187,0.0,400000.0,OK,IDLE,5.6088,25.3675,144000.0,SIMULATED
2026-09-11 10:13:40,73.66666666666667,1,normal_stable_lid_closed,5.6875,25.375,45.0,CLOSED,0.00922,0.00682,5.717,5.7797,12.07,LOW,240.0,239.0,240.0,240.0,240.0,0.2292,0.0922,0.0136,0.0,400000.0,OK,IDLE,5.6101,25.3683,144000.0,SIMULATED
2026-09-11 10:13:50,73.83333333333333,1,normal_stable_lid_closed,5.6875,25.375,46.0,CLOSED,0.00939,0.00744,5.717,5.7814,12.13,LOW,240.0,239.0,240.0,240.0,240.0,0.2292,0.0939,0.0149,0.0,400000.0,OK,IDLE,5.6115,25.3692,144000.0,SIMULATED
2026-09-11 10:14:00,74.0,1,normal_stable_lid_closed,5.6875,25.3125,45.0,CLOSED,0.00973,0.0073,5.7169,5.7848,12.23,LOW,240.0,239.0,240.0,240.0,240.0,0.2292,0.0973,0.0146,0.0,400000.0,OK,IDLE,5.6129,25.37,144000.0,SIMULATED
2026-09-11 10:14:10,74.16666666666667,1,normal_stable_lid_closed,5.625,25.4375,45.0,CLOSED,0.00982,0.00663,5.6547,5.7232,11.41,LOW,240.0,239.0,240.0,240.0,240.0,0.2083,0.0982,0.0133,0.0,400000.0,OK,IDLE,5.6143,25.3708,144000.0,SIMULATED
2026-09-11 10:14:20,74.33333333333333,1,normal_stable_lid_closed,5.75,25.3125,46.0,CLOSED,0.01025,0.0114,5.7793,5.8525,13.3,LOW,240.0,239.0,240.0,240.0,240.0,0.25,0.1025,0.0228,0.0,400000.0,OK,IDLE,5.6156,25.3717,144000.0,SIMULATED
2026-09-11 10:14:30,74.5,1,normal_stable_lid_closed,5.625,25.375,45.0,CLOSED,0.01037,0.01417,5.6546,5.7287,11.73,LOW,240.0,239.0,240.0,240.0,240.0,0.2083,0.1037,0.0283,0.0,400000.0,OK,IDLE,5.617,25.3725,144000.0,SIMULATED
2026-09-11 10:14:40,74.66666666666667,1,normal_stable_lid_closed,5.5625,25.375,45.0,CLOSED,0.01026,0.01258,5.5922,5.6651,10.83,LOW,240.0,239.0,240.0,240.0,240.0,0.1875,0.1026,0.0252,0.0,400000.0,OK,IDLE,5.6184,25.3733,144000.0,SIMULATED
2026-09-11 10:14:50,74.83333333333333,1,normal_stable_lid_closed,5.625,25.375,46.0,CLOSED,0.00999,0.01366,5.6546,5.7249,11.6,LOW,240.0,239.0,240.0,240.0,240.0,0.2083,0.0999,0.0273,0.0,400000.0,OK,IDLE,5.6197,25.3742,144000.0,SIMULATED
2026-09-11 10:15:00,75.0,1,normal_stable_lid_closed,5.6875,25.375,45.0,CLOSED,0.00977,0.01366,5.717,5.7852,12.37,LOW,240.0,239.0,240.0,240.0,240.0,0.2292,0.0977,0.0273,0.0,400000.0,OK,IDLE,5.6211,25.375,144000.0,SIMULATED
2026-09-11 10:15:10,75.16666666666667,1,normal_stable_lid_closed,5.6875,25.375,45.0,CLOSED,0.00957,0.01289,5.717,5.7832,12.3,LOW,240.0,239.0,240.0,240.0,240.0,0.2292,0.0957,0.0258,0.0,400000.0,OK,IDLE,5.6225,25.3758,144000.0,SIMULATED
2026-09-11 10:15:20,75.33333333333333,1,normal_stable_lid_closed,5.625,25.375,45.0,CLOSED,0.00956,0.01159,5.6546,5.7206,11.43,LOW,240.0,239.0,240.0,240.0,240.0,0.2083,0.0956,0.0232,0.0,400000.0,OK,IDLE,5.6239,25.3767,144000.0,SIMULATED
2026-09-11 10:15:30,75.5,1,normal_stable_lid_closed,5.5625,25.5,45.0,CLOSED,0.00949,0.00992,5.5924,5.6574,10.55,LOW,240.0,239.0,240.0,240.0,240.0,0.1875,0.0949,0.0198,0.0,400000.0,OK,IDLE,5.6252,25.3775,144000.0,SIMULATED
2026-09-11 10:15:40,75.66666666666667,1,normal_stable_lid_closed,5.5625,25.375,45.0,CLOSED,0.00903,0.00799,5.5922,5.6528,10.37,LOW,240.0,239.0,240.0,240.0,240.0,0.1875,0.0903,0.016,0.0,400000.0,OK,IDLE,5.6266,25.3783,144000.0,SIMULATED
2026-09-11 10:15:50,75.83333333333333,1,normal_stable_lid_closed,5.5625,25.3125,44.0,CLOSED,0.00847,0.00303,5.5921,5.6472,10.1,LOW,240.0,239.0,240.0,240.0,240.0,0.1875,0.0847,0.0061,0.0,400000.0,OK,IDLE,5.628,25.3792,144000.0,SIMULATED
2026-09-11 10:16:00,76.0,1,normal_stable_lid_closed,5.6875,25.4375,45.0,CLOSED,0.00819,-0.00112,5.7171,5.7694,11.63,LOW,240.0,239.0,240.0,240.0,240.0,0.2292,0.0819,0.0,0.0,400000.0,OK,IDLE,5.6294,25.38,144000.0,SIMULATED
2026-09-11 10:16:10,76.16666666666667,1,normal_stable_lid_closed,5.5625,25.375,45.0,CLOSED,0.00794,-0.00469,5.5922,5.6419,9.88,LOW,240.0,239.0,240.0,240.0,240.0,0.1875,0.0794,0.0,0.0,400000.0,OK,IDLE,5.6307,25.3808,144000.0,SIMULATED
2026-09-11 10:16:20,76.33333333333333,1,normal_stable_lid_closed,5.6875,25.4375,44.0,CLOSED,0.0075,-0.0107,5.7171,5.7625,11.42,LOW,240.0,239.0,240.0,240.0,240.0,0.2292,0.075,0.0,0.0,400000.0,OK,IDLE,5.6321,25.3817,144000.0,SIMULATED
2026-09-11 10:16:30,76.5,1,normal_stable_lid_closed,5.625,25.3125,46.0,CLOSED,0.00711,-0.00968,5.6545,5.6961,10.47,LOW,240.0,239.0,240.0,240.0,240.0,0.2083,0.0711,0.0,0.0,400000.0,OK,IDLE,5.6335,25.3825,144000.0,SIMULATED
2026-09-11 10:16:40,76.66666666666667,1,normal_stable_lid_closed,5.625,25.375,45.0,CLOSED,0.00674,-0.00954,5.6546,5.6924,10.35,LOW,240.0,239.0,240.0,240.0,240.0,0.2083,0.0674,0.0,0.0,400000.0,OK,IDLE,5.6348,25.3833,144000.0,SIMULATED
2026-09-11 10:16:50,76.83333333333333,1,normal_stable_lid_closed,5.5625,25.375,45.0,CLOSED,0.0062,-0.01001,5.5922,5.6245,9.36,LOW,240.0,239.0,240.0,240.0,240.0,0.1875,0.062,0.0,0.0,400000.0,OK,IDLE,5.6362,25.3842,144000.0,SIMULATED
2026-09-11 10:17:00,77.0,1,normal_stable_lid_closed,5.6875,25.375,45.0,CLOSED,0.00608,-0.01091,5.717,5.7483,10.99,LOW,240.0,239.0,240.0,240.0,240.0,0.2292,0.0608,0.0,0.0,400000.0,OK,IDLE,5.6376,25.385,144000.0,SIMULATED
2026-09-11 10:17:10,77.16666666666667,1,normal_stable_lid_closed,5.75,25.375,45.0,CLOSED,0.00643,-0.01211,5.7794,5.8143,11.93,LOW,240.0,239.0,240.0,240.0,240.0,0.25,0.0643,0.0,0.0,400000.0,OK,IDLE,5.639,25.3858,144000.0,SIMULATED
2026-09-11 10:17:20,77.33333333333333,1,normal_stable_lid_closed,5.6875,25.4375,44.0,CLOSED,0.00693,-0.01638,5.7171,5.7568,11.24,LOW,240.0,239.0,240.0,240.0,240.0,0.2292,0.0693,0.0,0.0,400000.0,OK,IDLE,5.6403,25.3867,144000.0,SIMULATED
2026-09-11 10:17:30,77.5,1,normal_stable_lid_closed,5.6875,25.375,45.0,CLOSED,0.00732,-0.01984,5.717,5.7607,11.36,LOW,240.0,239.0,240.0,240.0,240.0,0.2292,0.0732,0.0,0.0,400000.0,OK,IDLE,5.6417,25.3875,144000.0,SIMULATED
2026-09-11 10:17:40,77.66666666666667,1,normal_stable_lid_closed,5.6875,25.4375,45.0,CLOSED,0.00783,-0.01979,5.7171,5.7658,11.51,LOW,240.0,239.0,240.0,240.0,240.0,0.2292,0.0783,0.0,0.0,400000.0,OK,IDLE,5.6431,25.3883,144000.0,SIMULATED
2026-09-11 10:17:50,77.83333333333333,1,normal_stable_lid_closed,5.625,25.375,45.0,CLOSED,0.00804,-0.02014,5.6546,5.7054,10.74,LOW,240.0,239.0,240.0,240.0,240.0,0.2083,0.0804,0.0,0.0,400000.0,OK,IDLE,5.6444,25.3892,144000.0,SIMULATED
2026-09-11 10:18:00,78.0,1,normal_stable_lid_closed,5.625,25.4375,45.0,CLOSED,0.00822,-0.02076,5.6547,5.7072,10.8,LOW,240.0,239.0,240.0,240.0,240.0,0.2083,0.0822,0.0,0.0,400000.0,OK,IDLE,5.6458,25.39,144000.0,SIMULATED
2026-09-11 10:18:10,78.16666666666667,1,normal_stable_lid_closed,5.6875,25.375,45.0,CLOSED,0.00819,-0.02157,5.717,5.7694,11.62,LOW,240.0,239.0,240.0,240.0,240.0,0.2292,0.0819,0.0,0.0,400000.0,OK,IDLE,5.6472,25.3908,144000.0,SIMULATED
2026-09-11 10:18:20,78.33333333333333,1,normal_stable_lid_closed,5.625,25.3125,45.0,CLOSED,0.00819,-0.02253,5.6545,5.7069,10.79,LOW,240.0,239.0,240.0,240.0,240.0,0.2083,0.0819,0.0,0.0,400000.0,OK,IDLE,5.6485,25.3917,144000.0,SIMULATED
2026-09-11 10:18:30,78.5,1,normal_stable_lid_closed,5.625,25.5,45.0,CLOSED,0.00821,-0.02357,5.6548,5.7071,10.8,LOW,240.0,239.0,240.0,240.0,240.0,0.2083,0.0821,0.0,0.0,400000.0,OK,IDLE,5.6499,25.3925,144000.0,SIMULATED
2026-09-11 10:18:40,78.66666666666667,1,normal_stable_lid_closed,5.75,25.4375,44.0,CLOSED,0.00841,-0.02754,5.7795,5.8341,12.52,LOW,240.0,239.0,240.0,240.0,240.0,0.25,0.0841,0.0,0.0,400000.0,OK,IDLE,5.6513,25.3933,144000.0,SIMULATED
2026-09-11 10:18:50,78.83333333333333,1,normal_stable_lid_closed,5.6875,25.375,44.0,CLOSED,0.00855,-0.03051,5.717,5.773,11.73,LOW,240.0,239.0,240.0,240.0,240.0,0.2292,0.0855,0.0,0.0,400000.0,OK,IDLE,5.6527,25.3942,144000.0,SIMULATED
2026-09-11 10:19:00,79.0,1,normal_stable_lid_closed,5.6875,25.375,44.0,CLOSED,0.00862,-0.03554,5.717,5.7737,11.75,LOW,240.0,239.0,240.0,240.0,240.0,0.2292,0.0862,0.0,0.0,400000.0,OK,IDLE,5.654,25.395,144000.0,SIMULATED
2026-09-11 10:19:10,79.16666666666667,1,normal_stable_lid_closed,5.6875,25.3125,45.0,CLOSED,0.00865,-0.03906,5.7169,5.774,11.76,LOW,240.0,239.0,240.0,240.0,240.0,0.2292,0.0865,0.0,0.0,400000.0,OK,IDLE,5.6554,25.3958,144000.0,SIMULATED
2026-09-11 10:19:20,79.33333333333333,1,normal_stable_lid_closed,5.6875,25.375,44.0,CLOSED,0.00881,-0.04438,5.717,5.7756,11.81,LOW,240.0,239.0,240.0,240.0,240.0,0.2292,0.0881,0.0,0.0,400000.0,OK,IDLE,5.6568,25.3967,144000.0,SIMULATED
2026-09-11 10:19:30,79.5,1,normal_stable_lid_closed,5.625,25.4375,45.0,CLOSED,0.00869,-0.04801,5.6547,5.7119,10.94,LOW,240.0,239.0,240.0,240.0,240.0,0.2083,0.0869,0.0,0.0,400000.0,OK,IDLE,5.6581,25.3975,144000.0,SIMULATED
2026-09-11 10:19:40,79.66666666666667,1,normal_stable_lid_closed,5.6875,25.4375,46.0,CLOSED,0.00856,-0.0476,5.7171,5.7731,11.73,LOW,240.0,239.0,240.0,240.0,240.0,0.2292,0.0856,0.0,0.0,400000.0,OK,IDLE,5.6595,25.3983,144000.0,SIMULATED
2026-09-11 10:19:50,79.83333333333333,1,normal_stable_lid_closed,5.6875,25.5,45.0,CLOSED,0.0084,-0.04731,5.7172,5.7715,11.69,LOW,240.0,239.0,240.0,240.0,240.0,0.2292,0.084,0.0,0.0,400000.0,OK,IDLE,5.6609,25.3992,144000.0,SIMULATED
2026-09-11 10:20:00,80.0,1,normal_stable_lid_closed,5.625,25.3125,45.0,CLOSED,0.00822,-0.04711,5.6545,5.7072,10.8,LOW,240.0,239.0,240.0,240.0,240.0,0.2083,0.0822,0.0,0.0,400000.0,OK,IDLE,5.6623,25.4,144000.0,SIMULATED
2026-09-11 10:20:10,80.16666666666667,1,normal_stable_lid_closed,5.625,25.4375,45.0,CLOSED,0.00765,-0.04697,5.6547,5.7015,10.63,LOW,240.0,239.0,240.0,240.0,240.0,0.2083,0.0765,0.0,0.0,400000.0,OK,IDLE,5.6636,25.4008,144000.0,SIMULATED
2026-09-11 10:20:20,80.33333333333333,1,normal_stable_lid_closed,5.6875,25.375,45.0,CLOSED,0.00698,-0.04687,5.717,5.7573,11.26,LOW,240.0,239.0,240.0,240.0,240.0,0.2292,0.0698,0.0,0.0,400000.0,OK,IDLE,5.665,25.4017,144000.0,SIMULATED
2026-09-11 10:20:30,80.5,1,normal_stable_lid_closed,5.625,25.375,44.0,CLOSED,0.00659,-0.04966,5.6546,5.6909,10.31,LOW,240.0,239.0,240.0,240.0,240.0,0.2083,0.0659,0.0,0.0,400000.0,OK,IDLE,5.6664,25.4025,144000.0,SIMULATED
2026-09-11 10:20:40,80.66666666666667,1,normal_stable_lid_closed,5.6875,25.5,45.0,CLOSED,0.00641,-0.05446,5.7172,5.7516,11.09,LOW,240.0,239.0,240.0,240.0,240.0,0.2292,0.0641,0.0,0.0,400000.0,OK,IDLE,5.6677,25.4033,144000.0,SIMULATED
2026-09-11 10:20:50,80.83333333333333,1,normal_stable_lid_closed,5.75,25.4375,45.0,CLOSED,0.00672,-0.05488,5.7795,5.8172,12.01,LOW,240.0,239.0,240.0,240.0,240.0,0.25,0.0672,0.0,0.0,400000.0,OK,IDLE,5.6691,25.4042,144000.0,SIMULATED
2026-09-11 10:21:00,81.0,1,normal_stable_lid_closed,5.75,25.4375,45.0,CLOSED,0.00718,-0.05507,5.7795,5.8218,12.15,LOW,240.0,239.0,240.0,240.0,240.0,0.25,0.0718,0.0,0.0,400000.0,OK,IDLE,5.6705,25.405,144000.0,SIMULATED
2026-09-11 10:21:10,81.16666666666667,1,normal_stable_lid_closed,5.625,25.3125,45.0,CLOSED,0.0072,-0.05216,5.6545,5.697,10.49,LOW,240.0,239.0,240.0,240.0,240.0,0.2083,0.072,0.0,0.0,400000.0,OK,IDLE,5.6719,25.4058,144000.0,SIMULATED
2026-09-11 10:21:20,81.33333333333333,1,normal_stable_lid_closed,5.6875,25.4375,45.0,CLOSED,0.00746,-0.04994,5.7171,5.7621,11.4,LOW,240.0,239.0,240.0,240.0,240.0,0.2292,0.0746,0.0,0.0,400000.0,OK,IDLE,5.6732,25.4067,144000.0,SIMULATED
2026-09-11 10:21:30,81.5,1,normal_stable_lid_closed,5.625,25.375,45.0,CLOSED,0.00714,-0.04819,5.6546,5.6964,10.48,LOW,240.0,239.0,240.0,240.0,240.0,0.2083,0.0714,0.0,0.0,400000.0,OK,IDLE,5.6746,25.4075,144000.0,SIMULATED
2026-09-11 10:21:40,81.66666666666667,1,normal_stable_lid_closed,5.6875,25.375,45.0,CLOSED,0.00696,-0.04382,5.717,5.7571,11.26,LOW,240.0,239.0,240.0,240.0,240.0,0.2292,0.0696,0.0,0.0,400000.0,OK,IDLE,5.676,25.4083,144000.0,SIMULATED
2026-09-11 10:21:50,81.83333333333333,1,normal_stable_lid_closed,5.6875,25.375,45.0,CLOSED,0.00687,-0.04048,5.717,5.7562,11.23,LOW,240.0,239.0,240.0,240.0,240.0,0.2292,0.0687,0.0,0.0,400000.0,OK,IDLE,5.6773,25.4092,144000.0,SIMULATED
2026-09-11 10:22:00,82.0,1,normal_stable_lid_closed,5.625,25.4375,45.0,CLOSED,0.00666,-0.03785,5.6547,5.6916,10.33,LOW,240.0,239.0,240.0,240.0,240.0,0.2083,0.0666,0.0,0.0,400000.0,OK,IDLE,5.6787,25.41,144000.0,SIMULATED
2026-09-11 10:22:10,82.16666666666667,1,normal_stable_lid_closed,5.75,25.5,45.0,CLOSED,0.00672,-0.03278,5.7796,5.8172,12.02,LOW,240.0,239.0,240.0,240.0,240.0,0.25,0.0672,0.0,0.0,400000.0,OK,IDLE,5.6801,25.4108,144000.0,SIMULATED
2026-09-11 10:22:20,82.33333333333333,1,normal_stable_lid_closed,5.625,25.375,45.0,CLOSED,0.00642,-0.02885,5.6546,5.6892,10.26,LOW,240.0,239.0,240.0,240.0,240.0,0.2083,0.0642,0.0,0.0,400000.0,OK,IDLE,5.6814,25.4117,144000.0,SIMULATED
2026-09-11 10:22:30,82.5,1,normal_stable_lid_closed,5.6875,25.3125,44.0,CLOSED,0.0064,-0.02857,5.7169,5.7515,11.09,LOW,240.0,239.0,240.0,240.0,240.0,0.2292,0.064,0.0,0.0,400000.0,OK,IDLE,5.6828,25.4125,144000.0,SIMULATED
2026-09-11 10:22:40,82.66666666666667,1,normal_stable_lid_closed,5.6875,25.5,45.0,CLOSED,0.00622,-0.0279,5.7172,5.7497,11.03,LOW,240.0,239.0,240.0,240.0,240.0,0.2292,0.0622,0.0,0.0,400000.0,OK,IDLE,5.6842,25.4133,144000.0,SIMULATED
2026-09-11 10:22:50,82.83333333333333,1,normal_stable_lid_closed,5.6875,25.4375,45.0,CLOSED,0.00609,-0.02695,5.7171,5.7484,10.99,LOW,240.0,239.0,240.0,240.0,240.0,0.2292,0.0609,0.0,0.0,400000.0,OK,IDLE,5.6856,25.4142,144000.0,SIMULATED
2026-09-11 10:23:00,83.0,1,normal_stable_lid_closed,5.6875,25.4375,45.0,CLOSED,0.00618,-0.02582,5.7171,5.7493,11.02,LOW,240.0,239.0,240.0,240.0,240.0,0.2292,0.0618,0.0,0.0,400000.0,OK,IDLE,5.6869,25.415,144000.0,SIMULATED
2026-09-11 10:23:10,83.16666666666667,1,normal_stable_lid_closed,5.6875,25.375,45.0,CLOSED,0.00623,-0.0275,5.717,5.7498,11.04,LOW,240.0,239.0,240.0,240.0,240.0,0.2292,0.0623,0.0,0.0,400000.0,OK,IDLE,5.6883,25.4158,144000.0,SIMULATED
2026-09-11 10:23:20,83.33333333333333,1,normal_stable_lid_closed,5.625,25.4375,45.0,CLOSED,0.00571,-0.02829,5.6547,5.6821,10.05,LOW,240.0,239.0,240.0,240.0,240.0,0.2083,0.0571,0.0,0.0,400000.0,OK,IDLE,5.6897,25.4167,144000.0,SIMULATED
2026-09-11 10:23:30,83.5,1,normal_stable_lid_closed,5.75,25.5,46.0,CLOSED,0.00551,-0.02561,5.7796,5.8051,11.65,LOW,240.0,239.0,240.0,240.0,240.0,0.25,0.0551,0.0,0.0,400000.0,OK,IDLE,5.691,25.4175,144000.0,SIMULATED
2026-09-11 10:23:40,83.66666666666667,1,normal_stable_lid_closed,5.75,25.5,45.0,CLOSED,0.0055,-0.02345,5.7796,5.805,11.65,LOW,240.0,239.0,240.0,240.0,240.0,0.25,0.055,0.0,0.0,400000.0,OK,IDLE,5.6924,25.4183,144000.0,SIMULATED
2026-09-11 10:23:50,83.83333333333333,1,normal_stable_lid_closed,5.75,25.375,45.0,CLOSED,0.00581,-0.02165,5.7794,5.8081,11.74,LOW,240.0,239.0,240.0,240.0,240.0,0.25,0.0581,0.0,0.0,400000.0,OK,IDLE,5.6938,25.4192,144000.0,SIMULATED
2026-09-11 10:24:00,84.0,1,normal_stable_lid_closed,5.6875,25.5,45.0,CLOSED,0.00616,-0.01715,5.7172,5.7491,11.02,LOW,240.0,239.0,240.0,240.0,240.0,0.2292,0.0616,0.0,0.0,400000.0,OK,IDLE,5.6951,25.42,144000.0,SIMULATED
2026-09-11 10:24:10,84.16666666666667,1,normal_stable_lid_closed,5.75,25.375,45.0,CLOSED,0.00672,-0.01363,5.7794,5.8172,12.02,LOW,240.0,239.0,240.0,240.0,240.0,0.25,0.0672,0.0,0.0,400000.0,OK,IDLE,5.6965,25.4208,144000.0,SIMULATED
2026-09-11 10:24:20,84.33333333333333,1,normal_stable_lid_closed,5.75,25.4375,44.0,CLOSED,0.00723,-0.01363,5.7795,5.8223,12.17,LOW,240.0,239.0,240.0,240.0,240.0,0.25,0.0723,0.0,0.0,400000.0,OK,IDLE,5.6979,25.4217,144000.0,SIMULATED
2026-09-11 10:24:30,84.5,1,normal_stable_lid_closed,5.5625,25.5625,45.0,CLOSED,0.00752,-0.01021,5.5925,5.6377,9.76,LOW,240.0,239.0,240.0,240.0,240.0,0.1875,0.0752,0.0,0.0,400000.0,OK,IDLE,5.6993,25.4225,144000.0,SIMULATED
2026-09-11 10:24:40,84.66666666666667,1,normal_stable_lid_closed,5.6875,25.375,46.0,CLOSED,0.00767,-0.00439,5.717,5.7642,11.47,LOW,240.0,239.0,240.0,240.0,240.0,0.2292,0.0767,0.0,0.0,400000.0,OK,IDLE,5.7006,25.4233,144000.0,SIMULATED
2026-09-11 10:24:50,84.83333333333333,1,normal_stable_lid_closed,5.75,25.4375,45.0,CLOSED,0.00772,0.00017,5.7795,5.8272,12.32,LOW,240.0,239.0,240.0,240.0,240.0,0.25,0.0772,0.0003,0.0,400000.0,OK,IDLE,5.702,25.4242,144000.0,SIMULATED
2026-09-11 10:25:00,85.0,1,normal_stable_lid_closed,5.625,25.375,45.0,CLOSED,0.00749,0.00678,5.6546,5.6999,10.72,LOW,240.0,239.0,240.0,240.0,240.0,0.2083,0.0749,0.0136,0.0,400000.0,OK,IDLE,5.7034,25.425,144000.0,SIMULATED
2026-09-11 10:25:10,85.16666666666667,1,normal_stable_lid_closed,5.75,25.5,44.0,CLOSED,0.00762,0.00912,5.7796,5.8262,12.47,LOW,240.0,239.0,240.0,240.0,240.0,0.25,0.0762,0.0182,0.0,400000.0,OK,IDLE,5.7047,25.4258,144000.0,SIMULATED
2026-09-11 10:25:20,85.33333333333333,1,normal_stable_lid_closed,5.6875,25.5,45.0,CLOSED,0.00781,0.01143,5.7172,5.7656,11.74,LOW,240.0,239.0,240.0,240.0,240.0,0.2292,0.0781,0.0229,0.0,400000.0,OK,IDLE,5.7061,25.4267,144000.0,SIMULATED
2026-09-11 10:25:30,85.5,1,normal_stable_lid_closed,5.75,25.4375,45.0,CLOSED,0.00803,0.01371,5.7795,5.8303,12.68,LOW,240.0,239.0,240.0,240.0,240.0,0.25,0.0803,0.0274,0.0,400000.0,OK,IDLE,5.7075,25.4275,144000.0,SIMULATED
2026-09-11 10:25:40,85.66666666666667,1,normal_stable_lid_closed,5.75,25.5,45.0,CLOSED,0.00809,0.01598,5.7796,5.8309,12.75,LOW,240.0,239.0,240.0,240.0,240.0,0.25,0.0809,0.032,0.0,400000.0,OK,IDLE,5.7088,25.4283,144000.0,SIMULATED
2026-09-11 10:25:50,85.83333333333333,1,normal_stable_lid_closed,5.75,25.4375,45.0,CLOSED,0.00802,0.01823,5.7795,5.8302,12.77,LOW,240.0,239.0,240.0,240.0,240.0,0.25,0.0802,0.0365,0.0,400000.0,OK,IDLE,5.7102,25.4292,144000.0,SIMULATED
2026-09-11 10:26:00,86.0,1,normal_stable_lid_closed,5.75,25.375,45.0,CLOSED,0.00782,0.01752,5.7794,5.8282,12.7,LOW,240.0,239.0,240.0,240.0,240.0,0.25,0.0782,0.035,0.0,400000.0,OK,IDLE,5.7116,25.43,144000.0,SIMULATED
2026-09-11 10:26:10,86.16666666666667,1,normal_stable_lid_closed,5.8125,25.5,45.0,CLOSED,0.00808,0.01759,5.842,5.8933,13.61,LOW,240.0,239.0,240.0,240.0,240.0,0.2708,0.0808,0.0352,0.0,400000.0,OK,IDLE,5.7129,25.4308,144000.0,SIMULATED
2026-09-11 10:26:20,86.33333333333333,1,normal_stable_lid_closed,5.75,25.4375,45.0,CLOSED,0.0081,0.01822,5.7795,5.831,12.79,LOW,240.0,239.0,240.0,240.0,240.0,0.25,0.081,0.0364,0.0,400000.0,OK,IDLE,5.7143,25.4317,144000.0,SIMULATED
2026-09-11 10:26:30,86.5,1,normal_stable_lid_closed,5.6875,25.4375,45.0,CLOSED,0.00811,0.01627,5.7171,5.7686,11.93,LOW,240.0,239.0,240.0,240.0,240.0,0.2292,0.0811,0.0325,0.0,400000.0,OK,IDLE,5.7157,25.4325,144000.0,SIMULATED
2026-09-11 10:26:40,86.66666666666667,1,normal_stable_lid_closed,5.6875,25.4375,45.0,CLOSED,0.00795,0.01834,5.7171,5.767,11.92,LOW,240.0,239.0,240.0,240.0,240.0,0.2292,0.0795,0.0367,0.0,400000.0,OK,IDLE,5.7171,25.4333,144000.0,SIMULATED
2026-09-11 10:26:50,86.83333333333333,1,normal_stable_lid_closed,5.6875,25.5,45.0,CLOSED,0.00764,0.02036,5.7172,5.7639,11.87,LOW,240.0,239.0,240.0,240.0,240.0,0.2292,0.0764,0.0407,0.0,400000.0,OK,IDLE,5.7184,25.4342,144000.0,SIMULATED
2026-09-11 10:27:00,87.0,1,normal_stable_lid_closed,5.75,25.4375,46.0,CLOSED,0.00724,0.0252,5.7795,5.8224,12.68,LOW,240.0,239.0,240.0,240.0,240.0,0.25,0.0724,0.0504,0.0,400000.0,OK,IDLE,5.7198,25.435,144000.0,SIMULATED
2026-09-11 10:27:10,87.16666666666667,1,normal_stable_lid_closed,5.75,25.5,46.0,CLOSED,0.00711,0.03192,5.7796,5.8211,12.77,LOW,240.0,239.0,240.0,240.0,240.0,0.25,0.0711,0.0638,0.0,400000.0,OK,IDLE,5.7212,25.4358,144000.0,SIMULATED
2026-09-11 10:27:20,87.33333333333333,1,normal_stable_lid_closed,5.6875,25.4375,45.0,CLOSED,0.00717,0.037,5.7171,5.7592,12.06,LOW,240.0,239.0,240.0,240.0,240.0,0.2292,0.0717,0.074,0.0,400000.0,OK,IDLE,5.7225,25.4367,144000.0,SIMULATED
2026-09-11 10:27:30,87.5,1,normal_stable_lid_closed,5.75,25.5,45.0,CLOSED,0.00737,0.03799,5.7796,5.8237,12.97,LOW,240.0,239.0,240.0,240.0,240.0,0.25,0.0737,0.076,0.0,400000.0,OK,IDLE,5.7239,25.4375,144000.0,SIMULATED
2026-09-11 10:27:40,87.66666666666667,1,normal_stable_lid_closed,5.75,25.4375,45.0,CLOSED,0.00766,0.03897,5.7795,5.8266,13.08,LOW,240.0,239.0,240.0,240.0,240.0,0.25,0.0766,0.0779,0.0,400000.0,OK,IDLE,5.7253,25.4383,144000.0,SIMULATED
2026-09-11 10:27:50,87.83333333333333,1,normal_stable_lid_closed,5.75,25.5,45.0,CLOSED,0.008,0.03994,5.7796,5.83,13.2,LOW,240.0,239.0,240.0,240.0,240.0,0.25,0.08,0.0799,0.0,400000.0,OK,IDLE,5.7266,25.4392,144000.0,SIMULATED
2026-09-11 10:28:00,88.0,1,normal_stable_lid_closed,5.8125,25.375,45.0,CLOSED,0.00837,0.0409,5.8418,5.8962,14.16,LOW,240.0,239.0,240.0,240.0,240.0,0.2708,0.0837,0.0818,0.0,400000.0,OK,IDLE,5.728,25.44,144000.0,SIMULATED
2026-09-11 10:28:10,88.16666666666667,1,normal_stable_lid_closed,5.75,25.375,45.0,CLOSED,0.00857,0.04186,5.7794,5.8357,13.41,LOW,240.0,239.0,240.0,240.0,240.0,0.25,0.0857,0.0837,0.0,400000.0,OK,IDLE,5.7294,25.4408,144000.0,SIMULATED
2026-09-11 10:28:20,88.33333333333333,1,normal_stable_lid_closed,5.8125,25.4375,45.0,CLOSED,0.00899,0.04282,5.8419,5.9024,14.39,LOW,240.0,239.0,240.0,240.0,240.0,0.2708,0.0899,0.0856,0.0,400000.0,OK,IDLE,5.7307,25.4417,144000.0,SIMULATED
2026-09-11 10:28:30,88.5,1,normal_stable_lid_closed,5.75,25.4375,45.0,CLOSED,0.0092,0.04378,5.7795,5.842,13.63,LOW,240.0,239.0,240.0,240.0,240.0,0.25,0.092,0.0876,0.0,400000.0,OK,IDLE,5.7321,25.4425,144000.0,SIMULATED
2026-09-11 10:28:40,88.66666666666667,1,normal_stable_lid_closed,5.8125,25.4375,46.0,CLOSED,0.00942,0.04759,5.8419,5.9067,14.61,LOW,240.0,239.0,240.0,240.0,240.0,0.2708,0.0942,0.0952,0.0,400000.0,OK,IDLE,5.7335,25.4433,144000.0,SIMULATED
2026-09-11 10:28:50,88.83333333333333,1,normal_stable_lid_closed,5.75,25.375,45.0,CLOSED,0.00982,0.04749,5.7794,5.8482,13.9,LOW,240.0,239.0,240.0,240.0,240.0,0.25,0.0982,0.095,0.0,400000.0,OK,IDLE,5.7348,25.4442,144000.0,SIMULATED
2026-09-11 10:29:00,89.0,1,normal_stable_lid_closed,5.8125,25.4375,45.0,CLOSED,0.01035,0.04457,5.8419,5.916,14.83,LOW,240.0,239.0,240.0,240.0,240.0,0.2708,0.1035,0.0891,0.0,400000.0,OK,IDLE,5.7362,25.445,144000.0,SIMULATED
2026-09-11 10:29:10,89.16666666666667,1,normal_stable_lid_closed,5.6875,25.5,45.0,CLOSED,0.01059,0.03958,5.7172,5.7934,13.14,LOW,240.0,239.0,240.0,240.0,240.0,0.2292,0.1059,0.0792,0.0,400000.0,OK,IDLE,5.7376,25.4458,144000.0,SIMULATED
2026-09-11 10:29:20,89.33333333333333,1,normal_stable_lid_closed,5.8125,25.375,45.0,CLOSED,0.011,0.03599,5.8418,5.9225,14.85,LOW,240.0,239.0,240.0,240.0,240.0,0.2708,0.11,0.072,0.0,400000.0,OK,IDLE,5.739,25.4467,144000.0,SIMULATED
2026-09-11 10:29:30,89.5,1,normal_stable_lid_closed,5.75,25.4375,45.0,CLOSED,0.01132,0.03043,5.7795,5.8632,14.0,LOW,240.0,239.0,240.0,240.0,240.0,0.25,0.1132,0.0609,0.0,400000.0,OK,IDLE,5.7403,25.4475,144000.0,SIMULATED
2026-09-11 10:29:40,89.66666666666667,1,normal_stable_lid_closed,5.75,25.5,45.0,CLOSED,0.0114,0.02634,5.7796,5.864,13.95,LOW,240.0,239.0,240.0,240.0,240.0,0.25,0.114,0.0527,0.0,400000.0,OK,IDLE,5.7417,25.4483,144000.0,SIMULATED
2026-09-11 10:29:50,89.83333333333333,1,normal_stable_lid_closed,5.6875,25.4375,45.0,CLOSED,0.0113,0.02625,5.7171,5.8005,13.08,LOW,240.0,239.0,240.0,240.0,240.0,0.2292,0.113,0.0525,0.0,400000.0,OK,IDLE,5.7431,25.4492,144000.0,SIMULATED
2026-09-11 10:30:00,90.0,1,normal_stable_lid_closed,5.75,25.4375,45.0,CLOSED,0.01125,0.02608,5.7795,5.8625,13.9,LOW,240.0,239.0,240.0,240.0,240.0,0.25,0.1125,0.0522,0.0,400000.0,OK,IDLE,5.7444,25.45,144000.0,SIMULATED
2026-09-11 10:30:10,90.16666666666667,1,normal_stable_lid_closed,5.8125,25.4375,45.0,CLOSED,0.01123,0.02587,5.8419,5.9248,14.72,LOW,240.0,239.0,240.0,240.0,240.0,0.2708,0.1123,0.0517,0.0,400000.0,OK,IDLE,5.7458,25.4508,144000.0,SIMULATED
2026-09-11 10:30:20,90.33333333333333,1,normal_stable_lid_closed,5.75,25.4375,45.0,CLOSED,0.01103,0.02563,5.7795,5.8603,13.82,LOW,240.0,239.0,240.0,240.0,240.0,0.25,0.1103,0.0513,0.0,400000.0,OK,IDLE,5.7472,25.4517,144000.0,SIMULATED
2026-09-11 10:30:30,90.5,1,normal_stable_lid_closed,5.75,25.375,45.0,CLOSED,0.01088,0.02537,5.7794,5.8588,13.77,LOW,240.0,239.0,240.0,240.0,240.0,0.25,0.1088,0.0507,0.0,400000.0,OK,IDLE,5.7485,25.4525,144000.0,SIMULATED
2026-09-11 10:30:40,90.66666666666667,1,normal_stable_lid_closed,5.8125,25.4375,45.0,CLOSED,0.01075,0.02213,5.8419,5.92,14.5,LOW,240.0,239.0,240.0,240.0,240.0,0.2708,0.1075,0.0443,0.0,400000.0,OK,IDLE,5.7499,25.4533,144000.0,SIMULATED
2026-09-11 10:30:50,90.83333333333333,1,normal_stable_lid_closed,5.75,25.375,45.0,CLOSED,0.01063,0.01968,5.7794,5.8563,13.58,LOW,240.0,239.0,240.0,240.0,240.0,0.25,0.1063,0.0394,0.0,400000.0,OK,IDLE,5.7513,25.4542,144000.0,SIMULATED
2026-09-11 10:31:00,91.0,1,normal_stable_lid_closed,5.6875,25.5,45.0,CLOSED,0.0105,0.01778,5.7172,5.7925,12.67,LOW,240.0,239.0,240.0,240.0,240.0,0.2292,0.105,0.0356,0.0,400000.0,OK,IDLE,5.7526,25.455,144000.0,SIMULATED
2026-09-11 10:31:10,91.16666666666667,1,normal_stable_lid_closed,5.8125,25.375,45.0,CLOSED,0.01074,0.01625,5.8418,5.9199,14.38,LOW,240.0,239.0,240.0,240.0,240.0,0.2708,0.1074,0.0325,0.0,400000.0,OK,IDLE,5.754,25.4558,144000.0,SIMULATED
2026-09-11 10:31:20,91.33333333333333,1,normal_stable_lid_closed,5.75,25.5,45.0,CLOSED,0.01068,0.01499,5.7796,5.8568,13.51,LOW,240.0,239.0,240.0,240.0,240.0,0.25,0.1068,0.03,0.0,400000.0,OK,IDLE,5.7554,25.4567,144000.0,SIMULATED
2026-09-11 10:31:30,91.5,1,normal_stable_lid_closed,5.75,25.4375,45.0,CLOSED,0.01059,0.01392,5.7795,5.8559,13.46,LOW,240.0,239.0,240.0,240.0,240.0,0.25,0.1059,0.0278,0.0,400000.0,OK,IDLE,5.7567,25.4575,144000.0,SIMULATED
2026-09-11 10:31:40,91.66666666666667,1,normal_stable_lid_closed,5.875,25.375,45.0,CLOSED,0.01064,0.01298,5.9042,5.9814,15.12,LOW,240.0,239.0,240.0,240.0,240.0,0.2917,0.1064,0.026,0.0,400000.0,OK,IDLE,5.7581,25.4583,144000.0,SIMULATED
2026-09-11 10:31:50,91.83333333333333,1,normal_stable_lid_closed,5.75,25.5,45.0,CLOSED,0.01059,0.01213,5.7796,5.8559,13.42,LOW,240.0,239.0,240.0,240.0,240.0,0.25,0.1059,0.0243,0.0,400000.0,OK,IDLE,5.7595,25.4592,144000.0,SIMULATED
2026-09-11 10:32:00,92.0,1,normal_stable_lid_closed,5.75,25.5625,45.0,CLOSED,0.01046,0.01135,5.7797,5.8546,13.37,LOW,240.0,239.0,240.0,240.0,240.0,0.25,0.1046,0.0227,0.0,400000.0,OK,IDLE,5.7608,25.46,144000.0,SIMULATED
2026-09-11 10:32:10,92.16666666666667,1,normal_stable_lid_closed,5.8125,25.5,45.0,CLOSED,0.01028,0.01061,5.842,5.9153,14.13,LOW,240.0,239.0,240.0,240.0,240.0,0.2708,0.1028,0.0212,0.0,400000.0,OK,IDLE,5.7622,25.4608,144000.0,SIMULATED
2026-09-11 10:32:20,92.33333333333333,1,normal_stable_lid_closed,5.875,25.5,45.0,CLOSED,0.01057,0.0099,5.9044,5.9807,15.04,LOW,240.0,239.0,240.0,240.0,240.0,0.2917,0.1057,0.0198,0.0,400000.0,OK,IDLE,5.7636,25.4617,144000.0,SIMULATED
2026-09-11 10:32:30,92.5,1,normal_stable_lid_closed,5.875,25.4375,45.0,CLOSED,0.01083,0.00922,5.9043,5.9833,15.1,LOW,240.0,239.0,240.0,240.0,240.0,0.2917,0.1083,0.0184,0.0,400000.0,OK,IDLE,5.765,25.4625,144000.0,SIMULATED
2026-09-11 10:32:40,92.66666666666667,1,normal_stable_lid_closed,5.75,25.4375,45.0,CLOSED,0.01086,0.00559,5.7795,5.8586,13.37,LOW,240.0,239.0,240.0,240.0,240.0,0.25,0.1086,0.0112,0.0,400000.0,OK,IDLE,5.7663,25.4633,144000.0,SIMULATED
2026-09-11 10:32:50,92.83333333333333,1,normal_stable_lid_closed,5.75,25.4375,44.0,CLOSED,0.01072,-8e-05,5.7795,5.8572,13.22,LOW,240.0,239.0,240.0,240.0,240.0,0.25,0.1072,0.0,0.0,400000.0,OK,IDLE,5.7677,25.4642,144000.0,SIMULATED
2026-09-11 10:33:00,93.0,1,normal_stable_lid_closed,5.8125,25.5,45.0,CLOSED,0.01065,-0.00425,5.842,5.919,14.03,LOW,240.0,239.0,240.0,240.0,240.0,0.2708,0.1065,0.0,0.0,400000.0,OK,IDLE,5.7691,25.465,144000.0,SIMULATED
2026-09-11 10:33:10,93.16666666666667,1,normal_stable_lid_closed,5.6875,25.4375,45.0,CLOSED,0.01024,-0.00735,5.7171,5.7899,12.24,LOW,240.0,239.0,240.0,240.0,240.0,0.2292,0.1024,0.0,0.0,400000.0,OK,IDLE,5.7704,25.4658,144000.0,SIMULATED
2026-09-11 10:33:20,93.33333333333333,1,normal_stable_lid_closed,5.75,25.5,45.0,CLOSED,0.00979,-0.00971,5.7796,5.8479,12.94,LOW,240.0,239.0,240.0,240.0,240.0,0.25,0.0979,0.0,0.0,400000.0,OK,IDLE,5.7718,25.4667,144000.0,SIMULATED
2026-09-11 10:33:30,93.5,1,normal_stable_lid_closed,5.8125,25.4375,45.0,CLOSED,0.00928,-0.01156,5.8419,5.9053,13.62,LOW,240.0,239.0,240.0,240.0,240.0,0.2708,0.0928,0.0,0.0,400000.0,OK,IDLE,5.7732,25.4675,144000.0,SIMULATED
2026-09-11 10:33:40,93.66666666666667,1,normal_stable_lid_closed,5.75,25.5,45.0,CLOSED,0.00892,-0.01009,5.7796,5.8392,12.68,LOW,240.0,239.0,240.0,240.0,240.0,0.25,0.0892,0.0,0.0,400000.0,OK,IDLE,5.7745,25.4683,144000.0,SIMULATED
2026-09-11 10:33:50,93.83333333333333,1,normal_stable_lid_closed,5.75,25.4375,45.0,CLOSED,0.00865,-0.00916,5.7795,5.8365,12.6,LOW,240.0,239.0,240.0,240.0,240.0,0.25,0.0865,0.0,0.0,400000.0,OK,IDLE,5.7759,25.4692,144000.0,SIMULATED
2026-09-11 10:34:00,94.0,1,normal_stable_lid_closed,5.8125,25.5,45.0,CLOSED,0.00863,-0.0086,5.842,5.8988,13.42,LOW,240.0,239.0,240.0,240.0,240.0,0.2708,0.0863,0.0,0.0,400000.0,OK,IDLE,5.7773,25.47,144000.0,SIMULATED
2026-09-11 10:34:10,94.16666666666667,1,normal_stable_lid_closed,5.8125,25.5625,45.0,CLOSED,0.0086,-0.0083,5.8421,5.8985,13.41,LOW,240.0,239.0,240.0,240.0,240.0,0.2708,0.086,0.0,0.0,400000.0,OK,IDLE,5.7786,25.4708,144000.0,SIMULATED
2026-09-11 10:34:20,94.33333333333333,1,normal_stable_lid_closed,5.75,25.4375,44.0,CLOSED,0.00854,-0.01105,5.7795,5.8354,12.56,LOW,240.0,239.0,240.0,240.0,240.0,0.25,0.0854,0.0,0.0,400000.0,OK,IDLE,5.78,25.4717,144000.0,SIMULATED
2026-09-11 10:34:30,94.5,1,normal_stable_lid_closed,5.8125,25.4375,45.0,CLOSED,0.00865,-0.01592,5.8419,5.899,13.43,LOW,240.0,239.0,240.0,240.0,240.0,0.2708,0.0865,0.0,0.0,400000.0,OK,IDLE,5.7814,25.4725,144000.0,SIMULATED
2026-09-11 10:34:40,94.66666666666667,1,normal_stable_lid_closed,5.75,25.5,44.0,CLOSED,0.00814,-0.02228,5.7796,5.8314,12.44,LOW,240.0,239.0,240.0,240.0,240.0,0.25,0.0814,0.0,0.0,400000.0,OK,IDLE,5.7827,25.4733,144000.0,SIMULATED
2026-09-11 10:34:50,94.83333333333333,1,normal_stable_lid_closed,5.8125,25.5,45.0,CLOSED,0.00772,-0.02378,5.842,5.8897,13.15,LOW,240.0,239.0,240.0,240.0,240.0,0.2708,0.0772,0.0,0.0,400000.0,OK,IDLE,5.7841,25.4742,144000.0,SIMULATED
2026-09-11 10:35:00,95.0,1,normal_stable_lid_closed,5.875,25.4375,45.0,CLOSED,0.00772,-0.02474,5.9043,5.9522,13.98,LOW,240.0,239.0,240.0,240.0,240.0,0.2917,0.0772,0.0,0.0,400000.0,OK,IDLE,5.7855,25.475,144000.0,SIMULATED
2026-09-11 10:35:10,95.16666666666667,1,normal_stable_lid_closed,5.8125,25.4375,45.0,CLOSED,0.00745,-0.02531,5.8419,5.887,13.07,LOW,240.0,239.0,240.0,240.0,240.0,0.2708,0.0745,0.0,0.0,400000.0,OK,IDLE,5.7868,25.4758,144000.0,SIMULATED
2026-09-11 10:35:20,95.33333333333333,1,normal_stable_lid_closed,5.75,25.4375,44.0,CLOSED,0.00717,-0.03143,5.7795,5.8217,12.15,LOW,240.0,239.0,240.0,240.0,240.0,0.25,0.0717,0.0,0.0,400000.0,OK,IDLE,5.7882,25.4767,144000.0,SIMULATED
2026-09-11 10:35:30,95.5,1,normal_stable_lid_closed,5.875,25.5,45.0,CLOSED,0.00704,-0.03561,5.9044,5.9454,13.78,LOW,240.0,239.0,240.0,240.0,240.0,0.2917,0.0704,0.0,0.0,400000.0,OK,IDLE,5.7896,25.4775,144000.0,SIMULATED
2026-09-11 10:35:40,95.66666666666667,1,normal_stable_lid_closed,5.8125,25.5,45.0,CLOSED,0.00703,-0.03844,5.842,5.8828,12.94,LOW,240.0,239.0,240.0,240.0,240.0,0.2708,0.0703,0.0,0.0,400000.0,OK,IDLE,5.7909,25.4783,144000.0,SIMULATED
2026-09-11 10:35:50,95.83333333333333,1,normal_stable_lid_closed,5.75,25.5625,45.0,CLOSED,0.00689,-0.04033,5.7797,5.8189,12.07,LOW,240.0,239.0,240.0,240.0,240.0,0.25,0.0689,0.0,0.0,400000.0,OK,IDLE,5.7923,25.4792,144000.0,SIMULATED
2026-09-11 10:36:00,96.0,1,normal_stable_lid_closed,5.75,25.5,45.0,CLOSED,0.00668,-0.04156,5.7796,5.8168,12.0,LOW,240.0,239.0,240.0,240.0,240.0,0.25,0.0668,0.0,0.0,400000.0,OK,IDLE,5.7937,25.48,144000.0,SIMULATED
2026-09-11 10:36:10,96.16666666666667,1,normal_stable_lid_closed,5.8125,25.5,45.0,CLOSED,0.00659,-0.04232,5.842,5.8784,12.81,LOW,240.0,239.0,240.0,240.0,240.0,0.2708,0.0659,0.0,0.0,400000.0,OK,IDLE,5.795,25.4808,144000.0,SIMULATED
2026-09-11 10:36:20,96.33333333333333,1,normal_stable_lid_closed,5.75,25.5625,45.0,CLOSED,0.00659,-0.04276,5.7797,5.8159,11.98,LOW,240.0,239.0,240.0,240.0,240.0,0.25,0.0659,0.0,0.0,400000.0,OK,IDLE,5.7964,25.4817,144000.0,SIMULATED
2026-09-11 10:36:30,96.5,1,normal_stable_lid_closed,5.875,25.375,45.0,CLOSED,0.00683,-0.04297,5.9042,5.9433,13.71,LOW,240.0,239.0,240.0,240.0,240.0,0.2917,0.0683,0.0,0.0,400000.0,OK,IDLE,5.7978,25.4825,144000.0,SIMULATED
2026-09-11 10:36:40,96.66666666666667,1,normal_stable_lid_closed,5.8125,25.5625,45.0,CLOSED,0.00685,-0.04303,5.8421,5.881,12.89,LOW,240.0,239.0,240.0,240.0,240.0,0.2708,0.0685,0.0,0.0,400000.0,OK,IDLE,5.7991,25.4833,144000.0,SIMULATED
2026-09-11 10:36:50,96.83333333333333,1,normal_stable_lid_closed,5.75,25.625,45.0,CLOSED,0.00655,-0.04297,5.7798,5.8155,11.96,LOW,240.0,239.0,240.0,240.0,240.0,0.25,0.0655,0.0,0.0,400000.0,OK,IDLE,5.8005,25.4842,144000.0,SIMULATED
2026-09-11 10:37:00,97.0,1,normal_stable_lid_closed,5.8125,25.4375,46.0,CLOSED,0.00618,-0.03998,5.8419,5.8743,12.69,LOW,240.0,239.0,240.0,240.0,240.0,0.2708,0.0618,0.0,0.0,400000.0,OK,IDLE,5.8019,25.485,144000.0,SIMULATED
2026-09-11 10:37:10,97.16666666666667,1,normal_stable_lid_closed,5.875,25.5,45.0,CLOSED,0.00611,-0.03493,5.9044,5.9361,13.5,LOW,240.0,239.0,240.0,240.0,240.0,0.2917,0.0611,0.0,0.0,400000.0,OK,IDLE,5.8032,25.4858,144000.0,SIMULATED
2026-09-11 10:37:20,97.33333333333333,1,normal_stable_lid_closed,5.6875,25.5,45.0,CLOSED,0.00572,-0.02836,5.7172,5.7447,10.88,LOW,240.0,239.0,240.0,240.0,240.0,0.2292,0.0572,0.0,0.0,400000.0,OK,IDLE,5.8046,25.4867,144000.0,SIMULATED
2026-09-11 10:37:30,97.5,1,normal_stable_lid_closed,5.8125,25.5,44.0,CLOSED,0.00527,-0.02642,5.842,5.8652,12.41,LOW,240.0,239.0,240.0,240.0,240.0,0.2708,0.0527,0.0,0.0,400000.0,OK,IDLE,5.806,25.4875,144000.0,SIMULATED
2026-09-11 10:37:40,97.66666666666667,1,normal_stable_lid_closed,5.6875,25.5,45.0,CLOSED,0.0046,-0.02477,5.7172,5.7335,10.55,LOW,240.0,239.0,240.0,240.0,240.0,0.2292,0.046,0.0,0.0,400000.0,OK,IDLE,5.8073,25.4883,144000.0,SIMULATED
2026-09-11 10:37:50,97.83333333333333,1,normal_stable_lid_closed,5.8125,25.5,46.0,CLOSED,0.00414,-0.02048,5.842,5.8539,12.07,LOW,240.0,239.0,240.0,240.0,240.0,0.2708,0.0414,0.0,0.0,400000.0,OK,IDLE,5.8087,25.4892,144000.0,SIMULATED
2026-09-11 10:38:00,98.0,1,normal_stable_lid_closed,5.8125,25.5625,45.0,CLOSED,0.00381,-0.01729,5.8421,5.8506,11.98,LOW,240.0,239.0,240.0,240.0,240.0,0.2708,0.0381,0.0,0.0,400000.0,OK,IDLE,5.8101,25.49,144000.0,SIMULATED
2026-09-11 10:38:10,98.16666666666667,1,normal_stable_lid_closed,5.75,25.375,46.0,CLOSED,0.00358,-0.01201,5.7794,5.7858,11.08,LOW,240.0,239.0,240.0,240.0,240.0,0.25,0.0358,0.0,0.0,400000.0,OK,IDLE,5.8114,25.4908,144000.0,SIMULATED
2026-09-11 10:38:20,98.33333333333333,1,normal_stable_lid_closed,5.75,25.5625,45.0,CLOSED,0.00325,-0.00821,5.7797,5.7825,10.97,LOW,240.0,239.0,240.0,240.0,240.0,0.25,0.0325,0.0,0.0,400000.0,OK,IDLE,5.8128,25.4917,144000.0,SIMULATED
2026-09-11 10:38:30,98.5,1,normal_stable_lid_closed,5.75,25.5,45.0,CLOSED,0.00302,-0.00546,5.7796,5.7802,10.9,LOW,240.0,239.0,240.0,240.0,240.0,0.25,0.0302,0.0,0.0,400000.0,OK,IDLE,5.8142,25.4925,144000.0,SIMULATED
2026-09-11 10:38:40,98.66666666666667,1,normal_stable_lid_closed,5.8125,25.4375,45.0,CLOSED,0.00286,-0.00344,5.8419,5.8411,11.69,LOW,240.0,239.0,240.0,240.0,240.0,0.2708,0.0286,0.0,0.0,400000.0,OK,IDLE,5.8155,25.4933,144000.0,SIMULATED
2026-09-11 10:38:50,98.83333333333333,1,normal_stable_lid_closed,5.8125,25.625,45.0,CLOSED,0.00294,0.00102,5.8422,5.8419,11.73,LOW,240.0,239.0,240.0,240.0,240.0,0.2708,0.0294,0.002,0.0,400000.0,OK,IDLE,5.8169,25.4942,144000.0,SIMULATED
2026-09-11 10:39:00,99.0,1,normal_stable_lid_closed,5.875,25.5,44.0,CLOSED,0.00317,0.00147,5.9044,5.9067,12.65,LOW,240.0,239.0,240.0,240.0,240.0,0.2917,0.0317,0.0029,0.0,400000.0,OK,IDLE,5.8183,25.495,144000.0,SIMULATED
2026-09-11 10:39:10,99.16666666666667,1,normal_stable_lid_closed,5.875,25.5,45.0,CLOSED,0.00368,0.00208,5.9044,5.9118,12.81,LOW,240.0,239.0,240.0,240.0,240.0,0.2917,0.0368,0.0042,0.0,400000.0,OK,IDLE,5.8196,25.4958,144000.0,SIMULATED
2026-09-11 10:39:20,99.33333333333333,1,normal_stable_lid_closed,5.875,25.5,46.0,CLOSED,0.00402,0.00564,5.9044,5.9152,12.98,LOW,240.0,239.0,240.0,240.0,240.0,0.2917,0.0402,0.0113,0.0,400000.0,OK,IDLE,5.821,25.4967,144000.0,SIMULATED
2026-09-11 10:39:30,99.5,1,normal_stable_lid_closed,5.8125,25.5,44.0,CLOSED,0.0044,0.00547,5.842,5.8565,12.26,LOW,240.0,239.0,240.0,240.0,240.0,0.2708,0.044,0.0109,0.0,400000.0,OK,IDLE,5.8224,25.4975,144000.0,SIMULATED
2026-09-11 10:39:40,99.66666666666667,1,normal_stable_lid_closed,5.8125,25.5,44.0,CLOSED,0.00463,0.00278,5.842,5.8588,12.28,LOW,240.0,239.0,240.0,240.0,240.0,0.2708,0.0463,0.0056,0.0,400000.0,OK,IDLE,5.8237,25.4983,144000.0,SIMULATED
2026-09-11 10:39:50,99.83333333333333,1,normal_stable_lid_closed,5.8125,25.4375,45.0,CLOSED,0.00475,0.00128,5.8419,5.86,12.29,LOW,240.0,239.0,240.0,240.0,240.0,0.2708,0.0475,0.0026,0.0,400000.0,OK,IDLE,5.8251,25.4992,144000.0,SIMULATED
2026-09-11 10:40:00,100.0,1,normal_stable_lid_closed,5.875,25.4375,45.0,CLOSED,0.00479,0.00061,5.9043,5.9229,13.11,LOW,240.0,239.0,240.0,240.0,240.0,0.2917,0.0479,0.0012,0.0,400000.0,OK,IDLE,5.8265,25.5,144000.0,SIMULATED
2026-09-11 10:40:10,100.16666666666667,1,normal_stable_lid_closed,5.75,25.5625,45.0,CLOSED,0.00456,0.00052,5.7797,5.7956,11.38,LOW,240.0,239.0,240.0,240.0,240.0,0.25,0.0456,0.001,0.0,400000.0,OK,IDLE,5.8278,25.5008,144000.0,SIMULATED
2026-09-11 10:40:20,100.33333333333333,1,normal_stable_lid_closed,5.8125,25.5,45.0,CLOSED,0.00453,0.00084,5.842,5.8578,12.21,LOW,240.0,239.0,240.0,240.0,240.0,0.2708,0.0453,0.0017,0.0,400000.0,OK,IDLE,5.8292,25.5017,144000.0,SIMULATED
2026-09-11 10:40:30,100.5,1,normal_stable_lid_closed,5.75,25.5625,45.0,CLOSED,0.00426,0.00145,5.7797,5.7926,11.31,LOW,240.0,239.0,240.0,240.0,240.0,0.25,0.0426,0.0029,0.0,400000.0,OK,IDLE,5.8306,25.5025,144000.0,SIMULATED
2026-09-11 10:40:40,100.66666666666667,1,normal_stable_lid_closed,5.8125,25.4375,46.0,CLOSED,0.004,0.00511,5.8419,5.8525,12.14,LOW,240.0,239.0,240.0,240.0,240.0,0.2708,0.04,0.0102,0.0,400000.0,OK,IDLE,5.8319,25.5033,144000.0,SIMULATED
2026-09-11 10:40:50,100.83333333333333,1,normal_stable_lid_closed,5.9375,25.4375,45.0,CLOSED,0.0043,0.00795,5.9667,5.9805,13.95,LOW,240.0,239.0,240.0,240.0,240.0,0.3125,0.043,0.0159,0.0,400000.0,OK,IDLE,5.8333,25.5042,144000.0,SIMULATED
2026-09-11 10:41:00,101.0,1,normal_stable_lid_closed,5.8125,25.5625,45.0,CLOSED,0.00442,0.01023,5.8421,5.8567,12.36,LOW,240.0,239.0,240.0,240.0,240.0,0.2708,0.0442,0.0205,0.0,400000.0,OK,IDLE,5.8347,25.505,144000.0,SIMULATED
2026-09-11 10:41:10,101.16666666666667,1,normal_stable_lid_closed,5.9375,25.5,45.0,CLOSED,0.00459,0.01211,5.9668,5.9834,14.12,LOW,240.0,239.0,240.0,240.0,240.0,0.3125,0.0459,0.0242,0.0,400000.0,OK,IDLE,5.836,25.5058,144000.0,SIMULATED
2026-09-11 10:41:20,101.33333333333333,1,normal_stable_lid_closed,5.8125,25.5,46.0,CLOSED,0.00477,0.01657,5.842,5.8602,12.6,LOW,240.0,239.0,240.0,240.0,240.0,0.2708,0.0477,0.0331,0.0,400000.0,OK,IDLE,5.8374,25.5067,144000.0,SIMULATED
2026-09-11 10:41:30,101.5,1,normal_stable_lid_closed,5.8125,25.5,45.0,CLOSED,0.00479,0.01988,5.842,5.8604,12.67,LOW,240.0,239.0,240.0,240.0,240.0,0.2708,0.0479,0.0398,0.0,400000.0,OK,IDLE,5.8388,25.5075,144000.0,SIMULATED
2026-09-11 10:41:40,101.66666666666667,1,normal_stable_lid_closed,5.8125,25.5625,45.0,CLOSED,0.00469,0.02239,5.8421,5.8594,12.69,LOW,240.0,239.0,240.0,240.0,240.0,0.2708,0.0469,0.0448,0.0,400000.0,OK,IDLE,5.8401,25.5083,144000.0,SIMULATED
2026-09-11 10:41:50,101.83333333333333,1,normal_stable_lid_closed,5.875,25.5625,45.0,CLOSED,0.00504,0.02433,5.9045,5.9254,13.66,LOW,240.0,239.0,240.0,240.0,240.0,0.2917,0.0504,0.0487,0.0,400000.0,OK,IDLE,5.8415,25.5092,144000.0,SIMULATED
2026-09-11 10:42:00,102.0,1,normal_stable_lid_closed,5.8125,25.5,45.0,CLOSED,0.00516,0.02589,5.842,5.8641,12.9,LOW,240.0,239.0,240.0,240.0,240.0,0.2708,0.0516,0.0518,0.0,400000.0,OK,IDLE,5.8429,25.51,144000.0,SIMULATED
2026-09-11 10:42:10,102.16666666666667,1,normal_stable_lid_closed,5.8125,25.5625,45.0,CLOSED,0.00511,0.02716,5.8421,5.8636,12.91,LOW,240.0,239.0,240.0,240.0,240.0,0.2708,0.0511,0.0543,0.0,400000.0,OK,IDLE,5.8442,25.5108,144000.0,SIMULATED
2026-09-11 10:42:20,102.33333333333333,1,normal_stable_lid_closed,5.875,25.5,45.0,CLOSED,0.0053,0.02825,5.9044,5.928,13.82,LOW,240.0,239.0,240.0,240.0,240.0,0.2917,0.053,0.0565,0.0,400000.0,OK,IDLE,5.8456,25.5117,144000.0,SIMULATED
2026-09-11 10:42:30,102.5,1,normal_stable_lid_closed,5.9375,25.4375,45.0,CLOSED,0.00602,0.0292,5.9667,5.9977,14.89,LOW,240.0,239.0,240.0,240.0,240.0,0.3125,0.0602,0.0584,0.0,400000.0,OK,IDLE,5.847,25.5125,144000.0,SIMULATED
2026-09-11 10:42:40,102.66666666666667,1,normal_stable_lid_closed,5.8125,25.4375,45.0,CLOSED,0.00674,0.03005,5.8419,5.8799,13.46,LOW,240.0,239.0,240.0,240.0,240.0,0.2708,0.0674,0.0601,0.0,400000.0,OK,IDLE,5.8483,25.5133,144000.0,SIMULATED
2026-09-11 10:42:50,102.83333333333333,1,normal_stable_lid_closed,5.8125,25.5,45.0,CLOSED,0.0071,0.03084,5.842,5.8835,13.58,LOW,240.0,239.0,240.0,240.0,240.0,0.2708,0.071,0.0617,0.0,400000.0,OK,IDLE,5.8497,25.5142,144000.0,SIMULATED
2026-09-11 10:43:00,103.0,1,normal_stable_lid_closed,5.8125,25.5625,45.0,CLOSED,0.00721,0.02863,5.8421,5.8846,13.57,LOW,240.0,239.0,240.0,240.0,240.0,0.2708,0.0721,0.0573,0.0,400000.0,OK,IDLE,5.8511,25.515,144000.0,SIMULATED
2026-09-11 10:43:10,103.16666666666667,1,normal_stable_lid_closed,5.875,25.4375,45.0,CLOSED,0.00749,0.02718,5.9043,5.9499,14.46,LOW,240.0,239.0,240.0,240.0,240.0,0.2917,0.0749,0.0544,0.0,400000.0,OK,IDLE,5.8524,25.5158,144000.0,SIMULATED
2026-09-11 10:43:20,103.33333333333333,1,normal_stable_lid_closed,5.8125,25.5,45.0,CLOSED,0.00734,0.02626,5.842,5.8859,13.56,LOW,240.0,239.0,240.0,240.0,240.0,0.2708,0.0734,0.0525,0.0,400000.0,OK,IDLE,5.8538,25.5167,144000.0,SIMULATED
2026-09-11 10:43:30,103.5,1,normal_stable_lid_closed,5.875,25.5,45.0,CLOSED,0.00725,0.02571,5.9044,5.9475,14.36,LOW,240.0,239.0,240.0,240.0,240.0,0.2917,0.0725,0.0514,0.0,400000.0,OK,IDLE,5.8551,25.5175,144000.0,SIMULATED
2026-09-11 10:43:40,103.66666666666667,1,normal_stable_lid_closed,5.9375,25.5625,45.0,CLOSED,0.00754,0.02542,5.9669,6.0129,15.27,LOW,240.0,239.0,240.0,240.0,240.0,0.3125,0.0754,0.0508,0.0,400000.0,OK,IDLE,5.8565,25.5183,144000.0,SIMULATED
2026-09-11 10:43:50,103.83333333333333,1,normal_stable_lid_closed,5.875,25.5,45.0,CLOSED,0.00772,0.02532,5.9044,5.9522,14.49,LOW,240.0,239.0,240.0,240.0,240.0,0.2917,0.0772,0.0506,0.0,400000.0,OK,IDLE,5.8579,25.5192,144000.0,SIMULATED
2026-09-11 10:44:00,104.0,1,normal_stable_lid_closed,5.8125,25.625,45.0,CLOSED,0.00764,0.02534,5.8422,5.8889,13.63,LOW,240.0,239.0,240.0,240.0,240.0,0.2708,0.0764,0.0507,0.0,400000.0,OK,IDLE,5.8592,25.52,144000.0,SIMULATED
2026-09-11 10:44:10,104.16666666666667,1,normal_stable_lid_closed,5.875,25.625,45.0,CLOSED,0.00773,0.02545,5.9046,5.9523,14.5,LOW,240.0,239.0,240.0,240.0,240.0,0.2917,0.0773,0.0509,0.0,400000.0,OK,IDLE,5.8606,25.5208,144000.0,SIMULATED
2026-09-11 10:44:20,104.33333333333333,1,normal_stable_lid_closed,5.875,25.5625,45.0,CLOSED,0.00794,0.02562,5.9045,5.9544,14.56,LOW,240.0,239.0,240.0,240.0,240.0,0.2917,0.0794,0.0512,0.0,400000.0,OK,IDLE,5.862,25.5217,144000.0,SIMULATED
2026-09-11 10:44:30,104.5,1,normal_stable_lid_closed,5.875,25.5,45.0,CLOSED,0.00804,0.02288,5.9044,5.9554,14.54,LOW,240.0,239.0,240.0,240.0,240.0,0.2917,0.0804,0.0458,0.0,400000.0,OK,IDLE,5.8633,25.5225,144000.0,SIMULATED
2026-09-11 10:44:40,104.66666666666667,1,normal_stable_lid_closed,5.875,25.5,45.0,CLOSED,0.00823,0.02097,5.9044,5.9573,14.56,LOW,240.0,239.0,240.0,240.0,240.0,0.2917,0.0823,0.0419,0.0,400000.0,OK,IDLE,5.8647,25.5233,144000.0,SIMULATED
2026-09-11 10:44:50,104.83333333333333,1,normal_stable_lid_closed,5.8125,25.4375,45.0,CLOSED,0.00813,0.01668,5.8419,5.8938,13.6,LOW,240.0,239.0,240.0,240.0,240.0,0.2708,0.0813,0.0334,0.0,400000.0,OK,IDLE,5.8661,25.5242,144000.0,SIMULATED
2026-09-11 10:45:00,105.0,1,normal_stable_lid_closed,5.8125,25.5,45.0,CLOSED,0.00798,0.01358,5.842,5.8923,13.5,LOW,240.0,239.0,240.0,240.0,240.0,0.2708,0.0798,0.0272,0.0,400000.0,OK,IDLE,5.8674,25.525,144000.0,SIMULATED
2026-09-11 10:45:10,105.16666666666667,1,normal_stable_lid_closed,5.875,25.5625,45.0,CLOSED,0.00818,0.01131,5.9045,5.9568,14.35,LOW,240.0,239.0,240.0,240.0,240.0,0.2917,0.0818,0.0226,0.0,400000.0,OK,IDLE,5.8688,25.5258,144000.0,SIMULATED
2026-09-11 10:45:20,105.33333333333333,1,normal_stable_lid_closed,5.875,25.5,45.0,CLOSED,0.00843,0.00963,5.9044,5.9593,14.39,LOW,240.0,239.0,240.0,240.0,240.0,0.2917,0.0843,0.0193,0.0,400000.0,OK,IDLE,5.8702,25.5267,144000.0,SIMULATED
2026-09-11 10:45:30,105.5,1,normal_stable_lid_closed,5.875,25.5625,45.0,CLOSED,0.00853,0.00541,5.9045,5.9603,14.34,LOW,240.0,239.0,240.0,240.0,240.0,0.2917,0.0853,0.0108,0.0,400000.0,OK,IDLE,5.8715,25.5275,144000.0,SIMULATED
2026-09-11 10:45:40,105.66666666666667,1,normal_stable_lid_closed,5.8125,25.5,45.0,CLOSED,0.0087,0.00226,5.842,5.8995,13.49,LOW,240.0,239.0,240.0,240.0,240.0,0.2708,0.087,0.0045,0.0,400000.0,OK,IDLE,5.8729,25.5283,144000.0,SIMULATED
2026-09-11 10:45:50,105.83333333333333,1,normal_stable_lid_closed,5.875,25.5625,45.0,CLOSED,0.00893,-0.00013,5.9045,5.9643,14.34,LOW,240.0,239.0,240.0,240.0,240.0,0.2917,0.0893,0.0,0.0,400000.0,OK,IDLE,5.8743,25.5292,144000.0,SIMULATED
2026-09-11 10:46:00,106.0,1,normal_stable_lid_closed,5.875,25.5625,45.0,CLOSED,0.00899,-0.00199,5.9045,5.9649,14.36,LOW,240.0,239.0,240.0,240.0,240.0,0.2917,0.0899,0.0,0.0,400000.0,OK,IDLE,5.8756,25.53,144000.0,SIMULATED
2026-09-11 10:46:10,106.16666666666667,1,normal_stable_lid_closed,5.9375,25.5625,46.0,CLOSED,0.00911,-0.00063,5.9669,6.0286,15.23,LOW,240.0,239.0,240.0,240.0,240.0,0.3125,0.0911,0.0,0.0,400000.0,OK,IDLE,5.877,25.5308,144000.0,SIMULATED
2026-09-11 10:46:20,106.33333333333333,1,normal_stable_lid_closed,5.875,25.5625,45.0,CLOSED,0.00926,3e-05,5.9045,5.9676,14.45,LOW,240.0,239.0,240.0,240.0,240.0,0.2917,0.0926,0.0001,0.0,400000.0,OK,IDLE,5.8784,25.5317,144000.0,SIMULATED
2026-09-11 10:46:30,106.5,1,normal_stable_lid_closed,5.875,25.5625,45.0,CLOSED,0.00925,0.00021,5.9045,5.9675,14.44,LOW,240.0,239.0,240.0,240.0,240.0,0.2917,0.0925,0.0004,0.0,400000.0,OK,IDLE,5.8797,25.5325,144000.0,SIMULATED
2026-09-11 10:46:40,106.66666666666667,1,normal_stable_lid_closed,5.875,25.5,45.0,CLOSED,0.00946,5e-05,5.9044,5.9696,14.51,LOW,240.0,239.0,240.0,240.0,240.0,0.2917,0.0946,0.0001,0.0,400000.0,OK,IDLE,5.8811,25.5333,144000.0,SIMULATED
2026-09-11 10:46:50,106.83333333333333,1,normal_stable_lid_closed,5.9375,25.625,45.0,CLOSED,0.00984,-0.00034,5.967,6.0359,15.45,LOW,240.0,239.0,240.0,240.0,240.0,0.3125,0.0984,0.0,0.0,400000.0,OK,IDLE,5.8824,25.5342,144000.0,SIMULATED
2026-09-11 10:47:00,107.0,1,normal_stable_lid_closed,5.75,25.625,45.0,CLOSED,0.0096,-0.00091,5.7798,5.846,12.88,LOW,240.0,239.0,240.0,240.0,240.0,0.25,0.096,0.0,0.0,400000.0,OK,IDLE,5.8838,25.535,144000.0,SIMULATED
2026-09-11 10:47:10,107.16666666666667,1,normal_stable_lid_closed,5.9375,25.4375,45.0,CLOSED,0.00965,0.00136,5.9667,6.034,15.42,LOW,240.0,239.0,240.0,240.0,240.0,0.3125,0.0965,0.0027,0.0,400000.0,OK,IDLE,5.8852,25.5358,144000.0,SIMULATED
2026-09-11 10:47:20,107.33333333333333,1,normal_stable_lid_closed,5.8125,25.4375,45.0,CLOSED,0.00971,0.00276,5.8419,5.9096,13.8,LOW,240.0,239.0,240.0,240.0,240.0,0.2708,0.0971,0.0055,0.0,400000.0,OK,IDLE,5.8865,25.5367,144000.0,SIMULATED
2026-09-11 10:47:30,107.5,1,normal_stable_lid_closed,5.8125,25.5625,45.0,CLOSED,0.00924,0.00355,5.8421,5.9049,13.68,LOW,240.0,239.0,240.0,240.0,240.0,0.2708,0.0924,0.0071,0.0,400000.0,OK,IDLE,5.8879,25.5375,144000.0,SIMULATED
2026-09-11 10:47:40,107.66666666666667,1,normal_stable_lid_closed,5.9375,25.5625,46.0,CLOSED,0.0091,0.00382,5.9669,6.0285,15.31,LOW,240.0,239.0,240.0,240.0,240.0,0.3125,0.091,0.0076,0.0,400000.0,OK,IDLE,5.8893,25.5383,144000.0,SIMULATED
2026-09-11 10:47:50,107.83333333333333,1,normal_stable_lid_closed,5.875,25.4375,45.0,CLOSED,0.00864,0.00363,5.9043,5.9614,14.33,LOW,240.0,239.0,240.0,240.0,240.0,0.2917,0.0864,0.0073,0.0,400000.0,OK,IDLE,5.8906,25.5392,144000.0,SIMULATED
2026-09-11 10:48:00,108.0,1,normal_stable_lid_closed,5.9375,25.5625,45.0,CLOSED,0.00849,0.00606,5.9669,6.0224,15.17,LOW,240.0,239.0,240.0,240.0,240.0,0.3125,0.0849,0.0121,0.0,400000.0,OK,IDLE,5.892,25.54,144000.0,SIMULATED
2026-09-11 10:48:10,108.16666666666667,1,normal_stable_lid_closed,5.75,25.5625,45.0,CLOSED,0.008,0.00748,5.7797,5.83,12.55,LOW,240.0,239.0,240.0,240.0,240.0,0.25,0.08,0.015,0.0,400000.0,OK,IDLE,5.8934,25.5408,144000.0,SIMULATED
2026-09-11 10:48:20,108.33333333333333,1,normal_stable_lid_closed,5.8125,25.5,45.0,CLOSED,0.00728,0.01114,5.842,5.8853,13.24,LOW,240.0,239.0,240.0,240.0,240.0,0.2708,0.0728,0.0223,0.0,400000.0,OK,IDLE,5.8947,25.5417,144000.0,SIMULATED
2026-09-11 10:48:30,108.5,1,normal_stable_lid_closed,5.875,25.5625,45.0,CLOSED,0.00656,0.01351,5.9045,5.9406,13.91,LOW,240.0,239.0,240.0,240.0,240.0,0.2917,0.0656,0.027,0.0,400000.0,OK,IDLE,5.8961,25.5425,144000.0,SIMULATED
2026-09-11 10:48:40,108.66666666666667,1,normal_stable_lid_closed,5.9375,25.5625,45.0,CLOSED,0.00602,0.01498,5.9669,5.9977,14.61,LOW,240.0,239.0,240.0,240.0,240.0,0.3125,0.0602,0.03,0.0,400000.0,OK,IDLE,5.8975,25.5433,144000.0,SIMULATED
2026-09-11 10:48:50,108.83333333333333,1,normal_stable_lid_closed,5.875,25.5,45.0,CLOSED,0.00559,0.01581,5.9044,5.9309,13.66,LOW,240.0,239.0,240.0,240.0,240.0,0.2917,0.0559,0.0316,0.0,400000.0,OK,IDLE,5.8988,25.5442,144000.0,SIMULATED
2026-09-11 10:49:00,109.0,1,normal_stable_lid_closed,5.9375,25.5,45.0,CLOSED,0.00541,0.01621,5.9668,5.9916,14.45,LOW,240.0,239.0,240.0,240.0,240.0,0.3125,0.0541,0.0324,0.0,400000.0,OK,IDLE,5.9002,25.545,144000.0,SIMULATED
2026-09-11 10:49:10,109.16666666666667,1,normal_stable_lid_closed,5.9375,25.5625,44.0,CLOSED,0.00557,0.01049,5.9669,5.9932,14.38,LOW,240.0,239.0,240.0,240.0,240.0,0.3125,0.0557,0.021,0.0,400000.0,OK,IDLE,5.9016,25.5458,144000.0,SIMULATED
2026-09-11 10:49:20,109.33333333333333,1,normal_stable_lid_closed,5.875,25.625,45.0,CLOSED,0.00579,0.0063,5.9046,5.9329,13.53,LOW,240.0,239.0,240.0,240.0,240.0,0.2917,0.0579,0.0126,0.0,400000.0,OK,IDLE,5.9029,25.5467,144000.0,SIMULATED
2026-09-11 10:49:30,109.5,1,normal_stable_lid_closed,5.9375,25.5,44.0,CLOSED,0.00623,0.00326,5.9668,5.9998,14.43,LOW,240.0,239.0,240.0,240.0,240.0,0.3125,0.0623,0.0065,0.0,400000.0,OK,IDLE,5.9043,25.5475,144000.0,SIMULATED
2026-09-11 10:49:40,109.66666666666667,1,normal_stable_lid_closed,5.8125,25.625,45.0,CLOSED,0.00628,-0.00181,5.8422,5.8753,12.72,LOW,240.0,239.0,240.0,240.0,240.0,0.2708,0.0628,0.0,0.0,400000.0,OK,IDLE,5.9056,25.5483,144000.0,SIMULATED
2026-09-11 10:49:50,109.83333333333333,1,normal_stable_lid_closed,5.875,25.625,45.0,CLOSED,0.00623,-0.0084,5.9046,5.9373,13.53,LOW,240.0,239.0,240.0,240.0,240.0,0.2917,0.0623,0.0,0.0,400000.0,OK,IDLE,5.907,25.5492,144000.0,SIMULATED
2026-09-11 10:50:00,110.0,1,normal_stable_lid_closed,5.9375,25.5625,45.0,CLOSED,0.00628,-0.01321,5.9669,6.0003,14.38,LOW,240.0,239.0,240.0,240.0,240.0,0.3125,0.0628,0.0,0.0,400000.0,OK,IDLE,5.9084,25.55,144000.0,SIMULATED
2026-09-11 10:50:10,110.16666666666667,1,normal_stable_lid_closed,5.9375,25.5625,45.0,CLOSED,0.00658,-0.01677,5.9669,6.0033,14.47,LOW,240.0,239.0,240.0,240.0,240.0,0.3125,0.0658,0.0,0.0,400000.0,OK,IDLE,5.9097,25.5508,144000.0,SIMULATED
2026-09-11 10:50:20,110.33333333333333,1,normal_stable_lid_closed,5.9375,25.5,45.0,CLOSED,0.00668,-0.01945,5.9668,6.0043,14.5,LOW,240.0,239.0,240.0,240.0,240.0,0.3125,0.0668,0.0,0.0,400000.0,OK,IDLE,5.9111,25.5517,144000.0,SIMULATED
2026-09-11 10:50:30,110.5,1,normal_stable_lid_closed,5.9375,25.5,44.0,CLOSED,0.0068,-0.02437,5.9668,6.0055,14.54,LOW,240.0,239.0,240.0,240.0,240.0,0.3125,0.068,0.0,0.0,400000.0,OK,IDLE,5.9125,25.5525,144000.0,SIMULATED
2026-09-11 10:50:40,110.66666666666667,1,normal_stable_lid_closed,5.875,25.5625,45.0,CLOSED,0.00656,-0.02791,5.9045,5.9406,13.63,LOW,240.0,239.0,240.0,240.0,240.0,0.2917,0.0656,0.0,0.0,400000.0,OK,IDLE,5.9138,25.5533,144000.0,SIMULATED
2026-09-11 10:50:50,110.83333333333333,1,normal_stable_lid_closed,5.9375,25.625,46.0,CLOSED,0.00642,-0.02468,5.967,6.0017,14.43,LOW,240.0,239.0,240.0,240.0,240.0,0.3125,0.0642,0.0,0.0,400000.0,OK,IDLE,5.9152,25.5542,144000.0,SIMULATED
2026-09-11 10:51:00,111.0,1,normal_stable_lid_closed,5.9375,25.5625,45.0,CLOSED,0.00672,-0.02251,5.9669,6.0047,14.51,LOW,240.0,239.0,240.0,240.0,240.0,0.3125,0.0672,0.0,0.0,400000.0,OK,IDLE,5.9166,25.555,144000.0,SIMULATED
2026-09-11 10:51:10,111.16666666666667,1,normal_stable_lid_closed,5.9375,25.5625,45.0,CLOSED,0.00694,-0.02109,5.9669,6.0069,14.58,LOW,240.0,239.0,240.0,240.0,240.0,0.3125,0.0694,0.0,0.0,400000.0,OK,IDLE,5.9179,25.5558,144000.0,SIMULATED
2026-09-11 10:51:20,111.33333333333333,1,normal_stable_lid_closed,5.9375,25.625,45.0,CLOSED,0.00747,-0.02019,5.967,6.0122,14.74,LOW,240.0,239.0,240.0,240.0,240.0,0.3125,0.0747,0.0,0.0,400000.0,OK,IDLE,5.9193,25.5567,144000.0,SIMULATED
2026-09-11 10:51:30,111.5,1,normal_stable_lid_closed,5.9375,25.5625,45.0,CLOSED,0.00785,-0.0167,5.9669,6.016,14.85,LOW,240.0,239.0,240.0,240.0,240.0,0.3125,0.0785,0.0,0.0,400000.0,OK,IDLE,5.9206,25.5575,144000.0,SIMULATED
2026-09-11 10:51:40,111.66666666666667,1,normal_stable_lid_closed,5.9375,25.625,45.0,CLOSED,0.0081,-0.01426,5.967,6.0185,14.93,LOW,240.0,239.0,240.0,240.0,240.0,0.3125,0.081,0.0,0.0,400000.0,OK,IDLE,5.922,25.5583,144000.0,SIMULATED
2026-09-11 10:51:50,111.83333333333333,1,normal_stable_lid_closed,5.9375,25.6875,45.0,CLOSED,0.00827,-0.01255,5.9671,6.0202,14.98,LOW,240.0,239.0,240.0,240.0,240.0,0.3125,0.0827,0.0,0.0,400000.0,OK,IDLE,5.9234,25.5592,144000.0,SIMULATED
2026-09-11 10:52:00,112.0,1,normal_stable_lid_closed,6.0,25.5,45.0,CLOSED,0.00871,-0.01136,6.0292,6.0871,15.95,LOW,240.0,239.0,240.0,240.0,240.0,0.3333,0.0871,0.0,0.0,400000.0,OK,IDLE,5.9247,25.56,144000.0,SIMULATED
2026-09-11 10:52:10,112.16666666666667,1,normal_stable_lid_closed,5.9375,25.5625,45.0,CLOSED,0.00898,-0.01052,5.9669,6.0273,15.2,LOW,240.0,239.0,240.0,240.0,240.0,0.3125,0.0898,0.0,0.0,400000.0,OK,IDLE,5.9261,25.5608,144000.0,SIMULATED
2026-09-11 10:52:20,112.33333333333333,1,normal_stable_lid_closed,5.9375,25.5625,45.0,CLOSED,0.00912,-0.00993,5.9669,6.0287,15.24,LOW,240.0,239.0,240.0,240.0,240.0,0.3125,0.0912,0.0,0.0,400000.0,OK,IDLE,5.9275,25.5617,144000.0,SIMULATED
2026-09-11 10:52:30,112.5,1,normal_stable_lid_closed,5.875,25.5,44.0,CLOSED,0.00916,-0.01238,5.9044,5.9666,14.41,LOW,240.0,239.0,240.0,240.0,240.0,0.2917,0.0916,0.0,0.0,400000.0,OK,IDLE,5.9288,25.5625,144000.0,SIMULATED
2026-09-11 10:52:40,112.66666666666667,1,normal_stable_lid_closed,5.875,25.625,45.0,CLOSED,0.00931,-0.014,5.9046,5.9681,14.46,LOW,240.0,239.0,240.0,240.0,240.0,0.2917,0.0931,0.0,0.0,400000.0,OK,IDLE,5.9302,25.5633,144000.0,SIMULATED
2026-09-11 10:52:50,112.83333333333333,1,normal_stable_lid_closed,6.0,25.5625,45.0,CLOSED,0.00953,-0.01503,6.0293,6.0953,16.19,LOW,240.0,239.0,240.0,240.0,240.0,0.3333,0.0953,0.0,0.0,400000.0,OK,IDLE,5.9316,25.5642,144000.0,SIMULATED
2026-09-11 10:53:00,113.0,1,normal_stable_lid_closed,5.9375,25.5625,45.0,CLOSED,0.00961,-0.01566,5.9669,6.0336,15.38,LOW,240.0,239.0,240.0,240.0,240.0,0.3125,0.0961,0.0,0.0,400000.0,OK,IDLE,5.9329,25.565,144000.0,SIMULATED
2026-09-11 10:53:10,113.16666666666667,1,normal_stable_lid_closed,5.875,25.5625,45.0,CLOSED,0.0094,-0.01601,5.9045,5.969,14.49,LOW,240.0,239.0,240.0,240.0,240.0,0.2917,0.094,0.0,0.0,400000.0,OK,IDLE,5.9343,25.5658,144000.0,SIMULATED
2026-09-11 10:53:20,113.33333333333333,1,normal_stable_lid_closed,5.875,25.5625,45.0,CLOSED,0.00916,-0.01616,5.9045,5.9666,14.42,LOW,240.0,239.0,240.0,240.0,240.0,0.2917,0.0916,0.0,0.0,400000.0,OK,IDLE,5.9356,25.5667,144000.0,SIMULATED
2026-09-11 10:53:30,113.5,1,normal_stable_lid_closed,5.875,25.625,45.0,CLOSED,0.00872,-0.01616,5.9046,5.9622,14.28,LOW,240.0,239.0,240.0,240.0,240.0,0.2917,0.0872,0.0,0.0,400000.0,OK,IDLE,5.937,25.5675,144000.0,SIMULATED
2026-09-11 10:53:40,113.66666666666667,1,normal_stable_lid_closed,5.875,25.5625,45.0,CLOSED,0.00832,-0.01607,5.9045,5.9582,14.16,LOW,240.0,239.0,240.0,240.0,240.0,0.2917,0.0832,0.0,0.0,400000.0,OK,IDLE,5.9384,25.5683,144000.0,SIMULATED
2026-09-11 10:53:50,113.83333333333333,1,normal_stable_lid_closed,5.9375,25.5,45.0,CLOSED,0.0083,-0.01592,5.9668,6.0205,14.99,LOW,240.0,239.0,240.0,240.0,240.0,0.3125,0.083,0.0,0.0,400000.0,OK,IDLE,5.9397,25.5692,144000.0,SIMULATED
2026-09-11 10:54:00,114.0,1,normal_stable_lid_closed,5.9375,25.5,45.0,CLOSED,0.00838,-0.01571,5.9668,6.0213,15.01,LOW,240.0,239.0,240.0,240.0,240.0,0.3125,0.0838,0.0,0.0,400000.0,OK,IDLE,5.9411,25.57,144000.0,SIMULATED
2026-09-11 10:54:10,114.16666666666667,1,normal_stable_lid_closed,5.875,25.5625,45.0,CLOSED,0.00814,-0.01547,5.9045,5.9564,14.11,LOW,240.0,239.0,240.0,240.0,240.0,0.2917,0.0814,0.0,0.0,400000.0,OK,IDLE,5.9425,25.5708,144000.0,SIMULATED
2026-09-11 10:54:20,114.33333333333333,1,normal_stable_lid_closed,6.0,25.5625,45.0,CLOSED,0.00823,-0.01521,6.0293,6.0823,15.8,LOW,240.0,239.0,240.0,240.0,240.0,0.3333,0.0823,0.0,0.0,400000.0,OK,IDLE,5.9438,25.5717,144000.0,SIMULATED
2026-09-11 10:54:30,114.5,1,normal_stable_lid_closed,5.9375,25.5,45.0,CLOSED,0.00835,-0.01493,5.9668,6.021,15.0,LOW,240.0,239.0,240.0,240.0,240.0,0.3125,0.0835,0.0,0.0,400000.0,OK,IDLE,5.9452,25.5725,144000.0,SIMULATED
2026-09-11 10:54:40,114.66666666666667,1,normal_stable_lid_closed,5.9375,25.5,45.0,CLOSED,0.00848,-0.01464,5.9668,6.0223,15.05,LOW,240.0,239.0,240.0,240.0,240.0,0.3125,0.0848,0.0,0.0,400000.0,OK,IDLE,5.9465,25.5733,144000.0,SIMULATED
2026-09-11 10:54:50,114.83333333333333,1,normal_stable_lid_closed,6.0,25.5,45.0,CLOSED,0.00881,-0.01434,6.0292,6.0881,15.98,LOW,240.0,239.0,240.0,240.0,240.0,0.3333,0.0881,0.0,0.0,400000.0,OK,IDLE,5.9479,25.5742,144000.0,SIMULATED
2026-09-11 10:55:00,115.0,1,normal_stable_lid_closed,5.9375,25.5625,45.0,CLOSED,0.00888,-0.01404,5.9669,6.0263,15.17,LOW,240.0,239.0,240.0,240.0,240.0,0.3125,0.0888,0.0,0.0,400000.0,OK,IDLE,5.9493,25.575,144000.0,SIMULATED
2026-09-11 10:55:10,115.16666666666667,1,normal_stable_lid_closed,6.0,25.6875,45.0,CLOSED,0.00896,-0.01373,6.0295,6.0896,16.02,LOW,240.0,239.0,240.0,240.0,240.0,0.3333,0.0896,0.0,0.0,400000.0,OK,IDLE,5.9506,25.5758,144000.0,SIMULATED
2026-09-11 10:55:20,115.33333333333333,1,normal_stable_lid_closed,6.0,25.5625,45.0,CLOSED,0.00919,-0.01342,6.0293,6.0919,16.09,LOW,240.0,239.0,240.0,240.0,240.0,0.3333,0.0919,0.0,0.0,400000.0,OK,IDLE,5.952,25.5767,144000.0,SIMULATED
2026-09-11 10:55:30,115.5,1,normal_stable_lid_closed,6.0,25.6875,45.0,CLOSED,0.00953,-0.0131,6.0295,6.0953,16.19,LOW,240.0,239.0,240.0,240.0,240.0,0.3333,0.0953,0.0,0.0,400000.0,OK,IDLE,5.9534,25.5775,144000.0,SIMULATED
2026-09-11 10:55:40,115.66666666666667,1,normal_stable_lid_closed,5.9375,25.5625,44.0,CLOSED,0.00974,-0.01565,5.9669,6.0349,15.42,LOW,240.0,239.0,240.0,240.0,240.0,0.3125,0.0974,0.0,0.0,400000.0,OK,IDLE,5.9547,25.5783,144000.0,SIMULATED
2026-09-11 10:55:50,115.83333333333333,1,normal_stable_lid_closed,5.875,25.625,45.0,CLOSED,0.00951,-0.01723,5.9046,5.9701,14.52,LOW,240.0,239.0,240.0,240.0,240.0,0.2917,0.0951,0.0,0.0,400000.0,OK,IDLE,5.9561,25.5792,144000.0,SIMULATED
2026-09-11 10:56:00,116.0,1,normal_stable_lid_closed,5.9375,25.625,45.0,CLOSED,0.00932,-0.01816,5.967,6.0307,15.29,LOW,240.0,239.0,240.0,240.0,240.0,0.3125,0.0932,0.0,0.0,400000.0,OK,IDLE,5.9575,25.58,144000.0,SIMULATED
2026-09-11 10:56:10,116.16666666666667,1,normal_stable_lid_closed,5.9375,25.5625,45.0,CLOSED,0.00915,-0.01861,5.9669,6.029,15.24,LOW,240.0,239.0,240.0,240.0,240.0,0.3125,0.0915,0.0,0.0,400000.0,OK,IDLE,5.9588,25.5808,144000.0,SIMULATED
2026-09-11 10:56:20,116.33333333333333,1,normal_stable_lid_closed,6.0,25.625,45.0,CLOSED,0.00935,-0.01579,6.0294,6.0935,16.14,LOW,240.0,239.0,240.0,240.0,240.0,0.3333,0.0935,0.0,0.0,400000.0,OK,IDLE,5.9602,25.5817,144000.0,SIMULATED
2026-09-11 10:56:30,116.5,1,normal_stable_lid_closed,6.0,25.5625,45.0,CLOSED,0.00962,-0.01353,6.0293,6.0962,16.22,LOW,240.0,239.0,240.0,240.0,240.0,0.3333,0.0962,0.0,0.0,400000.0,OK,IDLE,5.9615,25.5825,144000.0,SIMULATED
2026-09-11 10:56:40,116.66666666666667,1,normal_stable_lid_closed,5.9375,25.5625,45.0,CLOSED,0.00975,-0.01166,5.9669,6.035,15.42,LOW,240.0,239.0,240.0,240.0,240.0,0.3125,0.0975,0.0,0.0,400000.0,OK,IDLE,5.9629,25.5833,144000.0,SIMULATED
2026-09-11 10:56:50,116.83333333333333,1,normal_stable_lid_closed,6.0,25.5,45.0,CLOSED,0.00995,-0.01006,6.0292,6.0995,16.32,LOW,240.0,239.0,240.0,240.0,240.0,0.3333,0.0995,0.0,0.0,400000.0,OK,IDLE,5.9643,25.5842,144000.0,SIMULATED
2026-09-11 10:57:00,117.0,1,normal_stable_lid_closed,6.0,25.5625,44.0,CLOSED,0.01038,-0.01152,6.0293,6.1038,16.45,LOW,240.0,239.0,240.0,240.0,240.0,0.3333,0.1038,0.0,0.0,400000.0,OK,IDLE,5.9656,25.585,144000.0,SIMULATED
2026-09-11 10:57:10,117.16666666666667,1,normal_stable_lid_closed,6.0625,25.625,45.0,CLOSED,0.01059,-0.01216,6.0918,6.1684,17.34,LOW,240.0,239.0,240.0,240.0,240.0,0.3542,0.1059,0.0,0.0,400000.0,OK,IDLE,5.967,25.5858,144000.0,SIMULATED
2026-09-11 10:57:20,117.33333333333333,1,normal_stable_lid_closed,6.0,25.625,44.0,CLOSED,0.01098,-0.01508,6.0294,6.1098,16.63,LOW,240.0,239.0,240.0,240.0,240.0,0.3333,0.1098,0.0,0.0,400000.0,OK,IDLE,5.9684,25.5867,144000.0,SIMULATED
2026-09-11 10:57:30,117.5,1,normal_stable_lid_closed,6.0,25.5625,45.0,CLOSED,0.01113,-0.01665,6.0293,6.1113,16.67,LOW,240.0,239.0,240.0,240.0,240.0,0.3333,0.1113,0.0,0.0,400000.0,OK,IDLE,5.9697,25.5875,144000.0,SIMULATED
2026-09-11 10:57:40,117.66666666666667,1,normal_stable_lid_closed,6.0,25.625,45.0,CLOSED,0.01109,-0.01727,6.0294,6.1109,16.66,LOW,240.0,239.0,240.0,240.0,240.0,0.3333,0.1109,0.0,0.0,400000.0,OK,IDLE,5.9711,25.5883,144000.0,SIMULATED
2026-09-11 10:57:50,117.83333333333333,1,normal_stable_lid_closed,5.9375,25.625,46.0,CLOSED,0.0111,-0.01142,5.967,6.0485,15.83,LOW,240.0,239.0,240.0,240.0,240.0,0.3125,0.111,0.0,0.0,400000.0,OK,IDLE,5.9724,25.5892,144000.0,SIMULATED
2026-09-11 10:58:00,118.0,1,normal_stable_lid_closed,6.0,25.5625,45.0,CLOSED,0.01112,-0.00685,6.0293,6.1112,16.67,LOW,240.0,239.0,240.0,240.0,240.0,0.3333,0.1112,0.0,0.0,400000.0,OK,IDLE,5.9738,25.59,144000.0,SIMULATED
2026-09-11 10:58:10,118.16666666666667,1,normal_stable_lid_closed,6.0,25.625,45.0,CLOSED,0.01134,-0.00318,6.0294,6.1134,16.73,LOW,240.0,239.0,240.0,240.0,240.0,0.3333,0.1134,0.0,0.0,400000.0,OK,IDLE,5.9752,25.5908,144000.0,SIMULATED
2026-09-11 10:58:20,118.33333333333333,1,normal_stable_lid_closed,5.875,25.6875,45.0,CLOSED,0.01077,-0.00013,5.9047,5.9827,14.9,LOW,240.0,239.0,240.0,240.0,240.0,0.2917,0.1077,0.0,0.0,400000.0,OK,IDLE,5.9765,25.5917,144000.0,SIMULATED
2026-09-11 10:58:30,118.5,1,normal_stable_lid_closed,5.9375,25.625,44.0,CLOSED,0.01,-0.00038,5.967,6.0375,15.5,LOW,240.0,239.0,240.0,240.0,240.0,0.3125,0.1,0.0,0.0,400000.0,OK,IDLE,5.9779,25.5925,144000.0,SIMULATED
2026-09-11 10:58:40,118.66666666666667,1,normal_stable_lid_closed,6.0,25.5625,45.0,CLOSED,0.00945,2e-05,6.0293,6.0945,16.17,LOW,240.0,239.0,240.0,240.0,240.0,0.3333,0.0945,0.0,0.0,400000.0,OK,IDLE,5.9792,25.5933,144000.0,SIMULATED
2026-09-11 10:58:50,118.83333333333333,1,normal_stable_lid_closed,6.0625,25.5,45.0,CLOSED,0.00939,0.00087,6.0916,6.1564,17.0,LOW,240.0,239.0,240.0,240.0,240.0,0.3542,0.0939,0.0017,0.0,400000.0,OK,IDLE,5.9806,25.5942,144000.0,SIMULATED
2026-09-11 10:59:00,119.0,1,normal_stable_lid_closed,5.9375,25.625,45.0,CLOSED,0.00913,0.00204,5.967,6.0288,15.28,LOW,240.0,239.0,240.0,240.0,240.0,0.3125,0.0913,0.0041,0.0,400000.0,OK,IDLE,5.982,25.595,144000.0,SIMULATED
2026-09-11 10:59:10,119.16666666666667,1,normal_stable_lid_closed,5.9375,25.6875,45.0,CLOSED,0.00891,0.00343,5.9671,6.0266,15.24,LOW,240.0,239.0,240.0,240.0,240.0,0.3125,0.0891,0.0069,0.0,400000.0,OK,IDLE,5.9833,25.5958,144000.0,SIMULATED
2026-09-11 10:59:20,119.33333333333333,1,normal_stable_lid_closed,6.0,25.6875,45.0,CLOSED,0.00889,0.00202,6.0295,6.0889,16.04,LOW,240.0,239.0,240.0,240.0,240.0,0.3333,0.0889,0.004,0.0,400000.0,OK,IDLE,5.9847,25.5967,144000.0,SIMULATED
2026-09-11 10:59:30,119.5,1,normal_stable_lid_closed,6.0625,25.6875,45.0,CLOSED,0.009,0.00151,6.0919,6.1525,16.9,LOW,240.0,239.0,240.0,240.0,240.0,0.3542,0.09,0.003,0.0,400000.0,OK,IDLE,5.9861,25.5975,144000.0,SIMULATED
2026-09-11 10:59:40,119.66666666666667,1,normal_stable_lid_closed,6.0,25.5,45.0,CLOSED,0.00919,-0.00132,6.0292,6.0919,16.09,LOW,240.0,239.0,240.0,240.0,240.0,0.3333,0.0919,0.0,0.0,400000.0,OK,IDLE,5.9874,25.5983,144000.0,SIMULATED
2026-09-11 10:59:50,119.83333333333333,1,normal_stable_lid_closed,6.0,25.625,45.0,CLOSED,0.00906,-0.00293,6.0294,6.0906,16.05,LOW,240.0,239.0,240.0,240.0,240.0,0.3333,0.0906,0.0,0.0,400000.0,OK,IDLE,5.9888,25.5992,144000.0,SIMULATED
2026-09-11 11:00:00,120.0,1,normal_stable_lid_closed,5.9375,25.5625,45.0,CLOSED,0.0087,-0.00367,5.9669,6.0245,15.11,LOW,240.0,239.0,240.0,240.0,240.0,0.3125,0.087,0.0,0.0,400000.0,OK,IDLE,5.9901,25.6,144000.0,SIMULATED
2026-09-11 09:00:00,0.0,2,moderate_disturbance_lid_opened,4.875,25.0625,45.0,CLOSED,0.0,0.0,4.9053,4.875,0.0,LOW,240.0,239.0,240.0,240.0,240.0,0.0,0.0,0.0,0.0,400000.0,WARMUP,IDLE,5.0,25.0,144000.0,SIMULATED
2026-09-11 09:00:10,0.16666666666666666,2,moderate_disturbance_lid_opened,4.9375,25.0625,45.0,CLOSED,0.0,0.0,4.9677,4.9375,0.0,LOW,240.0,239.0,240.0,240.0,240.0,0.0,0.0,0.0,0.0,400000.0,WARMUP,IDLE,5.0014,25.0,144000.0,SIMULATED
2026-09-11 09:00:20,0.3333333333333333,2,moderate_disturbance_lid_opened,5.0,25.0,45.0,CLOSED,0.0,0.0,5.03,5.0,0.0,LOW,240.0,239.0,240.0,240.0,240.0,0.0,0.0,0.0,0.0,400000.0,WARMUP,IDLE,5.0028,25.0,144000.0,SIMULATED
2026-09-11 09:00:30,0.5,2,moderate_disturbance_lid_opened,5.0625,25.0,45.0,CLOSED,0.0,0.0,5.0924,5.0625,0.83,LOW,240.0,239.0,240.0,240.0,240.0,0.0208,0.0,0.0,0.0,400000.0,WARMUP,IDLE,5.0042,25.0,144000.0,SIMULATED
2026-09-11 09:00:40,0.6666666666666666,2,moderate_disturbance_lid_opened,4.9375,24.9375,44.0,CLOSED,0.0,0.0,4.9675,4.9375,0.0,LOW,240.0,239.0,240.0,240.0,240.0,0.0,0.0,0.0,0.0,400000.0,WARMUP,IDLE,5.0056,25.0,144000.0,SIMULATED
2026-09-11 09:00:50,0.8333333333333334,2,moderate_disturbance_lid_opened,4.9375,25.0625,45.0,CLOSED,0.0,0.0,4.9677,4.9375,0.0,LOW,240.0,239.0,240.0,240.0,240.0,0.0,0.0,0.0,0.0,400000.0,WARMUP,IDLE,5.0069,25.0,144000.0,SIMULATED
2026-09-11 09:01:00,1.0,2,moderate_disturbance_lid_opened,5.0,25.0,46.0,CLOSED,0.0,0.0,5.03,5.0,0.0,LOW,240.0,239.0,240.0,240.0,240.0,0.0,0.0,0.0,0.0,400000.0,WARMUP,IDLE,5.0083,25.0,144000.0,SIMULATED
2026-09-11 09:01:10,1.1666666666666667,2,moderate_disturbance_lid_opened,5.0,25.0,45.0,CLOSED,0.0,0.0,5.03,5.0,0.0,LOW,240.0,239.0,240.0,240.0,240.0,0.0,0.0,0.0,0.0,400000.0,WARMUP,IDLE,5.0097,25.0,144000.0,SIMULATED
2026-09-11 09:01:20,1.3333333333333333,2,moderate_disturbance_lid_opened,5.0,25.0,45.0,CLOSED,0.0,0.0,5.03,5.0,0.0,LOW,240.0,239.0,240.0,240.0,240.0,0.0,0.0,0.0,0.0,400000.0,WARMUP,IDLE,5.0111,25.0,144000.0,SIMULATED
2026-09-11 09:01:30,1.5,2,moderate_disturbance_lid_opened,5.0,25.0,46.0,CLOSED,0.0,0.0,5.03,5.0,0.0,LOW,240.0,239.0,240.0,240.0,240.0,0.0,0.0,0.0,0.0,400000.0,WARMUP,IDLE,5.0125,25.0,144000.0,SIMULATED
2026-09-11 09:01:40,1.6666666666666667,2,moderate_disturbance_lid_opened,4.9375,25.0625,46.0,CLOSED,0.0,0.0,4.9677,4.9375,0.0,LOW,240.0,239.0,240.0,240.0,240.0,0.0,0.0,0.0,0.0,400000.0,WARMUP,IDLE,5.0139,25.0,144000.0,SIMULATED
2026-09-11 09:01:50,1.8333333333333333,2,moderate_disturbance_lid_opened,5.0,25.0,45.0,CLOSED,0.0,0.0,5.03,5.0,0.0,LOW,240.0,239.0,240.0,240.0,240.0,0.0,0.0,0.0,0.0,400000.0,WARMUP,IDLE,5.0153,25.0,144000.0,SIMULATED
2026-09-11 09:02:00,2.0,2,moderate_disturbance_lid_opened,5.0,24.9375,46.0,CLOSED,0.0,0.0,5.0299,5.0,0.0,LOW,240.0,239.0,240.0,240.0,240.0,0.0,0.0,0.0,0.0,400000.0,WARMUP,IDLE,5.0167,25.0,144000.0,SIMULATED
2026-09-11 09:02:10,2.1666666666666665,2,moderate_disturbance_lid_opened,5.0,25.0,45.0,CLOSED,0.0,0.0,5.03,5.0,0.0,LOW,240.0,239.0,240.0,240.0,240.0,0.0,0.0,0.0,0.0,400000.0,WARMUP,IDLE,5.018,25.0,144000.0,SIMULATED
2026-09-11 09:02:20,2.3333333333333335,2,moderate_disturbance_lid_opened,5.0625,24.9375,45.0,CLOSED,0.0,0.0,5.0923,5.0625,0.83,LOW,240.0,239.0,240.0,240.0,240.0,0.0208,0.0,0.0,0.0,400000.0,WARMUP,IDLE,5.0194,25.0,144000.0,SIMULATED
2026-09-11 09:02:30,2.5,2,moderate_disturbance_lid_opened,5.0,24.875,45.0,CLOSED,0.0,0.0,5.0298,5.0,0.0,LOW,240.0,239.0,240.0,240.0,240.0,0.0,0.0,0.0,0.0,400000.0,WARMUP,IDLE,5.0208,25.0,144000.0,SIMULATED
2026-09-11 09:02:40,2.6666666666666665,2,moderate_disturbance_lid_opened,5.0,25.0,46.0,CLOSED,0.0,0.0,5.03,5.0,0.0,LOW,240.0,239.0,240.0,240.0,240.0,0.0,0.0,0.0,0.0,400000.0,WARMUP,IDLE,5.0222,25.0,144000.0,SIMULATED
2026-09-11 09:02:50,2.8333333333333335,2,moderate_disturbance_lid_opened,5.0,24.9375,44.0,CLOSED,0.0,0.0,5.0299,5.0,0.0,LOW,240.0,239.0,240.0,240.0,240.0,0.0,0.0,0.0,0.0,400000.0,WARMUP,IDLE,5.0236,25.0,144000.0,SIMULATED
2026-09-11 09:03:00,3.0,2,moderate_disturbance_lid_opened,5.0,25.0,46.0,CLOSED,0.0,0.0,5.03,5.0,0.0,LOW,240.0,239.0,240.0,240.0,240.0,0.0,0.0,0.0,0.0,400000.0,WARMUP,IDLE,5.025,25.0,144000.0,SIMULATED
2026-09-11 09:03:10,3.1666666666666665,2,moderate_disturbance_lid_opened,5.0625,24.875,46.0,CLOSED,0.0,0.0,5.0922,5.0625,0.83,LOW,240.0,239.0,240.0,240.0,240.0,0.0208,0.0,0.0,0.0,400000.0,WARMUP,IDLE,5.0264,25.0,144000.0,SIMULATED
2026-09-11 09:03:20,3.3333333333333335,2,moderate_disturbance_lid_opened,5.0,25.0625,45.0,CLOSED,0.0,0.0,5.0301,5.0,0.0,LOW,240.0,239.0,240.0,240.0,240.0,0.0,0.0,0.0,0.0,400000.0,WARMUP,IDLE,5.0278,25.0,144000.0,SIMULATED
2026-09-11 09:03:30,3.5,2,moderate_disturbance_lid_opened,5.0625,25.0,45.0,CLOSED,0.0,0.0,5.0924,5.0625,0.83,LOW,240.0,239.0,240.0,240.0,240.0,0.0208,0.0,0.0,0.0,400000.0,WARMUP,IDLE,5.0291,25.0,144000.0,SIMULATED
2026-09-11 09:03:40,3.6666666666666665,2,moderate_disturbance_lid_opened,5.0625,24.9375,45.0,CLOSED,0.0,0.0,5.0923,5.0625,0.83,LOW,240.0,239.0,240.0,240.0,240.0,0.0208,0.0,0.0,0.0,400000.0,WARMUP,IDLE,5.0305,25.0,144000.0,SIMULATED
2026-09-11 09:03:50,3.8333333333333335,2,moderate_disturbance_lid_opened,5.0625,25.0,45.0,CLOSED,0.0,0.0,5.0924,5.0625,0.83,LOW,240.0,239.0,240.0,240.0,240.0,0.0208,0.0,0.0,0.0,400000.0,WARMUP,IDLE,5.0319,25.0,144000.0,SIMULATED
2026-09-11 09:04:00,4.0,2,moderate_disturbance_lid_opened,5.0625,25.0,45.0,CLOSED,0.0,0.0,5.0924,5.0625,0.83,LOW,240.0,239.0,240.0,240.0,240.0,0.0208,0.0,0.0,0.0,400000.0,WARMUP,IDLE,5.0333,25.0,144000.0,SIMULATED
2026-09-11 09:04:10,4.166666666666667,2,moderate_disturbance_lid_opened,5.0625,24.9375,45.0,CLOSED,0.0,0.0,5.0923,5.0625,0.83,LOW,240.0,239.0,240.0,240.0,240.0,0.0208,0.0,0.0,0.0,400000.0,WARMUP,IDLE,5.0347,25.0,144000.0,SIMULATED
2026-09-11 09:04:20,4.333333333333333,2,moderate_disturbance_lid_opened,5.0625,25.0,45.0,CLOSED,0.0,0.0,5.0924,5.0625,0.83,LOW,240.0,239.0,240.0,240.0,240.0,0.0208,0.0,0.0,0.0,400000.0,WARMUP,IDLE,5.0361,25.0,144000.0,SIMULATED
2026-09-11 09:04:30,4.5,2,moderate_disturbance_lid_opened,5.0625,24.9375,45.0,CLOSED,0.0,0.0,5.0923,5.0625,0.83,LOW,240.0,239.0,240.0,240.0,240.0,0.0208,0.0,0.0,0.0,400000.0,WARMUP,IDLE,5.0375,25.0,144000.0,SIMULATED
2026-09-11 09:04:40,4.666666666666667,2,moderate_disturbance_lid_opened,5.0625,25.0,45.0,CLOSED,0.0,0.0,5.0924,5.0625,0.83,LOW,240.0,239.0,240.0,240.0,240.0,0.0208,0.0,0.0,0.0,400000.0,WARMUP,IDLE,5.0389,25.0,144000.0,SIMULATED
2026-09-11 09:04:50,4.833333333333333,2,moderate_disturbance_lid_opened,5.0625,24.9375,44.0,CLOSED,0.0,0.0,5.0923,5.0625,0.83,LOW,240.0,239.0,240.0,240.0,240.0,0.0208,0.0,0.0,0.0,400000.0,WARMUP,IDLE,5.0402,25.0,144000.0,SIMULATED
2026-09-11 09:05:00,5.0,2,moderate_disturbance_lid_opened,5.0625,25.0,45.0,CLOSED,0.0,0.0,5.0924,5.0625,0.83,LOW,240.0,239.0,240.0,240.0,240.0,0.0208,0.0,0.0,0.0,400000.0,WARMUP,IDLE,5.0416,25.0,144000.0,SIMULATED
2026-09-11 09:05:10,5.166666666666667,2,moderate_disturbance_lid_opened,5.0,25.0,46.0,CLOSED,0.0,0.0,5.03,5.0,0.0,LOW,240.0,239.0,240.0,240.0,240.0,0.0,0.0,0.0,0.0,400000.0,WARMUP,IDLE,5.043,25.0,144000.0,SIMULATED
2026-09-11 09:05:20,5.333333333333333,2,moderate_disturbance_lid_opened,5.0625,25.0,45.0,CLOSED,0.0,0.0,5.0924,5.0625,0.83,LOW,240.0,239.0,240.0,240.0,240.0,0.0208,0.0,0.0,0.0,400000.0,WARMUP,IDLE,5.0444,25.0,144000.0,SIMULATED
2026-09-11 09:05:30,5.5,2,moderate_disturbance_lid_opened,5.125,25.0,45.0,CLOSED,0.0,0.0,5.1548,5.125,1.67,LOW,240.0,239.0,240.0,240.0,240.0,0.0417,0.0,0.0,0.0,400000.0,WARMUP,IDLE,5.0458,25.0,144000.0,SIMULATED
2026-09-11 09:05:40,5.666666666666667,2,moderate_disturbance_lid_opened,5.0625,25.0625,45.0,CLOSED,0.0,0.0,5.0925,5.0625,0.83,LOW,240.0,239.0,240.0,240.0,240.0,0.0208,0.0,0.0,0.0,400000.0,WARMUP,IDLE,5.0472,25.0,144000.0,SIMULATED
2026-09-11 09:05:50,5.833333333333333,2,moderate_disturbance_lid_opened,5.0625,25.0,46.0,CLOSED,0.0,0.0,5.0924,5.0625,0.83,LOW,240.0,239.0,240.0,240.0,240.0,0.0208,0.0,0.0,0.0,400000.0,WARMUP,IDLE,5.0486,25.0,144000.0,SIMULATED
2026-09-11 09:06:00,6.0,2,moderate_disturbance_lid_opened,5.0,24.9375,46.0,CLOSED,0.0,0.0,5.0299,5.0,0.0,LOW,240.0,239.0,240.0,240.0,240.0,0.0,0.0,0.0,0.0,400000.0,WARMUP,IDLE,5.0499,25.0,144000.0,SIMULATED
2026-09-11 09:06:10,6.166666666666667,2,moderate_disturbance_lid_opened,5.0625,25.0,45.0,CLOSED,0.0,0.0,5.0924,5.0625,0.83,LOW,240.0,239.0,240.0,240.0,240.0,0.0208,0.0,0.0,0.0,400000.0,WARMUP,IDLE,5.0513,25.0,144000.0,SIMULATED
2026-09-11 09:06:20,6.333333333333333,2,moderate_disturbance_lid_opened,5.0625,24.875,45.0,CLOSED,0.0,0.0,5.0922,5.0625,0.83,LOW,240.0,239.0,240.0,240.0,240.0,0.0208,0.0,0.0,0.0,400000.0,WARMUP,IDLE,5.0527,25.0,144000.0,SIMULATED
2026-09-11 09:06:30,6.5,2,moderate_disturbance_lid_opened,5.125,25.0625,44.0,CLOSED,0.0,0.0,5.1549,5.125,1.67,LOW,240.0,239.0,240.0,240.0,240.0,0.0417,0.0,0.0,0.0,400000.0,WARMUP,IDLE,5.0541,25.0,144000.0,SIMULATED
2026-09-11 09:06:40,6.666666666666667,2,moderate_disturbance_lid_opened,5.125,25.0625,45.0,CLOSED,0.0,0.0,5.1549,5.125,1.67,LOW,240.0,239.0,240.0,240.0,240.0,0.0417,0.0,0.0,0.0,400000.0,WARMUP,IDLE,5.0555,25.0,144000.0,SIMULATED
2026-09-11 09:06:50,6.833333333333333,2,moderate_disturbance_lid_opened,5.0,25.0,45.0,CLOSED,0.0,0.0,5.03,5.0,0.0,LOW,240.0,239.0,240.0,240.0,240.0,0.0,0.0,0.0,0.0,400000.0,WARMUP,IDLE,5.0569,25.0,144000.0,SIMULATED
2026-09-11 09:07:00,7.0,2,moderate_disturbance_lid_opened,5.1875,25.0,45.0,CLOSED,0.0,0.0,5.2172,5.1875,2.5,LOW,240.0,239.0,240.0,240.0,240.0,0.0625,0.0,0.0,0.0,400000.0,WARMUP,IDLE,5.0582,25.0,144000.0,SIMULATED
2026-09-11 09:07:10,7.166666666666667,2,moderate_disturbance_lid_opened,5.125,25.0,46.0,CLOSED,0.0,0.0,5.1548,5.125,1.67,LOW,240.0,239.0,240.0,240.0,240.0,0.0417,0.0,0.0,0.0,400000.0,WARMUP,IDLE,5.0596,25.0,144000.0,SIMULATED
2026-09-11 09:07:20,7.333333333333333,2,moderate_disturbance_lid_opened,5.0625,25.0625,45.0,CLOSED,0.0,0.0,5.0925,5.0625,0.83,LOW,240.0,239.0,240.0,240.0,240.0,0.0208,0.0,0.0,0.0,400000.0,WARMUP,IDLE,5.061,25.0,144000.0,SIMULATED
2026-09-11 09:07:30,7.5,2,moderate_disturbance_lid_opened,5.0625,25.0,45.0,CLOSED,0.0,0.0,5.0924,5.0625,0.83,LOW,240.0,239.0,240.0,240.0,240.0,0.0208,0.0,0.0,0.0,400000.0,WARMUP,IDLE,5.0624,25.0,144000.0,SIMULATED
2026-09-11 09:07:40,7.666666666666667,2,moderate_disturbance_lid_opened,5.125,25.0,45.0,CLOSED,0.0,0.0,5.1548,5.125,1.67,LOW,240.0,239.0,240.0,240.0,240.0,0.0417,0.0,0.0,0.0,400000.0,WARMUP,IDLE,5.0638,25.0,144000.0,SIMULATED
2026-09-11 09:07:50,7.833333333333333,2,moderate_disturbance_lid_opened,5.125,25.0,45.0,CLOSED,0.0,0.0,5.1548,5.125,1.67,LOW,240.0,239.0,240.0,240.0,240.0,0.0417,0.0,0.0,0.0,400000.0,WARMUP,IDLE,5.0652,25.0,144000.0,SIMULATED
2026-09-11 09:08:00,8.0,2,moderate_disturbance_lid_opened,5.125,25.0625,45.0,CLOSED,0.0,0.0,5.1549,5.125,1.67,LOW,240.0,239.0,240.0,240.0,240.0,0.0417,0.0,0.0,0.0,400000.0,WARMUP,IDLE,5.0666,25.0,144000.0,SIMULATED
2026-09-11 09:08:10,8.166666666666666,2,moderate_disturbance_lid_opened,5.0,25.0,44.0,CLOSED,0.0,0.0,5.03,5.0,0.0,LOW,240.0,239.0,240.0,240.0,240.0,0.0,0.0,0.0,0.0,400000.0,WARMUP,IDLE,5.0679,25.0,144000.0,SIMULATED
2026-09-11 09:08:20,8.333333333333334,2,moderate_disturbance_lid_opened,5.125,25.125,45.0,CLOSED,0.0,0.0,5.155,5.125,1.67,LOW,240.0,239.0,240.0,240.0,240.0,0.0417,0.0,0.0,0.0,400000.0,WARMUP,IDLE,5.0693,25.0,144000.0,SIMULATED
2026-09-11 09:08:30,8.5,2,moderate_disturbance_lid_opened,5.0625,25.0,45.0,CLOSED,0.0,0.0,5.0924,5.0625,0.83,LOW,240.0,239.0,240.0,240.0,240.0,0.0208,0.0,0.0,0.0,400000.0,WARMUP,IDLE,5.0707,25.0,144000.0,SIMULATED
2026-09-11 09:08:40,8.666666666666666,2,moderate_disturbance_lid_opened,5.0625,25.0,44.0,CLOSED,0.0,0.0,5.0924,5.0625,0.83,LOW,240.0,239.0,240.0,240.0,240.0,0.0208,0.0,0.0,0.0,400000.0,WARMUP,IDLE,5.0721,25.0,144000.0,SIMULATED
2026-09-11 09:08:50,8.833333333333334,2,moderate_disturbance_lid_opened,5.0625,25.0,45.0,CLOSED,0.0,0.0,5.0924,5.0625,0.83,LOW,240.0,239.0,240.0,240.0,240.0,0.0208,0.0,0.0,0.0,400000.0,WARMUP,IDLE,5.0735,25.0,144000.0,SIMULATED
2026-09-11 09:09:00,9.0,2,moderate_disturbance_lid_opened,5.0625,25.0625,45.0,CLOSED,0.0,0.0,5.0925,5.0625,0.83,LOW,240.0,239.0,240.0,240.0,240.0,0.0208,0.0,0.0,0.0,400000.0,WARMUP,IDLE,5.0749,25.0,144000.0,SIMULATED
2026-09-11 09:09:10,9.166666666666666,2,moderate_disturbance_lid_opened,5.125,24.9375,45.0,CLOSED,0.0,0.0,5.1547,5.125,1.67,LOW,240.0,239.0,240.0,240.0,240.0,0.0417,0.0,0.0,0.0,400000.0,WARMUP,IDLE,5.0762,25.0,144000.0,SIMULATED
2026-09-11 09:09:20,9.333333333333334,2,moderate_disturbance_lid_opened,5.1875,24.9375,45.0,CLOSED,0.0,0.0,5.2171,5.1875,2.5,LOW,240.0,239.0,240.0,240.0,240.0,0.0625,0.0,0.0,0.0,400000.0,WARMUP,IDLE,5.0776,25.0,144000.0,SIMULATED
2026-09-11 09:09:30,9.5,2,moderate_disturbance_lid_opened,5.125,24.9375,45.0,CLOSED,0.0,0.0,5.1547,5.125,1.67,LOW,240.0,239.0,240.0,240.0,240.0,0.0417,0.0,0.0,0.0,400000.0,WARMUP,IDLE,5.079,25.0,144000.0,SIMULATED
2026-09-11 09:09:40,9.666666666666666,2,moderate_disturbance_lid_opened,4.9375,24.875,44.0,CLOSED,0.0,0.0,4.9674,4.9375,0.0,LOW,240.0,239.0,240.0,240.0,240.0,0.0,0.0,0.0,0.0,400000.0,WARMUP,IDLE,5.0804,25.0,144000.0,SIMULATED
2026-09-11 09:09:50,9.833333333333334,2,moderate_disturbance_lid_opened,5.0,25.0625,45.0,CLOSED,0.0,0.0,5.0301,5.0,0.0,LOW,240.0,239.0,240.0,240.0,240.0,0.0,0.0,0.0,0.0,400000.0,WARMUP,IDLE,5.0818,25.0,144000.0,SIMULATED
2026-09-11 09:10:00,10.0,2,moderate_disturbance_lid_opened,5.125,24.9375,45.0,CLOSED,0.01439,-0.04075,5.1547,5.2689,5.98,LOW,240.0,239.0,240.0,240.0,240.0,0.0417,0.1439,0.0,0.0,400000.0,OK,IDLE,5.0832,25.0,144000.0,SIMULATED
2026-09-11 09:10:10,10.166666666666666,2,moderate_disturbance_lid_opened,5.0,25.0,44.0,CLOSED,0.01341,-0.04442,5.03,5.1341,4.02,LOW,240.0,239.0,240.0,240.0,240.0,0.0,0.1341,0.0,0.0,400000.0,OK,IDLE,5.0845,25.0,144000.0,SIMULATED
2026-09-11 09:10:20,10.333333333333334,2,moderate_disturbance_lid_opened,5.0625,25.0625,45.0,CLOSED,0.01244,-0.04728,5.0925,5.1869,4.57,LOW,240.0,239.0,240.0,240.0,240.0,0.0208,0.1244,0.0,0.0,400000.0,OK,IDLE,5.0859,25.0,144000.0,SIMULATED
2026-09-11 09:10:30,10.5,2,moderate_disturbance_lid_opened,5.125,24.9375,45.0,CLOSED,0.01183,-0.04956,5.1547,5.2433,5.21,LOW,240.0,239.0,240.0,240.0,240.0,0.0417,0.1183,0.0,0.0,400000.0,OK,IDLE,5.0873,25.0,144000.0,SIMULATED
2026-09-11 09:10:40,10.666666666666666,2,moderate_disturbance_lid_opened,5.0,24.9375,45.0,CLOSED,0.01128,-0.05145,5.0299,5.1128,3.38,LOW,240.0,239.0,240.0,240.0,240.0,0.0,0.1128,0.0,0.0,400000.0,OK,IDLE,5.0887,25.0,144000.0,SIMULATED
2026-09-11 09:10:50,10.833333333333334,2,moderate_disturbance_lid_opened,5.0625,24.9375,45.0,CLOSED,0.01059,-0.056,5.0923,5.1684,4.01,LOW,240.0,239.0,240.0,240.0,240.0,0.0208,0.1059,0.0,0.0,400000.0,OK,IDLE,5.0901,25.0,144000.0,SIMULATED
2026-09-11 09:11:00,11.0,2,moderate_disturbance_lid_opened,5.125,24.9375,44.0,CLOSED,0.00997,-0.06243,5.1547,5.2247,4.66,LOW,240.0,239.0,240.0,240.0,240.0,0.0417,0.0997,0.0,0.0,400000.0,OK,IDLE,5.0915,25.0,144000.0,SIMULATED
2026-09-11 09:11:10,11.166666666666666,2,moderate_disturbance_lid_opened,5.0,25.0,45.0,CLOSED,0.00921,-0.06426,5.03,5.0921,2.76,LOW,240.0,239.0,240.0,240.0,240.0,0.0,0.0921,0.0,0.0,400000.0,OK,IDLE,5.0928,25.0,144000.0,SIMULATED
2026-09-11 09:11:20,11.333333333333334,2,moderate_disturbance_lid_opened,5.0625,25.0625,44.0,CLOSED,0.00853,-0.06859,5.0925,5.1478,3.39,LOW,240.0,239.0,240.0,240.0,240.0,0.0208,0.0853,0.0,0.0,400000.0,OK,IDLE,5.0942,25.0,144000.0,SIMULATED
2026-09-11 09:11:30,11.5,2,moderate_disturbance_lid_opened,5.125,25.0,44.0,CLOSED,0.00808,-0.07457,5.1548,5.2058,4.09,LOW,240.0,239.0,240.0,240.0,240.0,0.0417,0.0808,0.0,0.0,400000.0,OK,IDLE,5.0956,25.0,144000.0,SIMULATED
2026-09-11 09:11:40,11.666666666666666,2,moderate_disturbance_lid_opened,5.0625,24.9375,45.0,CLOSED,0.00759,-0.0758,5.0923,5.1384,3.11,LOW,240.0,239.0,240.0,240.0,240.0,0.0208,0.0759,0.0,0.0,400000.0,OK,IDLE,5.097,25.0,144000.0,SIMULATED
2026-09-11 09:11:50,11.833333333333334,2,moderate_disturbance_lid_opened,5.0625,25.0625,45.0,CLOSED,0.0069,-0.07362,5.0925,5.1315,2.9,LOW,240.0,239.0,240.0,240.0,240.0,0.0208,0.069,0.0,0.0,400000.0,OK,IDLE,5.0984,25.0,144000.0,SIMULATED
2026-09-11 09:12:00,12.0,2,moderate_disturbance_lid_opened,5.125,25.0,45.0,CLOSED,0.0064,-0.07191,5.1548,5.189,3.59,LOW,240.0,239.0,240.0,240.0,240.0,0.0417,0.064,0.0,0.0,400000.0,OK,IDLE,5.0998,25.0,144000.0,SIMULATED
2026-09-11 09:12:10,12.166666666666666,2,moderate_disturbance_lid_opened,5.0,25.125,45.0,CLOSED,0.00569,-0.06756,5.0302,5.0569,1.71,LOW,240.0,239.0,240.0,240.0,240.0,0.0,0.0569,0.0,0.0,400000.0,OK,IDLE,5.1011,25.0,144000.0,SIMULATED
2026-09-11 09:12:20,12.333333333333334,2,moderate_disturbance_lid_opened,5.125,25.0,45.0,CLOSED,0.00516,-0.06424,5.1548,5.1766,3.22,LOW,240.0,239.0,240.0,240.0,240.0,0.0417,0.0516,0.0,0.0,400000.0,OK,IDLE,5.1025,25.0,144000.0,SIMULATED
2026-09-11 09:12:30,12.5,2,moderate_disturbance_lid_opened,5.125,24.9375,45.0,CLOSED,0.00495,-0.06162,5.1547,5.1745,3.15,LOW,240.0,239.0,240.0,240.0,240.0,0.0417,0.0495,0.0,0.0,400000.0,OK,IDLE,5.1039,25.0,144000.0,SIMULATED
2026-09-11 09:12:40,12.666666666666666,2,moderate_disturbance_lid_opened,5.125,25.0,45.0,CLOSED,0.00477,-0.05951,5.1548,5.1727,3.1,LOW,240.0,239.0,240.0,240.0,240.0,0.0417,0.0477,0.0,0.0,400000.0,OK,IDLE,5.1053,25.0,144000.0,SIMULATED
2026-09-11 09:12:50,12.833333333333334,2,moderate_disturbance_lid_opened,5.0625,24.9375,45.0,CLOSED,0.00442,-0.05479,5.0923,5.1067,2.16,LOW,240.0,239.0,240.0,240.0,240.0,0.0208,0.0442,0.0,0.0,400000.0,OK,IDLE,5.1067,25.0,144000.0,SIMULATED
2026-09-11 09:13:00,13.0,2,moderate_disturbance_lid_opened,5.1875,25.0,45.0,CLOSED,0.00429,-0.05406,5.2172,5.2304,3.79,LOW,240.0,239.0,240.0,240.0,240.0,0.0625,0.0429,0.0,0.0,400000.0,OK,IDLE,5.108,25.0,144000.0,SIMULATED
2026-09-11 09:13:10,13.166666666666666,2,moderate_disturbance_lid_opened,5.0625,25.0625,45.0,CLOSED,0.00396,-0.05031,5.0925,5.1021,2.02,LOW,240.0,239.0,240.0,240.0,240.0,0.0208,0.0396,0.0,0.0,400000.0,OK,IDLE,5.1094,25.0,144000.0,SIMULATED
2026-09-11 09:13:20,13.333333333333334,2,moderate_disturbance_lid_opened,5.0625,25.0625,45.0,CLOSED,0.00365,-0.04436,5.0925,5.099,1.93,LOW,240.0,239.0,240.0,240.0,240.0,0.0208,0.0365,0.0,0.0,400000.0,OK,IDLE,5.1108,25.0,144000.0,SIMULATED
2026-09-11 09:13:30,13.5,2,moderate_disturbance_lid_opened,5.1875,25.0625,45.0,CLOSED,0.00354,-0.03971,5.2173,5.2229,3.56,LOW,240.0,239.0,240.0,240.0,240.0,0.0625,0.0354,0.0,0.0,400000.0,OK,IDLE,5.1122,25.0,144000.0,SIMULATED
2026-09-11 09:13:40,13.666666666666666,2,moderate_disturbance_lid_opened,5.125,25.125,45.0,CLOSED,0.00355,-0.03598,5.155,5.1605,2.73,LOW,240.0,239.0,240.0,240.0,240.0,0.0417,0.0355,0.0,0.0,400000.0,OK,IDLE,5.1136,25.0,144000.0,SIMULATED
2026-09-11 09:13:50,13.833333333333334,2,moderate_disturbance_lid_opened,5.1875,25.0,45.0,CLOSED,0.00382,-0.0329,5.2172,5.2257,3.64,LOW,240.0,239.0,240.0,240.0,240.0,0.0625,0.0382,0.0,0.0,400000.0,OK,IDLE,5.1149,25.0,144000.0,SIMULATED
2026-09-11 09:14:00,14.0,2,moderate_disturbance_lid_opened,5.1875,25.0,45.0,CLOSED,0.00425,-0.03026,5.2172,5.23,3.78,LOW,240.0,239.0,240.0,240.0,240.0,0.0625,0.0425,0.0,0.0,400000.0,OK,IDLE,5.1163,25.0,144000.0,SIMULATED
2026-09-11 09:14:10,14.166666666666666,2,moderate_disturbance_lid_opened,5.125,25.0625,45.0,CLOSED,0.00462,-0.02794,5.1549,5.1712,3.05,LOW,240.0,239.0,240.0,240.0,240.0,0.0417,0.0462,0.0,0.0,400000.0,OK,IDLE,5.1177,25.0,144000.0,SIMULATED
2026-09-11 09:14:20,14.333333333333334,2,moderate_disturbance_lid_opened,5.125,25.0,46.0,CLOSED,0.00493,-0.02299,5.1548,5.1743,3.15,LOW,240.0,239.0,240.0,240.0,240.0,0.0417,0.0493,0.0,0.0,400000.0,OK,IDLE,5.1191,25.0,144000.0,SIMULATED
2026-09-11 09:14:30,14.5,2,moderate_disturbance_lid_opened,5.1875,25.0,45.0,CLOSED,0.00537,-0.01914,5.2172,5.2412,4.11,LOW,240.0,239.0,240.0,240.0,240.0,0.0625,0.0537,0.0,0.0,400000.0,OK,IDLE,5.1205,25.0,144000.0,SIMULATED
2026-09-11 09:14:40,14.666666666666666,2,moderate_disturbance_lid_opened,5.125,25.0,45.0,CLOSED,0.00572,-0.01606,5.1548,5.1822,3.38,LOW,240.0,239.0,240.0,240.0,240.0,0.0417,0.0572,0.0,0.0,400000.0,OK,IDLE,5.1218,25.0,144000.0,SIMULATED
2026-09-11 09:14:50,14.833333333333334,2,moderate_disturbance_lid_opened,5.125,24.9375,45.0,CLOSED,0.00599,-0.01353,5.1547,5.1849,3.46,LOW,240.0,239.0,240.0,240.0,240.0,0.0417,0.0599,0.0,0.0,400000.0,OK,IDLE,5.1232,25.0,144000.0,SIMULATED
2026-09-11 09:15:00,15.0,2,moderate_disturbance_lid_opened,5.125,25.0,45.0,CLOSED,0.0062,-0.01432,5.1548,5.187,3.53,LOW,240.0,239.0,240.0,240.0,240.0,0.0417,0.062,0.0,0.0,400000.0,OK,IDLE,5.1246,25.0,144000.0,SIMULATED
2026-09-11 09:15:10,15.166666666666666,2,moderate_disturbance_lid_opened,5.1875,25.0625,45.0,CLOSED,0.00655,-0.0146,5.2173,5.253,4.46,LOW,240.0,239.0,240.0,240.0,240.0,0.0625,0.0655,0.0,0.0,400000.0,OK,IDLE,5.126,25.0,144000.0,SIMULATED
2026-09-11 09:15:20,15.333333333333334,2,moderate_disturbance_lid_opened,5.1875,24.9375,45.0,CLOSED,0.00679,-0.01155,5.2171,5.2554,4.54,LOW,240.0,239.0,240.0,240.0,240.0,0.0625,0.0679,0.0,0.0,400000.0,OK,IDLE,5.1274,25.0,144000.0,SIMULATED
2026-09-11 09:15:30,15.5,2,moderate_disturbance_lid_opened,5.0625,24.9375,45.0,CLOSED,0.00677,-0.00904,5.0923,5.1302,2.86,LOW,240.0,239.0,240.0,240.0,240.0,0.0208,0.0677,0.0,0.0,400000.0,OK,IDLE,5.1288,25.0,144000.0,SIMULATED
2026-09-11 09:15:40,15.666666666666666,2,moderate_disturbance_lid_opened,5.125,25.0,45.0,CLOSED,0.00693,-0.0069,5.1548,5.1943,3.75,LOW,240.0,239.0,240.0,240.0,240.0,0.0417,0.0693,0.0,0.0,400000.0,OK,IDLE,5.1301,25.0,144000.0,SIMULATED
2026-09-11 09:15:50,15.833333333333334,2,moderate_disturbance_lid_opened,5.1875,25.0,45.0,CLOSED,0.00721,-0.00502,5.2172,5.2596,4.66,LOW,240.0,239.0,240.0,240.0,240.0,0.0625,0.0721,0.0,0.0,400000.0,OK,IDLE,5.1315,25.0,144000.0,SIMULATED
2026-09-11 09:16:00,16.0,2,moderate_disturbance_lid_opened,5.1875,25.0,45.0,CLOSED,0.00755,-0.00037,5.2172,5.263,4.77,LOW,240.0,239.0,240.0,240.0,240.0,0.0625,0.0755,0.0,0.0,400000.0,OK,IDLE,5.1329,25.0,144000.0,SIMULATED
2026-09-11 09:16:10,16.166666666666668,2,moderate_disturbance_lid_opened,5.125,25.0,45.0,CLOSED,0.00758,0.00631,5.1548,5.2008,4.07,LOW,240.0,239.0,240.0,240.0,240.0,0.0417,0.0758,0.0126,0.0,400000.0,OK,IDLE,5.1343,25.0,144000.0,SIMULATED
2026-09-11 09:16:20,16.333333333333332,2,moderate_disturbance_lid_opened,5.125,25.0625,46.0,CLOSED,0.00755,0.01441,5.1549,5.2005,4.22,LOW,240.0,239.0,240.0,240.0,240.0,0.0417,0.0755,0.0288,0.0,400000.0,OK,IDLE,5.1356,25.0,144000.0,SIMULATED
2026-09-11 09:16:30,16.5,2,moderate_disturbance_lid_opened,5.125,24.875,45.0,CLOSED,0.00747,0.02056,5.1546,5.1997,4.32,LOW,240.0,239.0,240.0,240.0,240.0,0.0417,0.0747,0.0411,0.0,400000.0,OK,IDLE,5.137,25.0,144000.0,SIMULATED
2026-09-11 09:16:40,16.666666666666668,2,moderate_disturbance_lid_opened,5.125,25.0,45.0,CLOSED,0.00755,0.02239,5.1548,5.2005,4.38,LOW,240.0,239.0,240.0,240.0,240.0,0.0417,0.0755,0.0448,0.0,400000.0,OK,IDLE,5.1384,25.0,144000.0,SIMULATED
2026-09-11 09:16:50,16.833333333333332,2,moderate_disturbance_lid_opened,5.125,25.0,45.0,CLOSED,0.00772,0.02405,5.1548,5.2022,4.46,LOW,240.0,239.0,240.0,240.0,240.0,0.0417,0.0772,0.0481,0.0,400000.0,OK,IDLE,5.1398,25.0,144000.0,SIMULATED
2026-09-11 09:17:00,17.0,2,moderate_disturbance_lid_opened,5.1875,25.0,45.0,CLOSED,0.00778,0.02559,5.2172,5.2653,5.35,LOW,240.0,239.0,240.0,240.0,240.0,0.0625,0.0778,0.0512,0.0,400000.0,OK,IDLE,5.1412,25.0,144000.0,SIMULATED
2026-09-11 09:17:10,17.166666666666668,2,moderate_disturbance_lid_opened,5.125,25.0,45.0,CLOSED,0.00811,0.02705,5.1548,5.2061,4.64,LOW,240.0,239.0,240.0,240.0,240.0,0.0417,0.0811,0.0541,0.0,400000.0,OK,IDLE,5.1425,25.0,144000.0,SIMULATED
2026-09-11 09:17:20,17.333333333333332,2,moderate_disturbance_lid_opened,5.125,24.9375,45.0,CLOSED,0.00846,0.03141,5.1547,5.2096,4.83,LOW,240.0,239.0,240.0,240.0,240.0,0.0417,0.0846,0.0628,0.0,400000.0,OK,IDLE,5.1439,25.0,144000.0,SIMULATED
2026-09-11 09:17:30,17.5,2,moderate_disturbance_lid_opened,5.1875,25.0625,45.0,CLOSED,0.0088,0.03493,5.2173,5.2755,5.84,LOW,240.0,239.0,240.0,240.0,240.0,0.0625,0.088,0.0699,0.0,400000.0,OK,IDLE,5.1453,25.0,144000.0,SIMULATED
2026-09-11 09:17:40,17.666666666666668,2,moderate_disturbance_lid_opened,5.125,25.0,45.0,CLOSED,0.00896,0.03787,5.1548,5.2146,5.11,LOW,240.0,239.0,240.0,240.0,240.0,0.0417,0.0896,0.0757,0.0,400000.0,OK,IDLE,5.1467,25.0,144000.0,SIMULATED
2026-09-11 09:17:50,17.833333333333332,2,moderate_disturbance_lid_opened,5.1875,25.0,45.0,CLOSED,0.00935,0.04041,5.2172,5.281,6.11,LOW,240.0,239.0,240.0,240.0,240.0,0.0625,0.0935,0.0808,0.0,400000.0,OK,IDLE,5.1481,25.0,144000.0,SIMULATED
2026-09-11 09:18:00,18.0,2,moderate_disturbance_lid_opened,5.0625,24.9375,45.0,CLOSED,0.00953,0.04266,5.0923,5.1578,4.55,LOW,240.0,239.0,240.0,240.0,240.0,0.0208,0.0953,0.0853,0.0,400000.0,OK,IDLE,5.1494,25.0,144000.0,SIMULATED
2026-09-11 09:18:10,18.166666666666668,2,moderate_disturbance_lid_opened,5.125,25.0,44.0,CLOSED,0.00975,0.04185,5.1548,5.2225,5.43,LOW,240.0,239.0,240.0,240.0,240.0,0.0417,0.0975,0.0837,0.0,400000.0,OK,IDLE,5.1508,25.0,144000.0,SIMULATED
2026-09-11 09:18:20,18.333333333333332,2,moderate_disturbance_lid_opened,5.125,24.875,45.0,CLOSED,0.00964,0.03891,5.1546,5.2214,5.34,LOW,240.0,239.0,240.0,240.0,240.0,0.0417,0.0964,0.0778,0.0,400000.0,OK,IDLE,5.1522,25.0,144000.0,SIMULATED
2026-09-11 09:18:30,18.5,2,moderate_disturbance_lid_opened,5.125,25.125,45.0,CLOSED,0.00964,0.03733,5.155,5.2214,5.3,LOW,240.0,239.0,240.0,240.0,240.0,0.0417,0.0964,0.0747,0.0,400000.0,OK,IDLE,5.1536,25.0,144000.0,SIMULATED
2026-09-11 09:18:40,18.666666666666668,2,moderate_disturbance_lid_opened,5.125,24.9375,44.0,CLOSED,0.00954,0.03384,5.1547,5.2204,5.2,LOW,240.0,239.0,240.0,240.0,240.0,0.0417,0.0954,0.0677,0.0,400000.0,OK,IDLE,5.155,25.0,144000.0,SIMULATED
2026-09-11 09:18:50,18.833333333333332,2,moderate_disturbance_lid_opened,5.125,25.0625,45.0,CLOSED,0.00936,0.02902,5.1549,5.2186,5.05,LOW,240.0,239.0,240.0,240.0,240.0,0.0417,0.0936,0.058,0.0,400000.0,OK,IDLE,5.1563,25.0,144000.0,SIMULATED
2026-09-11 09:19:00,19.0,2,moderate_disturbance_lid_opened,5.1875,25.0,45.0,CLOSED,0.0093,0.02612,5.2172,5.2805,5.81,LOW,240.0,239.0,240.0,240.0,240.0,0.0625,0.093,0.0522,0.0,400000.0,OK,IDLE,5.1577,25.0,144000.0,SIMULATED
2026-09-11 09:19:10,19.166666666666668,2,moderate_disturbance_lid_opened,5.1875,25.0625,45.0,CLOSED,0.00931,0.02457,5.2173,5.2806,5.78,LOW,240.0,239.0,240.0,240.0,240.0,0.0625,0.0931,0.0491,0.0,400000.0,OK,IDLE,5.1591,25.0,144000.0,SIMULATED
2026-09-11 09:19:20,19.333333333333332,2,moderate_disturbance_lid_opened,5.125,25.0,45.0,CLOSED,0.00937,0.02395,5.1548,5.2187,4.96,LOW,240.0,239.0,240.0,240.0,240.0,0.0417,0.0937,0.0479,0.0,400000.0,OK,IDLE,5.1605,25.0,144000.0,SIMULATED
2026-09-11 09:19:30,19.5,2,moderate_disturbance_lid_opened,5.125,25.0,45.0,CLOSED,0.00964,0.024,5.1548,5.2214,5.04,LOW,240.0,239.0,240.0,240.0,240.0,0.0417,0.0964,0.048,0.0,400000.0,OK,IDLE,5.1618,25.0,144000.0,SIMULATED
2026-09-11 09:19:40,19.666666666666668,2,moderate_disturbance_lid_opened,5.1875,24.9375,46.0,CLOSED,0.01006,0.02737,5.2171,5.2881,6.07,LOW,240.0,239.0,240.0,240.0,240.0,0.0625,0.1006,0.0547,0.0,400000.0,OK,IDLE,5.1632,25.0,144000.0,SIMULATED
2026-09-11 09:19:50,19.833333333333332,2,moderate_disturbance_lid_opened,5.1875,25.0,46.0,CLOSED,0.01003,0.03001,5.2172,5.2878,6.11,LOW,240.0,239.0,240.0,240.0,240.0,0.0625,0.1003,0.06,0.0,400000.0,OK,IDLE,5.1646,25.0,144000.0,SIMULATED
2026-09-11 09:20:00,20.0,2,moderate_disturbance_lid_opened,5.125,24.9375,45.0,OPEN,0.00966,0.03205,5.1547,5.2216,25.21,LOW,240.0,239.0,240.0,240.0,240.0,0.0417,0.0966,0.0641,1.0,400000.0,OK,IDLE,5.166,25.0,54000.0,SIMULATED
2026-09-11 09:20:10,20.166666666666668,2,moderate_disturbance_lid_opened,5.1875,25.0625,46.0,OPEN,0.0096,0.03652,5.2173,5.2835,26.11,LOW,240.0,239.0,240.0,240.0,240.0,0.0625,0.096,0.073,1.0,400000.0,OK,IDLE,5.1696,25.0058,54000.0,SIMULATED
2026-09-11 09:20:20,20.333333333333332,2,moderate_disturbance_lid_opened,5.25,25.0625,46.0,OPEN,0.00954,0.03965,5.2797,5.3454,26.99,LOW,240.0,239.0,240.0,240.0,240.0,0.0833,0.0954,0.0793,1.0,400000.0,OK,IDLE,5.1733,25.0117,54000.0,SIMULATED
2026-09-11 09:20:30,20.5,2,moderate_disturbance_lid_opened,5.1875,25.0625,46.0,OPEN,0.00948,0.04461,5.2173,5.2823,26.24,LOW,240.0,239.0,240.0,240.0,240.0,0.0625,0.0948,0.0892,1.0,400000.0,OK,IDLE,5.177,25.0175,54000.0,SIMULATED
2026-09-11 09:20:40,20.666666666666668,2,moderate_disturbance_lid_opened,5.25,25.0,46.0,OPEN,0.00977,0.05074,5.2796,5.3477,27.28,LOW,240.0,239.0,240.0,240.0,240.0,0.0833,0.0977,0.1015,1.0,400000.0,OK,IDLE,5.1807,25.0233,54000.0,SIMULATED
2026-09-11 09:20:50,20.833333333333332,2,moderate_disturbance_lid_opened,5.1875,25.0625,47.0,OPEN,0.00973,0.06046,5.2173,5.2848,26.63,LOW,240.0,239.0,240.0,240.0,240.0,0.0625,0.0973,0.1209,1.0,400000.0,OK,IDLE,5.1843,25.0292,54000.0,SIMULATED
2026-09-11 09:21:00,21.0,2,moderate_disturbance_lid_opened,5.25,25.0,47.0,OPEN,0.00982,0.07249,5.2796,5.3482,27.73,LOW,240.0,239.0,240.0,240.0,240.0,0.0833,0.0982,0.145,1.0,400000.0,OK,IDLE,5.188,25.035,54000.0,SIMULATED
2026-09-11 09:21:10,21.166666666666668,2,moderate_disturbance_lid_opened,5.1875,25.0,47.0,OPEN,0.00999,0.08301,5.2172,5.2874,27.16,LOW,240.0,239.0,240.0,240.0,240.0,0.0625,0.0999,0.166,1.0,400000.0,OK,IDLE,5.1917,25.0408,54000.0,SIMULATED
2026-09-11 09:21:20,21.333333333333332,2,moderate_disturbance_lid_opened,5.125,25.0,47.0,OPEN,0.00965,0.09514,5.1548,5.2215,26.46,LOW,240.0,239.0,240.0,240.0,240.0,0.0417,0.0965,0.1903,1.0,400000.0,OK,IDLE,5.1954,25.0467,54000.0,SIMULATED
2026-09-11 09:21:30,21.5,2,moderate_disturbance_lid_opened,5.125,25.0625,47.0,OPEN,0.00914,0.10524,5.1549,5.2164,26.51,LOW,240.0,239.0,240.0,240.0,240.0,0.0417,0.0914,0.2105,1.0,400000.0,OK,IDLE,5.199,25.0525,54000.0,SIMULATED
2026-09-11 09:21:40,21.666666666666668,2,moderate_disturbance_lid_opened,5.1875,25.0625,48.0,OPEN,0.00885,0.1165,5.2173,5.276,27.49,LOW,240.0,239.0,240.0,240.0,240.0,0.0625,0.0885,0.233,1.0,400000.0,OK,IDLE,5.2027,25.0583,54000.0,SIMULATED
2026-09-11 09:21:50,21.833333333333332,2,moderate_disturbance_lid_opened,5.1875,24.9375,48.0,OPEN,0.00854,0.13115,5.2171,5.2729,27.69,LOW,240.0,239.0,240.0,240.0,240.0,0.0625,0.0854,0.2623,1.0,400000.0,OK,IDLE,5.2064,25.0642,54000.0,SIMULATED
2026-09-11 09:22:00,22.0,2,moderate_disturbance_lid_opened,5.25,25.125,48.0,OPEN,0.00838,0.14787,5.2798,5.3338,28.8,LOW,240.0,239.0,240.0,240.0,240.0,0.0833,0.0838,0.2957,1.0,400000.0,OK,IDLE,5.2101,25.07,54000.0,SIMULATED
2026-09-11 09:22:10,22.166666666666668,2,moderate_disturbance_lid_opened,5.1875,25.125,49.0,OPEN,0.0083,0.16862,5.2174,5.2705,28.36,LOW,240.0,239.0,240.0,240.0,240.0,0.0625,0.083,0.3372,1.0,400000.0,OK,IDLE,5.2137,25.0758,54000.0,SIMULATED
2026-09-11 09:22:20,22.333333333333332,2,moderate_disturbance_lid_opened,5.1875,25.125,49.0,OPEN,0.00792,0.1918,5.2174,5.2667,28.71,LOW,240.0,239.0,240.0,240.0,240.0,0.0625,0.0792,0.3836,1.0,400000.0,OK,IDLE,5.2174,25.0817,54000.0,SIMULATED
2026-09-11 09:22:30,22.5,2,moderate_disturbance_lid_opened,5.25,25.0,49.0,OPEN,0.00784,0.21631,5.2796,5.3284,30.01,MEDIUM,240.0,239.0,240.0,240.0,240.0,0.0833,0.0784,0.4326,1.0,400000.0,OK,IDLE,5.2211,25.0875,54000.0,SIMULATED
2026-09-11 09:22:40,22.666666666666668,2,moderate_disturbance_lid_opened,5.25,25.125,50.0,OPEN,0.00798,0.24423,5.2798,5.3298,30.61,MEDIUM,240.0,239.0,240.0,240.0,240.0,0.0833,0.0798,0.4885,1.0,400000.0,OK,IDLE,5.2248,25.0933,54000.0,SIMULATED
2026-09-11 09:22:50,22.833333333333332,2,moderate_disturbance_lid_opened,5.25,25.125,50.0,OPEN,0.00824,0.27405,5.2798,5.3324,31.29,MEDIUM,240.0,239.0,240.0,240.0,240.0,0.0833,0.0824,0.5481,1.0,400000.0,OK,IDLE,5.2285,25.0992,54000.0,SIMULATED
2026-09-11 09:23:00,23.0,2,moderate_disturbance_lid_opened,5.1875,25.0625,50.0,OPEN,0.00823,0.30473,5.2173,5.2698,31.06,MEDIUM,240.0,239.0,240.0,240.0,240.0,0.0625,0.0823,0.6095,1.0,400000.0,OK,IDLE,5.2321,25.105,54000.0,SIMULATED
2026-09-11 09:23:10,23.166666666666668,2,moderate_disturbance_lid_opened,5.1875,25.125,50.0,OPEN,0.00837,0.33553,5.2174,5.2712,31.72,MEDIUM,240.0,239.0,240.0,240.0,240.0,0.0625,0.0837,0.6711,1.0,400000.0,OK,IDLE,5.2358,25.1108,54000.0,SIMULATED
2026-09-11 09:23:20,23.333333333333332,2,moderate_disturbance_lid_opened,5.1875,25.1875,50.0,OPEN,0.00826,0.36594,5.2175,5.2701,32.3,MEDIUM,240.0,239.0,240.0,240.0,240.0,0.0625,0.0826,0.7319,1.0,400000.0,OK,IDLE,5.2395,25.1167,54000.0,SIMULATED
2026-09-11 09:23:30,23.5,2,moderate_disturbance_lid_opened,5.25,25.1875,51.0,OPEN,0.00813,0.39847,5.2799,5.3313,33.74,MEDIUM,240.0,239.0,240.0,240.0,240.0,0.0833,0.0813,0.7969,1.0,400000.0,OK,IDLE,5.2432,25.1225,54000.0,SIMULATED
2026-09-11 09:23:40,23.666666666666668,2,moderate_disturbance_lid_opened,5.1875,25.1875,51.0,OPEN,0.00817,0.43189,5.2175,5.2692,33.59,MEDIUM,240.0,239.0,240.0,240.0,240.0,0.0625,0.0817,0.8638,1.0,400000.0,OK,IDLE,5.2469,25.1283,54000.0,SIMULATED
2026-09-11 09:23:50,23.833333333333332,2,moderate_disturbance_lid_opened,5.1875,25.125,51.0,OPEN,0.00813,0.46538,5.2174,5.2688,34.25,MEDIUM,240.0,239.0,240.0,240.0,240.0,0.0625,0.0813,0.9308,1.0,400000.0,OK,IDLE,5.2505,25.1342,54000.0,SIMULATED
2026-09-11 09:24:00,24.0,2,moderate_disturbance_lid_opened,5.3125,25.1875,52.0,OPEN,0.00858,0.5012,5.3423,5.3983,36.74,MEDIUM,240.0,239.0,240.0,240.0,240.0,0.1042,0.0858,1.0,1.0,400000.0,OK,IDLE,5.2542,25.14,54000.0,SIMULATED
2026-09-11 09:24:10,24.166666666666668,2,moderate_disturbance_lid_opened,5.3125,25.125,51.0,OPEN,0.00936,0.53512,5.3422,5.4061,36.98,MEDIUM,240.0,239.0,240.0,240.0,240.0,0.1042,0.0936,1.0,1.0,400000.0,OK,IDLE,5.2579,25.1458,54000.0,SIMULATED
2026-09-11 09:24:20,24.333333333333332,2,moderate_disturbance_lid_opened,5.25,25.125,51.0,OPEN,0.01,0.56715,5.2798,5.35,36.33,MEDIUM,240.0,239.0,240.0,240.0,240.0,0.0833,0.1,1.0,1.0,400000.0,OK,IDLE,5.2616,25.1517,54000.0,SIMULATED
2026-09-11 09:24:30,24.5,2,moderate_disturbance_lid_opened,5.3125,25.1875,52.0,OPEN,0.0107,0.60309,5.3423,5.4195,37.38,MEDIUM,240.0,239.0,240.0,240.0,240.0,0.1042,0.107,1.0,1.0,400000.0,OK,IDLE,5.2653,25.1575,54000.0,SIMULATED
2026-09-11 09:24:40,24.666666666666668,2,moderate_disturbance_lid_opened,5.3125,25.125,51.0,OPEN,0.01161,0.63538,5.3422,5.4286,37.65,MEDIUM,240.0,239.0,240.0,240.0,240.0,0.1042,0.1161,1.0,1.0,400000.0,OK,IDLE,5.269,25.1633,54000.0,SIMULATED
2026-09-11 09:24:50,24.833333333333332,2,moderate_disturbance_lid_opened,5.3125,25.1875,52.0,OPEN,0.01248,0.66741,5.3423,5.4373,37.91,MEDIUM,240.0,239.0,240.0,240.0,240.0,0.1042,0.1248,1.0,1.0,400000.0,OK,IDLE,5.2726,25.1692,54000.0,SIMULATED
2026-09-11 09:25:00,25.0,2,moderate_disturbance_lid_opened,5.25,25.1875,53.0,OPEN,0.01311,0.70144,5.2799,5.3811,37.27,MEDIUM,240.0,239.0,240.0,240.0,240.0,0.0833,0.1311,1.0,1.0,400000.0,OK,IDLE,5.2763,25.175,54000.0,SIMULATED
2026-09-11 09:25:10,25.166666666666668,2,moderate_disturbance_lid_opened,5.375,25.1875,53.0,OPEN,0.01393,0.73612,5.4047,5.5143,39.18,MEDIUM,240.0,239.0,240.0,240.0,240.0,0.125,0.1393,1.0,1.0,400000.0,OK,IDLE,5.28,25.1808,54000.0,SIMULATED
2026-09-11 09:25:20,25.333333333333332,2,moderate_disturbance_lid_opened,5.25,25.125,53.0,OPEN,0.01468,0.77048,5.2798,5.3968,37.74,MEDIUM,240.0,239.0,240.0,240.0,240.0,0.0833,0.1468,1.0,1.0,400000.0,OK,IDLE,5.2837,25.1867,54000.0,SIMULATED
2026-09-11 09:25:30,25.5,2,moderate_disturbance_lid_opened,5.3125,25.1875,52.0,OPEN,0.01556,0.80101,5.3703,5.4681,38.84,MEDIUM,240.0,239.0,240.0,172.69,240.0,0.1042,0.1556,1.0,1.0,205976.7,OK,IDLE,5.2874,25.1925,54000.0,SIMULATED
2026-09-11 09:25:40,25.666666666666668,2,moderate_disturbance_lid_opened,5.25,25.1875,54.0,OPEN,0.01597,0.83389,5.3437,5.4097,38.12,MEDIUM,240.0,239.0,240.0,172.22,240.0,0.0833,0.1597,1.0,1.0,127339.2,OK,IDLE,5.2911,25.1983,54000.0,SIMULATED
2026-09-11 09:25:50,25.833333333333332,2,moderate_disturbance_lid_opened,5.25,25.25,53.0,OPEN,0.01621,0.86472,5.355,5.4121,38.2,MEDIUM,240.0,239.0,240.0,169.64,240.0,0.0833,0.1621,1.0,1.0,114010.5,OK,IDLE,5.2948,25.2042,54000.0,SIMULATED
2026-09-11 09:26:00,26.0,2,moderate_disturbance_lid_opened,5.3125,25.1875,54.0,OPEN,0.01669,0.8962,5.4275,5.4794,39.17,MEDIUM,240.0,239.0,240.0,161.02,240.0,0.1042,0.1669,1.0,1.0,103370.4,OK,IDLE,5.2984,25.21,54000.0,SIMULATED
2026-09-11 09:26:10,26.166666666666668,2,moderate_disturbance_lid_opened,5.3125,25.25,53.0,OPEN,0.01732,0.92442,5.4383,5.4857,39.36,MEDIUM,228.75,227.3,230.2,155.14,240.0,0.1042,0.1732,1.0,1.0,94791.8,OK,IDLE,5.3021,25.2158,54000.0,SIMULATED
2026-09-11 09:26:20,26.333333333333332,2,moderate_disturbance_lid_opened,5.3125,25.1875,55.0,OPEN,0.01787,0.95531,5.4479,5.4912,39.53,MEDIUM,212.54,208.74,216.35,150.42,240.0,0.1042,0.1787,1.0,1.0,87779.6,OK,IDLE,5.3058,25.2217,54000.0,SIMULATED
2026-09-11 09:26:30,26.5,2,moderate_disturbance_lid_opened,5.3125,25.125,55.0,OPEN,0.01833,0.99007,5.4569,5.4958,39.67,MEDIUM,199.34,192.92,205.75,146.61,240.0,0.1042,0.1833,1.0,1.0,82046.8,OK,IDLE,5.3095,25.2275,54000.0,SIMULATED
2026-09-11 09:26:40,26.666666666666668,2,moderate_disturbance_lid_opened,5.1875,25.25,54.0,OPEN,0.01836,1.02088,5.3414,5.3711,38.01,MEDIUM,196.16,187.72,204.6,153.15,240.0,0.0625,0.1836,1.0,1.0,77921.9,OK,IDLE,5.3132,25.2333,54000.0,SIMULATED
2026-09-11 09:26:50,26.833333333333332,2,moderate_disturbance_lid_opened,5.3125,25.1875,54.0,OPEN,0.01845,1.04806,5.4717,5.497,39.7,MEDIUM,180.64,169.42,191.85,145.68,240.0,0.1042,0.1845,1.0,1.0,74602.1,OK,IDLE,5.3169,25.2392,54000.0,SIMULATED
2026-09-11 09:27:00,27.0,2,moderate_disturbance_lid_opened,5.375,25.3125,55.0,OPEN,0.01873,1.0747,5.5406,5.5623,40.62,MEDIUM,169.23,155.01,183.44,140.18,240.0,0.125,0.1873,1.0,1.0,71922.3,OK,IDLE,5.3206,25.245,54000.0,SIMULATED
2026-09-11 09:27:10,27.166666666666668,2,moderate_disturbance_lid_opened,5.3125,25.25,55.0,OPEN,0.01912,1.10001,5.4837,5.5037,39.9,MEDIUM,167.91,151.23,184.59,140.54,240.0,0.1042,0.1912,1.0,1.0,69580.9,OK,IDLE,5.3243,25.2508,54000.0,SIMULATED
2026-09-11 09:27:20,27.333333333333332,2,moderate_disturbance_lid_opened,5.25,25.375,55.0,OPEN,0.01923,1.12344,5.4271,5.4423,39.1,MEDIUM,166.24,147.39,185.09,143.02,240.0,0.0833,0.1923,1.0,1.0,67885.5,OK,IDLE,5.3279,25.2567,54000.0,SIMULATED
2026-09-11 09:27:30,27.5,2,moderate_disturbance_lid_opened,5.375,25.3125,55.0,OPEN,0.01947,1.1446,5.5547,5.5697,40.84,MEDIUM,155.93,134.61,177.24,134.79,240.0,0.125,0.1947,1.0,1.0,66270.9,OK,IDLE,5.3316,25.2625,54000.0,SIMULATED
2026-09-11 09:27:40,27.666666666666668,2,moderate_disturbance_lid_opened,5.3125,25.25,55.0,OPEN,0.0198,1.16322,5.4962,5.5105,40.11,MEDIUM,156.39,132.98,179.8,135.72,240.0,0.1042,0.198,1.0,1.0,64806.3,OK,IDLE,5.3353,25.2683,54000.0,SIMULATED
2026-09-11 09:27:50,27.833333333333332,2,moderate_disturbance_lid_opened,5.3125,25.25,55.0,OPEN,0.01999,1.17911,5.4998,5.5124,40.16,MEDIUM,153.4,128.0,178.8,134.45,240.0,0.1042,0.1999,1.0,1.0,63566.3,OK,IDLE,5.339,25.2742,54000.0,SIMULATED
2026-09-11 09:28:00,28.0,2,moderate_disturbance_lid_opened,5.3125,25.1875,56.0,OPEN,0.02024,1.19499,5.5027,5.5149,40.24,MEDIUM,151.09,123.81,178.37,132.75,240.0,0.1042,0.2024,1.0,1.0,62400.8,OK,IDLE,5.3427,25.28,54000.0,SIMULATED
2026-09-11 09:28:10,28.166666666666668,2,moderate_disturbance_lid_opened,5.3125,25.1875,56.0,OPEN,0.02017,1.20982,5.5052,5.5142,40.22,MEDIUM,149.11,120.07,178.16,133.25,240.0,0.1042,0.2017,1.0,1.0,61582.6,OK,IDLE,5.3464,25.2858,54000.0,SIMULATED
2026-09-11 09:28:20,28.333333333333332,2,moderate_disturbance_lid_opened,5.3125,25.3125,56.0,OPEN,0.02002,1.21991,5.5077,5.5127,40.17,MEDIUM,147.12,116.4,177.84,134.25,240.0,0.1042,0.2002,1.0,1.0,61172.5,OK,IDLE,5.3501,25.2917,54000.0,SIMULATED
2026-09-11 09:28:30,28.5,2,moderate_disturbance_lid_opened,5.375,25.25,56.0,OPEN,0.01998,1.2285,5.5702,5.5748,40.99,MEDIUM,143.54,111.16,175.92,131.38,240.0,0.125,0.1998,1.0,1.0,60800.1,OK,IDLE,5.3538,25.2975,54000.0,SIMULATED
2026-09-11 09:28:40,28.666666666666668,2,moderate_disturbance_lid_opened,5.3125,25.375,57.0,OPEN,0.01982,1.23785,5.5096,5.5107,40.11,MEDIUM,145.7,111.91,179.5,135.62,240.0,0.1042,0.1982,1.0,1.0,60786.1,OK,IDLE,5.3575,25.3033,54000.0,SIMULATED
2026-09-11 09:28:50,28.833333333333332,2,moderate_disturbance_lid_opened,5.4375,25.3125,56.0,OPEN,0.0199,1.24077,5.6334,5.6365,41.8,MEDIUM,139.34,104.02,174.66,128.74,240.0,0.1458,0.199,1.0,1.0,60567.6,OK,IDLE,5.3612,25.3092,54000.0,SIMULATED
2026-09-11 09:29:00,29.0,2,moderate_disturbance_lid_opened,5.3125,25.3125,56.0,OPEN,0.01978,1.24101,5.5096,5.5103,40.1,MEDIUM,145.73,109.25,182.21,135.86,240.0,0.1042,0.1978,1.0,1.0,60591.7,OK,IDLE,5.3649,25.315,54000.0,SIMULATED
2026-09-11 09:29:10,29.166666666666668,2,moderate_disturbance_lid_opened,5.3125,25.3125,56.0,OPEN,0.01968,1.23832,5.5093,5.5093,40.07,MEDIUM,145.96,108.43,183.49,136.58,240.0,0.1042,0.1968,1.0,1.0,60690.1,OK,IDLE,5.3686,25.3208,54000.0,SIMULATED
2026-09-11 09:29:20,29.333333333333332,2,moderate_disturbance_lid_opened,5.375,25.375,57.0,OPEN,0.01975,1.23539,5.5717,5.5725,40.93,MEDIUM,142.35,103.76,180.95,132.89,240.0,0.125,0.1975,1.0,1.0,60705.2,OK,IDLE,5.3723,25.3267,54000.0,SIMULATED
2026-09-11 09:29:30,29.5,2,moderate_disturbance_lid_opened,5.25,25.3125,57.0,OPEN,0.0194,1.23115,5.4462,5.444,39.15,MEDIUM,149.99,110.64,189.34,141.79,240.0,0.0833,0.194,1.0,1.0,61044.8,OK,IDLE,5.376,25.3325,54000.0,SIMULATED
2026-09-11 09:29:40,29.666666666666668,2,moderate_disturbance_lid_opened,5.375,25.25,57.0,OPEN,0.01908,1.22485,5.5682,5.5658,40.72,MEDIUM,144.98,104.81,185.14,137.58,240.0,0.125,0.1908,1.0,1.0,61408.7,OK,IDLE,5.3796,25.3383,54000.0,SIMULATED
2026-09-11 09:29:50,29.833333333333332,2,moderate_disturbance_lid_opened,5.375,25.4375,57.0,OPEN,0.01895,1.21892,5.5684,5.5645,40.69,MEDIUM,144.75,103.84,185.66,138.49,240.0,0.125,0.1895,1.0,1.0,61933.6,OK,IDLE,5.3833,25.3442,54000.0,SIMULATED
2026-09-11 09:30:00,30.0,2,moderate_disturbance_lid_opened,5.375,25.25,57.0,OPEN,0.01894,1.2122,5.5658,5.5644,40.68,MEDIUM,146.82,105.29,188.34,138.57,240.0,0.125,0.1894,1.0,1.0,62187.8,OK,IDLE,5.387,25.35,54000.0,SIMULATED
2026-09-11 09:30:10,30.166666666666668,2,moderate_disturbance_lid_opened,5.4375,25.375,57.0,OPEN,0.01899,1.20092,5.6283,5.6274,41.53,MEDIUM,143.05,100.88,185.22,134.94,240.0,0.1458,0.1899,1.0,1.0,62389.7,OK,IDLE,5.3907,25.3558,54000.0,SIMULATED
2026-09-11 09:30:20,30.333333333333332,2,moderate_disturbance_lid_opened,5.375,25.375,57.0,OPEN,0.01905,1.18827,5.566,5.5655,40.72,MEDIUM,146.65,104.0,189.31,137.78,240.0,0.125,0.1905,1.0,1.0,62539.0,OK,IDLE,5.3944,25.3617,54000.0,SIMULATED
2026-09-11 09:30:30,30.5,2,moderate_disturbance_lid_opened,5.4375,25.375,58.0,OPEN,0.01947,1.17646,5.6287,5.6322,41.67,MEDIUM,142.76,99.6,185.93,131.61,240.0,0.1458,0.1947,1.0,1.0,62264.6,OK,IDLE,5.3981,25.3675,54000.0,SIMULATED
2026-09-11 09:30:40,30.666666666666668,2,moderate_disturbance_lid_opened,5.5,25.375,57.0,OPEN,0.02011,1.16125,5.6929,5.7011,42.7,MEDIUM,137.84,94.11,181.57,124.29,240.0,0.1667,0.2011,1.0,1.0,61520.6,OK,IDLE,5.4018,25.3733,54000.0,SIMULATED
2026-09-11 09:30:50,30.833333333333332,2,moderate_disturbance_lid_opened,5.5,25.3125,58.0,OPEN,0.02107,1.14546,5.6963,5.7107,42.99,MEDIUM,135.44,91.16,179.72,118.65,240.0,0.1667,0.2107,1.0,1.0,60245.4,OK,IDLE,5.4055,25.3792,54000.0,SIMULATED
2026-09-11 09:31:00,31.0,2,moderate_disturbance_lid_opened,5.4375,25.4375,57.0,OPEN,0.02186,1.12822,5.6402,5.6561,42.39,MEDIUM,134.62,89.84,179.39,117.23,240.0,0.1458,0.2186,1.0,1.0,58908.9,OK,IDLE,5.4092,25.385,54000.0,SIMULATED
2026-09-11 09:31:10,31.166666666666668,2,moderate_disturbance_lid_opened,5.4375,25.375,58.0,OPEN,0.02269,1.11187,5.645,5.6644,42.64,MEDIUM,131.52,86.26,176.79,112.94,240.0,0.1458,0.2269,1.0,1.0,57362.2,OK,IDLE,5.4129,25.3908,54000.0,SIMULATED
2026-09-11 09:31:20,31.333333333333332,2,moderate_disturbance_lid_opened,5.4375,25.4375,58.0,OPEN,0.02335,1.09509,5.6511,5.671,42.84,MEDIUM,127.67,81.9,173.45,109.75,240.0,0.1458,0.2335,1.0,1.0,55870.1,OK,IDLE,5.4166,25.3967,54000.0,SIMULATED
2026-09-11 09:31:30,31.5,2,moderate_disturbance_lid_opened,5.4375,25.375,57.0,OPEN,0.02368,1.07412,5.6557,5.6743,42.94,MEDIUM,125.03,78.77,171.3,108.21,240.0,0.1458,0.2368,1.0,1.0,54532.1,OK,IDLE,5.4203,25.4025,54000.0,SIMULATED
2026-09-11 09:31:40,31.666666666666668,2,moderate_disturbance_lid_opened,5.4375,25.4375,58.0,OPEN,0.02375,1.0521,5.6604,5.675,42.96,MEDIUM,122.32,75.59,169.06,107.89,240.0,0.1458,0.2375,1.0,1.0,53530.3,OK,IDLE,5.424,25.4083,54000.0,SIMULATED
2026-09-11 09:31:50,31.833333333333332,2,moderate_disturbance_lid_opened,5.375,25.5,58.0,OPEN,0.02362,1.03127,5.6018,5.6112,42.08,MEDIUM,123.29,76.2,170.39,111.15,240.0,0.125,0.2362,1.0,1.0,52930.5,OK,IDLE,5.4277,25.4142,54000.0,SIMULATED
2026-09-11 09:32:00,32.0,2,moderate_disturbance_lid_opened,5.5,25.3125,58.0,OPEN,0.02368,1.01031,5.7262,5.7368,43.77,MEDIUM,117.46,69.95,164.97,105.59,240.0,0.1667,0.2368,1.0,1.0,52250.1,OK,IDLE,5.4314,25.42,54000.0,SIMULATED
2026-09-11 09:32:10,32.166666666666664,2,moderate_disturbance_lid_opened,5.4375,25.4375,58.0,OPEN,0.02385,0.9883,5.668,5.676,42.99,MEDIUM,118.29,70.48,166.11,107.45,240.0,0.1458,0.2385,1.0,1.0,51766.6,OK,IDLE,5.4351,25.4258,54000.0,SIMULATED
2026-09-11 09:32:20,32.333333333333336,2,moderate_disturbance_lid_opened,5.4375,25.4375,59.0,OPEN,0.0239,0.97043,5.6697,5.6765,43.0,MEDIUM,117.41,69.36,165.46,107.22,240.0,0.1458,0.239,1.0,1.0,51377.8,OK,IDLE,5.4388,25.4317,54000.0,SIMULATED
2026-09-11 09:32:30,32.5,2,moderate_disturbance_lid_opened,5.375,25.4375,58.0,OPEN,0.02366,0.95163,5.6085,5.6116,42.1,MEDIUM,119.79,71.64,167.93,110.95,240.0,0.125,0.2366,1.0,1.0,51252.6,OK,IDLE,5.4425,25.4375,54000.0,SIMULATED
2026-09-11 09:32:40,32.666666666666664,2,moderate_disturbance_lid_opened,5.4375,25.4375,59.0,OPEN,0.02356,0.93419,5.6706,5.6731,42.9,MEDIUM,116.93,68.72,165.15,108.74,240.0,0.1458,0.2356,1.0,1.0,51170.5,OK,IDLE,5.4462,25.4433,54000.0,SIMULATED
2026-09-11 09:32:50,32.833333333333336,2,moderate_disturbance_lid_opened,5.5,25.4375,58.0,OPEN,0.02373,0.91684,5.7333,5.7373,43.79,MEDIUM,113.84,65.58,162.1,105.36,240.0,0.1667,0.2373,1.0,1.0,50981.0,OK,IDLE,5.4499,25.4492,54000.0,SIMULATED
2026-09-11 09:33:00,33.0,2,moderate_disturbance_lid_opened,5.4375,25.4375,59.0,OPEN,0.02387,0.90165,5.6723,5.6762,43.0,MEDIUM,116.09,67.92,164.26,107.33,240.0,0.1458,0.2387,1.0,1.0,50801.4,OK,IDLE,5.4536,25.455,54000.0,SIMULATED
2026-09-11 09:33:10,33.166666666666664,2,moderate_disturbance_lid_opened,5.5,25.4375,60.0,OPEN,0.02398,0.88997,5.7351,5.7398,43.86,MEDIUM,112.93,64.88,160.97,104.24,240.0,0.1667,0.2398,1.0,1.0,50571.3,OK,IDLE,5.4573,25.4608,54000.0,SIMULATED
2026-09-11 09:33:20,33.333333333333336,2,moderate_disturbance_lid_opened,5.5,25.5625,59.0,OPEN,0.02403,0.87694,5.7372,5.7403,43.88,MEDIUM,111.9,64.05,159.76,104.02,240.0,0.1667,0.2403,1.0,1.0,50450.0,OK,IDLE,5.461,25.4667,54000.0,SIMULATED
2026-09-11 09:33:30,33.5,2,moderate_disturbance_lid_opened,5.4375,25.5,59.0,OPEN,0.02384,0.86211,5.6746,5.6759,42.98,MEDIUM,114.93,67.42,162.44,107.5,240.0,0.1458,0.2384,1.0,1.0,50461.9,OK,IDLE,5.4647,25.4725,54000.0,SIMULATED
2026-09-11 09:33:40,33.666666666666664,2,moderate_disturbance_lid_opened,5.4375,25.5,59.0,OPEN,0.02363,0.84811,5.6741,5.6738,42.92,MEDIUM,115.2,68.15,162.26,108.45,240.0,0.1458,0.2363,1.0,1.0,50582.3,OK,IDLE,5.4685,25.4783,54000.0,SIMULATED
2026-09-11 09:33:50,33.833333333333336,2,moderate_disturbance_lid_opened,5.5,25.5625,60.0,OPEN,0.02339,0.83679,5.7355,5.7339,43.68,MEDIUM,112.69,66.14,159.24,106.89,240.0,0.1667,0.2339,1.0,1.0,50803.9,OK,IDLE,5.4722,25.4842,54000.0,SIMULATED
2026-09-11 09:34:00,34.0,2,moderate_disturbance_lid_opened,5.5,25.5,59.0,OPEN,0.02309,0.82362,5.7335,5.7309,43.59,MEDIUM,113.71,67.79,159.63,108.25,240.0,0.1667,0.2309,1.0,1.0,51093.2,OK,IDLE,5.4759,25.49,54000.0,SIMULATED
2026-09-11 09:34:10,34.166666666666664,2,moderate_disturbance_lid_opened,5.4375,25.5,60.0,OPEN,0.02292,0.81422,5.6701,5.6667,42.71,MEDIUM,117.17,72.04,162.3,111.78,240.0,0.1458,0.2292,1.0,1.0,51447.4,OK,IDLE,5.4796,25.4958,54000.0,SIMULATED
2026-09-11 09:34:20,34.333333333333336,2,moderate_disturbance_lid_opened,5.4375,25.5,59.0,OPEN,0.02283,0.80088,5.6687,5.6658,42.68,MEDIUM,117.9,73.69,162.11,112.25,240.0,0.1458,0.2283,1.0,1.0,51767.7,OK,IDLE,5.4833,25.5017,54000.0,SIMULATED
2026-09-11 09:34:30,34.5,2,moderate_disturbance_lid_opened,5.375,25.5,59.0,OPEN,0.02241,0.78402,5.6046,5.5991,41.72,MEDIUM,121.82,78.69,164.94,117.13,240.0,0.125,0.2241,1.0,1.0,52295.4,OK,IDLE,5.487,25.5075,54000.0,SIMULATED
2026-09-11 09:34:40,34.666666666666664,2,moderate_disturbance_lid_opened,5.5625,25.5,60.0,OPEN,0.02248,0.76975,5.7889,5.7873,44.24,MEDIUM,114.16,72.14,156.19,108.45,240.0,0.1875,0.2248,1.0,1.0,52527.3,OK,IDLE,5.4907,25.5133,54000.0,SIMULATED
2026-09-11 09:34:50,34.833333333333336,2,moderate_disturbance_lid_opened,5.5,25.5,60.0,OPEN,0.02268,0.75357,5.7267,5.7268,43.47,MEDIUM,117.12,76.38,157.86,110.25,240.0,0.1667,0.2268,1.0,1.0,52625.3,OK,IDLE,5.4944,25.5192,54000.0,SIMULATED
2026-09-11 09:35:00,35.0,2,moderate_disturbance_lid_opened,5.5,25.5625,60.0,OPEN,0.02295,0.73815,5.7276,5.7295,43.55,MEDIUM,116.63,77.31,155.94,108.92,240.0,0.1667,0.2295,1.0,1.0,52580.1,OK,IDLE,5.4981,25.525,54000.0,SIMULATED
2026-09-11 09:35:10,35.166666666666664,2,moderate_disturbance_lid_opened,5.4375,25.5,60.0,OPEN,0.0229,0.72545,5.6652,5.6665,42.7,MEDIUM,119.74,82.06,157.42,111.89,240.0,0.1458,0.229,1.0,1.0,52575.0,OK,IDLE,5.5018,25.5308,54000.0,SIMULATED
2026-09-11 09:35:20,35.333333333333336,2,moderate_disturbance_lid_opened,5.5,25.5625,60.0,OPEN,0.02315,0.71399,5.7283,5.7315,43.61,MEDIUM,116.29,80.39,152.2,107.98,240.0,0.1667,0.2315,1.0,1.0,52428.9,OK,IDLE,5.5055,25.5367,54000.0,SIMULATED
2026-09-11 09:35:30,35.5,2,moderate_disturbance_lid_opened,5.5,25.625,60.0,OPEN,0.02323,0.70273,5.7295,5.7323,43.64,MEDIUM,115.65,81.74,149.57,107.6,240.0,0.1667,0.2323,1.0,1.0,52315.0,OK,IDLE,5.5092,25.5425,54000.0,SIMULATED
2026-09-11 09:35:40,35.666666666666664,2,moderate_disturbance_lid_opened,5.5,25.5625,61.0,OPEN,0.02335,0.69086,5.7296,5.7335,43.67,MEDIUM,115.61,83.95,147.27,107.04,240.0,0.1667,0.2335,1.0,1.0,52121.7,OK,IDLE,5.5129,25.5483,54000.0,SIMULATED
2026-09-11 09:35:50,35.833333333333336,2,moderate_disturbance_lid_opened,5.4375,25.5625,61.0,OPEN,0.02312,0.68359,5.6677,5.6687,42.77,MEDIUM,118.37,89.31,147.42,110.81,240.0,0.1458,0.2312,1.0,1.0,52145.6,OK,IDLE,5.5166,25.5542,54000.0,SIMULATED
2026-09-11 09:36:00,36.0,2,moderate_disturbance_lid_opened,5.5625,25.6875,60.0,OPEN,0.02299,0.67308,5.7923,5.7924,44.4,MEDIUM,112.41,86.3,138.52,106.04,240.0,0.1875,0.2299,1.0,1.0,52241.6,OK,IDLE,5.5204,25.56,54000.0,SIMULATED
2026-09-11 09:36:10,36.166666666666664,2,moderate_disturbance_lid_opened,5.5625,25.5625,61.0,OPEN,0.02307,0.66543,5.7911,5.7932,44.42,MEDIUM,113.04,89.64,136.44,105.66,240.0,0.1875,0.2307,1.0,1.0,52185.4,OK,IDLE,5.5241,25.5658,54000.0,SIMULATED
2026-09-11 09:36:20,36.333333333333336,2,moderate_disturbance_lid_opened,5.625,25.4375,60.0,OPEN,0.02346,0.65332,5.8531,5.8596,45.37,MEDIUM,110.25,88.91,131.6,101.24,240.0,0.2083,0.2346,1.0,1.0,51806.8,OK,IDLE,5.5278,25.5717,54000.0,SIMULATED
2026-09-11 09:36:30,36.5,2,moderate_disturbance_lid_opened,5.5625,25.5,60.0,OPEN,0.02386,0.64332,5.7939,5.8011,44.66,MEDIUM,111.69,91.96,131.42,102.16,240.0,0.1875,0.2386,1.0,1.0,51389.8,OK,IDLE,5.5315,25.5775,54000.0,SIMULATED
2026-09-11 09:36:40,36.666666666666664,2,moderate_disturbance_lid_opened,5.5625,25.5625,60.0,OPEN,0.02424,0.63432,5.7968,5.8049,44.77,MEDIUM,110.3,92.21,128.38,100.56,240.0,0.1875,0.2424,1.0,1.0,50919.2,OK,IDLE,5.5352,25.5833,54000.0,SIMULATED
2026-09-11 09:36:50,36.833333333333336,2,moderate_disturbance_lid_opened,5.5,25.5625,60.0,OPEN,0.02403,0.6226,5.736,5.7403,43.88,MEDIUM,112.48,95.45,129.51,104.02,240.0,0.1667,0.2403,1.0,1.0,50710.3,OK,IDLE,5.5389,25.5892,54000.0,SIMULATED
2026-09-11 09:37:00,37.0,2,moderate_disturbance_lid_opened,5.5,25.5625,60.0,OPEN,0.02376,0.60839,5.736,5.7376,43.8,MEDIUM,112.45,96.08,128.83,105.21,240.0,0.1667,0.2376,1.0,1.0,50697.8,OK,IDLE,5.5426,25.595,54000.0,SIMULATED
2026-09-11 09:37:10,37.166666666666664,2,moderate_disturbance_lid_opened,5.5,25.625,61.0,OPEN,0.02361,0.59769,5.7362,5.7361,43.75,MEDIUM,112.33,96.64,128.03,105.91,240.0,0.1667,0.2361,1.0,1.0,50811.8,OK,IDLE,5.5463,25.6008,54000.0,SIMULATED
2026-09-11 09:37:20,37.333333333333336,2,moderate_disturbance_lid_opened,5.5625,25.625,61.0,OPEN,0.02351,0.58886,5.7976,5.7976,44.55,MEDIUM,109.9,94.86,124.95,103.66,240.0,0.1875,0.2351,1.0,1.0,50907.0,OK,IDLE,5.5501,25.6067,54000.0,SIMULATED
2026-09-11 09:37:30,37.5,2,moderate_disturbance_lid_opened,5.5,25.625,61.0,OPEN,0.02308,0.58078,5.7342,5.7308,43.59,MEDIUM,113.32,98.66,127.99,108.31,240.0,0.1667,0.2308,1.0,1.0,51259.0,OK,IDLE,5.5538,25.6125,54000.0,SIMULATED
2026-09-11 09:37:40,37.666666666666664,2,moderate_disturbance_lid_opened,5.5625,25.625,61.0,OPEN,0.02293,0.57265,5.7946,5.7918,44.38,MEDIUM,111.33,97.07,125.58,106.29,240.0,0.1875,0.2293,1.0,1.0,51566.7,OK,IDLE,5.5575,25.6183,54000.0,SIMULATED
2026-09-11 09:37:50,37.833333333333336,2,moderate_disturbance_lid_opened,5.625,25.625,60.0,OPEN,0.02296,0.56106,5.8556,5.8546,45.22,MEDIUM,109.01,95.07,122.95,103.44,240.0,0.2083,0.2296,1.0,1.0,51741.1,OK,IDLE,5.5612,25.6242,54000.0,SIMULATED
2026-09-11 09:38:00,38.0,2,moderate_disturbance_lid_opened,5.625,25.625,61.0,OPEN,0.02308,0.54942,5.8553,5.8558,45.26,MEDIUM,109.15,95.49,122.8,102.9,240.0,0.2083,0.2308,1.0,1.0,51803.9,OK,IDLE,5.5649,25.63,54000.0,SIMULATED
2026-09-11 09:38:10,38.166666666666664,2,moderate_disturbance_lid_opened,5.5625,25.6875,61.0,OPEN,0.02306,0.54013,5.7936,5.7931,44.42,MEDIUM,111.77,98.42,125.12,105.71,240.0,0.1875,0.2306,1.0,1.0,51945.2,OK,IDLE,5.5686,25.6358,54000.0,SIMULATED
2026-09-11 09:38:20,38.333333333333336,2,moderate_disturbance_lid_opened,5.5625,25.5625,61.0,OPEN,0.02291,0.53201,5.7917,5.7916,44.37,MEDIUM,112.75,99.7,125.81,106.39,240.0,0.1875,0.2291,1.0,1.0,52053.4,OK,IDLE,5.5723,25.6417,54000.0,SIMULATED
2026-09-11 09:38:30,38.5,2,moderate_disturbance_lid_opened,5.625,25.625,61.0,OPEN,0.02283,0.52423,5.8537,5.8533,45.18,MEDIUM,109.94,97.05,122.82,104.02,240.0,0.2083,0.2283,1.0,1.0,52179.9,OK,IDLE,5.5761,25.6475,54000.0,SIMULATED
2026-09-11 09:38:40,38.666666666666664,2,moderate_disturbance_lid_opened,5.5625,25.6875,61.0,OPEN,0.02278,0.51622,5.7917,5.7903,44.33,MEDIUM,112.73,100.15,125.3,107.02,240.0,0.1875,0.2278,1.0,1.0,52389.1,OK,IDLE,5.5798,25.6533,54000.0,SIMULATED
2026-09-11 09:38:50,38.833333333333336,2,moderate_disturbance_lid_opened,5.5625,25.6875,61.0,OPEN,0.02253,0.51051,5.7904,5.7878,44.26,MEDIUM,113.37,100.96,125.78,108.17,240.0,0.1875,0.2253,1.0,1.0,52687.7,OK,IDLE,5.5835,25.6592,54000.0,SIMULATED
2026-09-11 09:39:00,39.0,2,moderate_disturbance_lid_opened,5.5625,25.75,61.0,OPEN,0.02251,0.50309,5.7899,5.7876,44.25,MEDIUM,113.6,101.56,125.64,108.29,240.0,0.1875,0.2251,1.0,1.0,52968.7,OK,IDLE,5.5872,25.665,54000.0,SIMULATED
2026-09-11 09:39:10,39.166666666666664,2,moderate_disturbance_lid_opened,5.625,25.5625,61.0,OPEN,0.02243,0.49399,5.8492,5.8493,44.94,MEDIUM,112.16,100.53,123.8,105.88,240.0,0.2083,0.2243,0.988,1.0,53058.9,OK,IDLE,5.5909,25.6708,54000.0,SIMULATED
2026-09-11 09:39:20,39.333333333333336,2,moderate_disturbance_lid_opened,5.625,25.6875,61.0,OPEN,0.02229,0.48325,5.8496,5.8479,44.68,MEDIUM,111.92,100.6,123.24,106.56,240.0,0.2083,0.2229,0.9665,1.0,53296.6,OK,IDLE,5.5946,25.6767,54000.0,SIMULATED
2026-09-11 09:39:30,39.5,2,moderate_disturbance_lid_opened,5.625,25.6875,61.0,OPEN,0.02225,0.47382,5.8488,5.8475,44.49,MEDIUM,112.34,101.69,122.98,106.73,240.0,0.2083,0.2225,0.9476,1.0,53496.1,OK,IDLE,5.5984,25.6825,54000.0,SIMULATED
2026-09-11 09:39:40,39.666666666666664,2,moderate_disturbance_lid_opened,5.625,25.625,61.0,OPEN,0.0219,0.46494,5.8467,5.844,44.2,MEDIUM,113.39,103.27,123.52,108.44,240.0,0.2083,0.219,0.9299,1.0,53820.2,OK,IDLE,5.6021,25.6883,54000.0,SIMULATED
2026-09-11 09:39:50,39.833333333333336,2,moderate_disturbance_lid_opened,5.625,25.6875,62.0,OPEN,0.02166,0.45891,5.8456,5.8416,44.01,MEDIUM,113.94,104.39,123.48,109.65,240.0,0.2083,0.2166,0.9178,1.0,54258.4,OK,IDLE,5.6058,25.6942,54000.0,SIMULATED
2026-09-11 09:40:00,40.0,2,moderate_disturbance_lid_opened,5.625,25.625,62.0,OPEN,0.02147,0.4544,5.8433,5.8397,43.86,MEDIUM,115.17,106.39,123.96,110.6,240.0,0.2083,0.2147,0.9088,1.0,54663.8,OK,IDLE,5.6095,25.7,54000.0,SIMULATED
2026-09-11 09:40:10,40.166666666666664,2,moderate_disturbance_lid_opened,5.5625,25.6875,61.0,OPEN,0.02112,0.44763,5.7797,5.7737,42.79,MEDIUM,118.97,110.83,127.1,115.39,240.0,0.1875,0.2112,0.8953,1.0,55288.4,OK,IDLE,5.6132,25.7058,54000.0,SIMULATED
2026-09-11 09:40:20,40.333333333333336,2,moderate_disturbance_lid_opened,5.75,25.6875,61.0,OPEN,0.02136,0.4389,5.9645,5.9636,45.19,MEDIUM,110.7,103.49,117.9,105.33,240.0,0.25,0.2136,0.8778,1.0,55466.8,OK,IDLE,5.617,25.7117,54000.0,SIMULATED
2026-09-11 09:40:30,40.5,2,moderate_disturbance_lid_opened,5.625,25.75,61.0,OPEN,0.02144,0.4284,5.8407,5.8394,43.33,MEDIUM,116.54,110.2,122.88,110.79,240.0,0.2083,0.2144,0.8568,1.0,55681.9,OK,IDLE,5.6207,25.7175,54000.0,SIMULATED
2026-09-11 09:40:40,40.666666666666664,2,moderate_disturbance_lid_opened,5.6875,25.6875,62.0,OPEN,0.02174,0.4221,5.9023,5.9049,44.13,MEDIUM,113.78,108.1,119.47,106.37,240.0,0.2292,0.2174,0.8442,1.0,55560.5,OK,IDLE,5.6244,25.7233,54000.0,SIMULATED
2026-09-11 09:40:50,40.833333333333336,2,moderate_disturbance_lid_opened,5.5625,25.6875,62.0,OPEN,0.02201,0.41541,5.7793,5.7826,42.41,MEDIUM,119.18,114.09,124.27,110.76,240.0,0.1875,0.2201,0.8308,1.0,55387.9,OK,IDLE,5.6281,25.7292,54000.0,SIMULATED
2026-09-11 09:41:00,41.0,2,moderate_disturbance_lid_opened,5.5625,25.9375,61.0,OPEN,0.02224,0.40806,5.7824,5.7849,42.33,MEDIUM,117.4,112.95,121.84,109.6,240.0,0.1875,0.2224,0.8161,1.0,55282.9,OK,IDLE,5.6319,25.735,54000.0,SIMULATED
2026-09-11 09:41:10,41.166666666666664,2,moderate_disturbance_lid_opened,5.6875,25.75,62.0,OPEN,0.02262,0.39986,5.9061,5.9137,43.95,MEDIUM,111.79,107.86,115.71,102.24,240.0,0.2292,0.2262,0.7997,1.0,54767.4,OK,IDLE,5.6356,25.7408,54000.0,SIMULATED
2026-09-11 09:41:20,41.333333333333336,2,moderate_disturbance_lid_opened,5.6875,25.8125,62.0,OPEN,0.02307,0.39356,5.9092,5.9182,43.96,MEDIUM,110.18,106.58,113.78,100.23,240.0,0.2292,0.2307,0.7871,1.0,54159.1,OK,IDLE,5.6393,25.7467,54000.0,SIMULATED
2026-09-11 09:41:30,41.5,2,moderate_disturbance_lid_opened,5.5625,25.75,62.0,OPEN,0.0232,0.38819,5.7869,5.7945,42.22,MEDIUM,115.11,111.76,118.45,105.06,240.0,0.1875,0.232,0.7764,1.0,53671.2,OK,IDLE,5.643,25.7525,54000.0,SIMULATED
2026-09-11 09:41:40,41.666666666666664,2,moderate_disturbance_lid_opened,5.6875,25.75,61.0,OPEN,0.02345,0.3773,5.913,5.922,43.75,MEDIUM,108.36,105.09,111.63,98.63,240.0,0.2292,0.2345,0.7546,1.0,53089.2,OK,IDLE,5.6467,25.7583,54000.0,SIMULATED
2026-09-11 09:41:50,41.833333333333336,2,moderate_disturbance_lid_opened,5.625,25.75,62.0,OPEN,0.02357,0.36796,5.8531,5.8607,42.76,MEDIUM,110.14,107.05,113.24,100.77,240.0,0.2083,0.2357,0.7359,1.0,52625.3,OK,IDLE,5.6505,25.7642,54000.0,SIMULATED
2026-09-11 09:42:00,42.0,2,moderate_disturbance_lid_opened,5.6875,25.8125,62.0,OPEN,0.02358,0.35933,5.9172,5.9233,43.43,MEDIUM,106.34,103.11,109.56,98.06,240.0,0.2292,0.2358,0.7187,1.0,52269.3,OK,IDLE,5.6542,25.77,54000.0,SIMULATED
2026-09-11 09:42:10,42.166666666666664,2,moderate_disturbance_lid_opened,5.75,25.75,63.0,OPEN,0.02404,0.35367,5.9809,5.9904,44.29,MEDIUM,102.8,99.33,106.27,93.59,240.0,0.25,0.2404,0.7073,1.0,51681.1,OK,IDLE,5.6579,25.7758,54000.0,SIMULATED
2026-09-11 09:42:20,42.333333333333336,2,moderate_disturbance_lid_opened,5.6875,25.8125,61.0,OPEN,0.02442,0.3439,5.9223,5.9317,43.37,MEDIUM,104.0,100.35,107.66,94.7,240.0,0.2292,0.2442,0.6878,1.0,51122.9,OK,IDLE,5.6616,25.7817,54000.0,SIMULATED
2026-09-11 09:42:30,42.5,2,moderate_disturbance_lid_opened,5.625,25.875,61.0,OPEN,0.02454,0.33392,5.8631,5.8704,42.37,MEDIUM,105.45,101.76,109.15,96.77,240.0,0.2083,0.2454,0.6678,1.0,50718.9,OK,IDLE,5.6654,25.7875,54000.0,SIMULATED
2026-09-11 09:42:40,42.666666666666664,2,moderate_disturbance_lid_opened,5.625,25.875,62.0,OPEN,0.02428,0.3235,5.8639,5.8678,42.09,MEDIUM,105.1,101.29,108.91,97.81,240.0,0.2083,0.2428,0.647,1.0,50548.1,OK,IDLE,5.6691,25.7933,54000.0,SIMULATED
2026-09-11 09:42:50,42.833333333333336,2,moderate_disturbance_lid_opened,5.6875,25.75,62.0,OPEN,0.0241,0.31536,5.9249,5.9285,42.7,MEDIUM,102.87,98.85,106.89,95.97,240.0,0.2292,0.241,0.6307,1.0,50400.5,OK,IDLE,5.6728,25.7992,54000.0,SIMULATED
2026-09-11 09:43:00,43.0,2,moderate_disturbance_lid_opened,5.625,25.75,62.0,OPEN,0.02394,0.30556,5.8631,5.8644,41.63,MEDIUM,105.51,101.4,109.61,99.2,240.0,0.2083,0.2394,0.6111,1.0,50409.8,OK,IDLE,5.6765,25.805,54000.0,SIMULATED
2026-09-11 09:43:10,43.166666666666664,2,moderate_disturbance_lid_opened,5.75,25.75,61.0,OPEN,0.02397,0.29433,5.987,5.9897,43.08,MEDIUM,100.1,95.69,104.51,93.87,240.0,0.25,0.2397,0.5887,1.0,50323.7,OK,IDLE,5.6803,25.8108,54000.0,SIMULATED
2026-09-11 09:43:20,43.333333333333336,2,moderate_disturbance_lid_opened,5.6875,25.8125,62.0,OPEN,0.0241,0.2877,5.9263,5.9285,42.15,MEDIUM,102.26,97.66,106.86,95.95,240.0,0.2292,0.241,0.5754,1.0,50267.8,OK,IDLE,5.684,25.8167,54000.0,SIMULATED
2026-09-11 09:43:30,43.5,2,moderate_disturbance_lid_opened,5.75,25.8125,62.0,OPEN,0.02447,0.28116,5.9893,5.9947,42.96,MEDIUM,99.13,94.24,104.01,91.96,240.0,0.25,0.2447,0.5623,1.0,49999.9,OK,IDLE,5.6877,25.8225,54000.0,SIMULATED
2026-09-11 09:43:40,43.666666666666664,2,moderate_disturbance_lid_opened,5.6875,25.8125,63.0,OPEN,0.02461,0.27724,5.9287,5.9336,42.1,MEDIUM,101.24,96.18,106.3,93.96,240.0,0.2292,0.2461,0.5545,1.0,49765.3,OK,IDLE,5.6915,25.8283,54000.0,SIMULATED
2026-09-11 09:43:50,43.833333333333336,2,moderate_disturbance_lid_opened,5.6875,25.875,62.0,OPEN,0.02458,0.27193,5.93,5.9333,41.98,MEDIUM,100.67,95.41,105.92,94.1,240.0,0.2292,0.2458,0.5439,1.0,49645.6,OK,IDLE,5.6952,25.8342,54000.0,SIMULATED
2026-09-11 09:44:00,44.0,2,moderate_disturbance_lid_opened,5.6875,25.9375,62.0,OPEN,0.02457,0.26831,5.931,5.9332,41.91,MEDIUM,100.23,94.78,105.68,94.1,240.0,0.2292,0.2457,0.5366,1.0,49594.8,OK,IDLE,5.6989,25.84,54000.0,SIMULATED
2026-09-11 09:44:10,44.166666666666664,2,moderate_disturbance_lid_opened,5.75,25.875,62.0,OPEN,0.02476,0.26273,5.993,5.9976,42.68,MEDIUM,97.59,91.92,103.27,90.88,240.0,0.25,0.2476,0.5255,1.0,49389.5,OK,IDLE,5.7026,25.8458,54000.0,SIMULATED
2026-09-11 09:44:20,44.333333333333336,2,moderate_disturbance_lid_opened,5.625,25.8125,62.0,OPEN,0.0245,0.25844,5.8687,5.87,40.85,MEDIUM,103.05,97.36,108.74,96.92,240.0,0.2083,0.245,0.5169,1.0,49399.3,OK,IDLE,5.7064,25.8517,54000.0,SIMULATED
2026-09-11 09:44:30,44.5,2,moderate_disturbance_lid_opened,5.6875,25.875,62.0,OPEN,0.02411,0.25192,5.9302,5.9286,41.44,MEDIUM,100.59,94.94,106.24,95.92,240.0,0.2292,0.2411,0.5038,1.0,49610.1,OK,IDLE,5.7101,25.8575,54000.0,SIMULATED
2026-09-11 09:44:40,44.666666666666664,2,moderate_disturbance_lid_opened,5.6875,25.875,62.0,OPEN,0.0234,0.24355,5.9276,5.9215,41.06,MEDIUM,101.68,95.95,107.42,98.82,240.0,0.2292,0.234,0.4871,1.0,50147.2,OK,IDLE,5.7138,25.8633,54000.0,SIMULATED
2026-09-11 09:44:50,44.833333333333336,2,moderate_disturbance_lid_opened,5.6875,25.875,63.0,OPEN,0.023,0.2394,5.9247,5.9175,40.86,MEDIUM,102.95,97.22,108.69,100.53,240.0,0.2292,0.23,0.4788,1.0,50774.5,OK,IDLE,5.7176,25.8692,54000.0,SIMULATED
2026-09-11 09:45:00,45.0,2,moderate_disturbance_lid_opened,5.75,25.9375,62.0,OPEN,0.0228,0.23507,5.9845,5.978,41.54,MEDIUM,101.16,95.38,106.94,98.68,240.0,0.25,0.228,0.4701,1.0,51361.6,OK,IDLE,5.7213,25.875,54000.0,SIMULATED
2026-09-11 09:45:10,45.166666666666664,2,moderate_disturbance_lid_opened,5.75,25.9375,62.0,OPEN,0.02271,0.23042,5.9822,5.9771,41.42,MEDIUM,102.13,96.42,107.83,99.06,240.0,0.25,0.2271,0.4608,1.0,51853.3,OK,IDLE,5.725,25.8808,54000.0,SIMULATED
2026-09-11 09:45:20,45.333333333333336,2,moderate_disturbance_lid_opened,5.75,25.9375,63.0,OPEN,0.0225,0.22821,5.9801,5.975,41.31,MEDIUM,103.1,97.41,108.8,100.01,240.0,0.25,0.225,0.4564,1.0,52350.3,OK,IDLE,5.7288,25.8867,54000.0,SIMULATED
2026-09-11 09:45:30,45.5,2,moderate_disturbance_lid_opened,5.6875,25.9375,62.0,OPEN,0.02217,0.22457,5.9156,5.9092,40.31,MEDIUM,107.04,101.41,112.68,104.32,240.0,0.2292,0.2217,0.4491,1.0,52965.5,OK,IDLE,5.7325,25.8925,54000.0,SIMULATED
2026-09-11 09:45:40,45.666666666666664,2,moderate_disturbance_lid_opened,5.6875,25.875,62.0,OPEN,0.02174,0.21974,5.912,5.9049,40.08,MEDIUM,108.79,103.22,114.36,106.37,240.0,0.2292,0.2174,0.4395,1.0,53653.1,OK,IDLE,5.7362,25.8983,54000.0,SIMULATED
2026-09-11 09:45:50,45.833333333333336,2,moderate_disturbance_lid_opened,5.6875,26.0,62.0,OPEN,0.02123,0.21683,5.9095,5.8998,39.87,MEDIUM,109.97,104.55,115.4,108.94,240.0,0.2292,0.2123,0.4337,1.0,54593.9,OK,IDLE,5.74,25.9042,54000.0,SIMULATED
2026-09-11 09:46:00,46.0,2,moderate_disturbance_lid_opened,5.8125,25.9375,63.0,OPEN,0.02081,0.21803,6.0291,6.0206,41.44,MEDIUM,106.35,100.93,111.77,105.13,240.0,0.2708,0.2081,0.4361,1.0,55453.2,OK,IDLE,5.7437,25.91,54000.0,SIMULATED
2026-09-11 09:46:10,46.166666666666664,2,moderate_disturbance_lid_opened,5.8125,25.875,63.0,OPEN,0.02079,0.21897,6.0261,6.0204,41.45,MEDIUM,107.88,102.49,113.27,105.23,240.0,0.2708,0.2079,0.4379,1.0,56066.1,OK,IDLE,5.7474,25.9158,54000.0,SIMULATED
2026-09-11 09:46:20,46.333333333333336,2,moderate_disturbance_lid_opened,5.8125,25.875,62.0,OPEN,0.02102,0.21953,6.0249,6.0227,41.53,MEDIUM,108.45,103.07,113.83,104.04,240.0,0.2708,0.2102,0.4391,1.0,56363.2,OK,IDLE,5.7512,25.9217,54000.0,SIMULATED
2026-09-11 09:46:30,46.5,2,moderate_disturbance_lid_opened,5.8125,25.8125,63.0,OPEN,0.0216,0.21963,6.025,6.0285,41.71,MEDIUM,108.42,103.05,113.79,101.27,240.0,0.2708,0.216,0.4393,1.0,56160.9,OK,IDLE,5.7549,25.9275,54000.0,SIMULATED
2026-09-11 09:46:40,46.666666666666664,2,moderate_disturbance_lid_opened,5.75,26.0,64.0,OPEN,0.02203,0.22199,5.9662,5.9703,41.05,MEDIUM,109.75,104.38,115.11,102.12,240.0,0.25,0.2203,0.444,1.0,55906.6,OK,IDLE,5.7586,25.9333,54000.0,SIMULATED
2026-09-11 09:46:50,46.833333333333336,2,moderate_disturbance_lid_opened,5.75,25.9375,63.0,OPEN,0.02235,0.22269,5.9671,5.9735,41.16,MEDIUM,109.27,103.93,114.61,100.68,240.0,0.25,0.2235,0.4454,1.0,55479.7,OK,IDLE,5.7624,25.9392,54000.0,SIMULATED
2026-09-11 09:47:00,47.0,2,moderate_disturbance_lid_opened,5.75,25.9375,63.0,OPEN,0.02238,0.22195,5.9685,5.9738,41.15,MEDIUM,108.6,103.29,113.92,100.54,240.0,0.25,0.2238,0.4439,1.0,55141.3,OK,IDLE,5.7661,25.945,54000.0,SIMULATED
2026-09-11 09:47:10,47.166666666666664,2,moderate_disturbance_lid_opened,5.6875,25.9375,62.0,OPEN,0.02201,0.21704,5.9066,5.9076,40.11,MEDIUM,111.48,106.17,116.78,105.08,240.0,0.2292,0.2201,0.4341,1.0,55158.6,OK,IDLE,5.7698,25.9508,54000.0,SIMULATED
2026-09-11 09:47:20,47.333333333333336,2,moderate_disturbance_lid_opened,5.75,25.9375,62.0,OPEN,0.02151,0.21199,5.9673,5.9651,40.69,MEDIUM,109.2,103.89,114.5,104.58,240.0,0.25,0.2151,0.424,1.0,55443.7,OK,IDLE,5.7736,25.9567,54000.0,SIMULATED
2026-09-11 09:47:30,47.5,2,moderate_disturbance_lid_opened,5.75,25.9375,63.0,OPEN,0.0211,0.2096,5.9654,5.961,40.52,MEDIUM,110.16,104.9,115.43,106.64,240.0,0.25,0.211,0.4192,1.0,55935.0,OK,IDLE,5.7773,25.9625,54000.0,SIMULATED
2026-09-11 09:47:40,47.666666666666664,2,moderate_disturbance_lid_opened,5.8125,26.0,62.0,OPEN,0.02071,0.20602,6.0255,6.0196,41.17,MEDIUM,108.14,102.88,113.39,105.61,240.0,0.2708,0.2071,0.412,1.0,56571.1,OK,IDLE,5.7811,25.9683,54000.0,SIMULATED
2026-09-11 09:47:50,47.833333333333336,2,moderate_disturbance_lid_opened,5.75,26.0,62.0,OPEN,0.02032,0.20152,5.9607,5.9532,40.13,MEDIUM,112.63,107.35,117.91,110.71,240.0,0.25,0.2032,0.403,1.0,57374.5,OK,IDLE,5.7848,25.9742,54000.0,SIMULATED
2026-09-11 09:48:00,48.0,2,moderate_disturbance_lid_opened,5.75,25.875,63.0,OPEN,0.0201,0.19618,5.9569,5.951,39.95,MEDIUM,114.71,109.36,120.05,111.95,240.0,0.25,0.201,0.3924,1.0,58051.1,OK,IDLE,5.7885,25.98,54000.0,SIMULATED
2026-09-11 09:48:10,48.166666666666664,2,moderate_disturbance_lid_opened,5.8125,25.9375,63.0,OPEN,0.02015,0.19291,6.0178,6.014,40.74,MEDIUM,112.22,106.87,117.57,108.54,240.0,0.2708,0.2015,0.3858,1.0,58516.3,OK,IDLE,5.7923,25.9858,54000.0,SIMULATED
2026-09-11 09:48:20,48.333333333333336,2,moderate_disturbance_lid_opened,5.8125,26.0,63.0,OPEN,0.02021,0.19091,6.0172,6.0146,40.71,MEDIUM,112.54,107.19,117.89,108.26,240.0,0.2708,0.2021,0.3818,1.0,58873.3,OK,IDLE,5.796,25.9917,54000.0,SIMULATED
2026-09-11 09:48:30,48.5,2,moderate_disturbance_lid_opened,5.8125,26.0,63.0,OPEN,0.02023,0.18961,6.0163,6.0148,40.69,MEDIUM,113.02,107.64,118.39,108.13,240.0,0.2708,0.2023,0.3792,1.0,59123.2,OK,IDLE,5.7997,25.9975,54000.0,SIMULATED
2026-09-11 09:48:40,48.666666666666664,2,moderate_disturbance_lid_opened,5.9375,25.875,63.0,OPEN,0.02075,0.1886,6.1401,6.145,42.5,MEDIUM,106.93,101.58,112.28,99.38,240.0,0.3125,0.2075,0.3772,1.0,58752.9,OK,IDLE,5.8035,26.0033,54000.0,SIMULATED
2026-09-11 09:48:50,48.833333333333336,2,moderate_disturbance_lid_opened,5.75,26.0,63.0,OPEN,0.02087,0.18761,5.9562,5.9587,40.01,MEDIUM,115.07,109.68,120.45,107.78,240.0,0.25,0.2087,0.3752,1.0,58615.6,OK,IDLE,5.8072,26.0092,54000.0,SIMULATED
2026-09-11 09:49:00,49.0,2,moderate_disturbance_lid_opened,5.75,26.0625,63.0,OPEN,0.0207,0.18644,5.9566,5.957,39.94,MEDIUM,114.82,109.41,120.22,108.7,240.0,0.25,0.207,0.3729,1.0,58682.0,OK,IDLE,5.811,26.015,54000.0,SIMULATED
2026-09-11 09:49:10,49.166666666666664,2,moderate_disturbance_lid_opened,5.875,26.0625,63.0,OPEN,0.02065,0.18496,6.0804,6.0815,41.56,MEDIUM,108.77,103.38,114.15,102.89,240.0,0.2917,0.2065,0.3699,1.0,58673.8,OK,IDLE,5.8147,26.0208,54000.0,SIMULATED
2026-09-11 09:49:20,49.333333333333336,2,moderate_disturbance_lid_opened,5.75,26.0625,63.0,OPEN,0.0205,0.18306,5.956,5.955,39.81,MEDIUM,115.19,109.75,120.63,109.78,240.0,0.25,0.205,0.3661,1.0,58871.7,OK,IDLE,5.8185,26.0267,54000.0,SIMULATED
2026-09-11 09:49:30,49.5,2,moderate_disturbance_lid_opened,5.875,26.0,63.0,OPEN,0.02061,0.18069,6.0793,6.0811,41.46,MEDIUM,109.37,103.95,114.78,103.13,240.0,0.2917,0.2061,0.3614,1.0,58804.2,OK,IDLE,5.8222,26.0325,54000.0,SIMULATED
2026-09-11 09:49:40,49.666666666666664,2,moderate_disturbance_lid_opened,5.9375,26.0,62.0,OPEN,0.02106,0.17493,6.1426,6.1481,42.32,MEDIUM,105.58,100.19,110.96,97.95,240.0,0.3125,0.2106,0.3499,1.0,58394.7,OK,IDLE,5.8259,26.0383,54000.0,SIMULATED
2026-09-11 09:49:50,49.833333333333336,2,moderate_disturbance_lid_opened,5.75,26.1875,62.0,OPEN,0.02118,0.16671,5.9594,5.9618,39.69,MEDIUM,113.27,107.9,118.64,106.22,240.0,0.25,0.2118,0.3334,1.0,58268.2,OK,IDLE,5.8297,26.0442,54000.0,SIMULATED
2026-09-11 09:50:00,50.0,2,moderate_disturbance_lid_opened,5.875,26.0,64.0,OPEN,0.02143,0.16534,6.0829,6.0893,41.4,MEDIUM,107.48,102.19,112.78,99.18,240.0,0.2917,0.2143,0.3307,1.0,57790.5,OK,IDLE,5.8334,26.05,54000.0,SIMULATED
2026-09-11 09:50:10,50.166666666666664,2,moderate_disturbance_lid_opened,5.75,26.0625,63.0,OPEN,0.02137,0.16571,5.9605,5.9637,39.73,MEDIUM,112.7,107.57,117.84,105.29,240.0,0.25,0.2137,0.3314,1.0,57600.8,OK,IDLE,5.8372,26.0558,54000.0,SIMULATED
2026-09-11 09:50:20,50.333333333333336,2,moderate_disturbance_lid_opened,5.875,26.125,63.0,OPEN,0.02126,0.16426,6.0853,6.0876,41.33,MEDIUM,106.21,101.09,111.34,99.93,240.0,0.2917,0.2126,0.3285,1.0,57484.7,OK,IDLE,5.8409,26.0617,54000.0,SIMULATED
2026-09-11 09:50:30,50.5,2,moderate_disturbance_lid_opened,5.8125,26.125,63.0,OPEN,0.02147,0.16134,6.0241,6.0272,40.5,MEDIUM,108.82,103.82,113.83,101.88,240.0,0.2708,0.2147,0.3227,1.0,57304.0,OK,IDLE,5.8447,26.0675,54000.0,SIMULATED
2026-09-11 09:50:40,50.666666666666664,2,moderate_disturbance_lid_opened,6.0,26.0,63.0,OPEN,0.02206,0.1572,6.211,6.2206,43.09,MEDIUM,99.35,94.3,104.41,90.68,240.0,0.3333,0.2206,0.3144,1.0,56579.8,OK,IDLE,5.8484,26.0733,54000.0,SIMULATED
2026-09-11 09:50:50,50.833333333333336,2,moderate_disturbance_lid_opened,5.875,26.0625,63.0,OPEN,0.0227,0.15497,6.091,6.102,41.58,MEDIUM,103.4,98.55,108.24,93.62,240.0,0.2917,0.227,0.3099,1.0,55776.2,OK,IDLE,5.8521,26.0792,54000.0,SIMULATED
2026-09-11 09:51:00,51.0,2,moderate_disturbance_lid_opened,5.875,26.0625,63.0,OPEN,0.02299,0.15398,6.094,6.1049,41.64,MEDIUM,101.96,97.25,106.67,92.43,240.0,0.2917,0.2299,0.308,1.0,55002.8,OK,IDLE,5.8559,26.085,54000.0,SIMULATED
2026-09-11 09:51:10,51.166666666666664,2,moderate_disturbance_lid_opened,5.875,26.0625,63.0,OPEN,0.02301,0.15081,6.0964,6.1051,41.59,MEDIUM,100.86,96.13,105.6,92.34,240.0,0.2917,0.2301,0.3016,1.0,54410.5,OK,IDLE,5.8596,26.0908,54000.0,SIMULATED
2026-09-11 09:51:20,51.333333333333336,2,moderate_disturbance_lid_opened,5.8125,26.1875,64.0,OPEN,0.023,0.15173,6.0372,6.0425,40.77,MEDIUM,102.39,97.65,107.14,95.09,240.0,0.2708,0.23,0.3035,1.0,54093.4,OK,IDLE,5.8634,26.0967,54000.0,SIMULATED
2026-09-11 09:51:30,51.5,2,moderate_disturbance_lid_opened,5.8125,26.0,63.0,OPEN,0.02296,0.15247,6.0366,6.0421,40.77,MEDIUM,102.76,98.12,107.4,95.26,240.0,0.2708,0.2296,0.3049,1.0,53757.4,OK,IDLE,5.8671,26.1025,54000.0,SIMULATED
2026-09-11 09:51:40,51.666666666666664,2,moderate_disturbance_lid_opened,5.8125,26.125,63.0,OPEN,0.02252,0.15299,6.0376,6.0377,40.65,MEDIUM,102.26,97.6,106.93,97.15,240.0,0.2708,0.2252,0.306,1.0,53849.7,OK,IDLE,5.8709,26.1083,54000.0,SIMULATED
2026-09-11 09:51:50,51.833333333333336,2,moderate_disturbance_lid_opened,5.875,26.1875,63.0,OPEN,0.02231,0.15031,6.0993,6.0981,41.37,MEDIUM,99.53,94.81,104.25,95.24,240.0,0.2917,0.2231,0.3006,1.0,54043.1,OK,IDLE,5.8746,26.1142,54000.0,SIMULATED
2026-09-11 09:52:00,52.0,2,moderate_disturbance_lid_opened,5.8125,26.0625,64.0,OPEN,0.02189,0.151,6.0346,6.0314,40.42,MEDIUM,103.66,98.92,108.39,99.91,240.0,0.2708,0.2189,0.302,1.0,54405.6,OK,IDLE,5.8784,26.12,54000.0,SIMULATED
2026-09-11 09:52:10,52.166666666666664,2,moderate_disturbance_lid_opened,5.9375,26.0625,63.0,OPEN,0.02185,0.15101,6.1574,6.156,42.08,MEDIUM,98.43,93.61,103.25,94.38,240.0,0.3125,0.2185,0.302,1.0,54618.3,OK,IDLE,5.8821,26.1258,54000.0,SIMULATED
2026-09-11 09:52:20,52.333333333333336,2,moderate_disturbance_lid_opened,5.9375,26.1875,63.0,OPEN,0.02223,0.1534,6.1587,6.1598,42.24,MEDIUM,97.8,92.87,102.73,92.76,240.0,0.3125,0.2223,0.3068,1.0,54625.5,OK,IDLE,5.8859,26.1317,54000.0,SIMULATED
2026-09-11 09:52:30,52.5,2,moderate_disturbance_lid_opened,5.875,26.0625,63.0,OPEN,0.02253,0.15154,6.0964,6.1003,41.46,MEDIUM,100.86,95.89,105.84,94.32,240.0,0.2917,0.2253,0.3031,1.0,54409.5,OK,IDLE,5.8896,26.1375,54000.0,SIMULATED
2026-09-11 09:52:40,52.666666666666664,2,moderate_disturbance_lid_opened,5.9375,26.125,64.0,OPEN,0.02274,0.14939,6.1601,6.1649,42.31,MEDIUM,97.21,92.11,102.31,90.68,240.0,0.3125,0.2274,0.2988,1.0,54121.3,OK,IDLE,5.8934,26.1433,54000.0,SIMULATED
2026-09-11 09:52:50,52.833333333333336,2,moderate_disturbance_lid_opened,5.875,26.0,63.0,OPEN,0.02269,0.14684,6.0978,6.1019,41.41,MEDIUM,100.24,95.1,105.37,93.65,240.0,0.2917,0.2269,0.2937,1.0,53894.9,OK,IDLE,5.8971,26.1492,54000.0,SIMULATED
2026-09-11 09:53:00,53.0,2,moderate_disturbance_lid_opened,5.9375,26.0625,63.0,OPEN,0.02279,0.14391,6.1612,6.1654,42.22,MEDIUM,96.71,91.44,101.98,90.5,240.0,0.3125,0.2279,0.2878,1.0,53666.8,OK,IDLE,5.9009,26.155,54000.0,SIMULATED
2026-09-11 09:53:10,53.166666666666664,2,moderate_disturbance_lid_opened,5.9375,26.1875,63.0,OPEN,0.02279,0.14062,6.163,6.1654,42.15,MEDIUM,95.92,90.56,101.29,90.5,240.0,0.3125,0.2279,0.2812,1.0,53578.8,OK,IDLE,5.9046,26.1608,54000.0,SIMULATED
2026-09-11 09:53:20,53.333333333333336,2,moderate_disturbance_lid_opened,5.9375,26.125,63.0,OPEN,0.02306,0.13403,6.1634,6.1681,42.1,MEDIUM,95.77,90.27,101.27,89.46,240.0,0.3125,0.2306,0.2681,1.0,53318.1,OK,IDLE,5.9084,26.1667,54000.0,SIMULATED
2026-09-11 09:53:30,53.5,2,moderate_disturbance_lid_opened,5.9375,26.25,63.0,OPEN,0.02331,0.1279,6.1659,6.1706,42.05,MEDIUM,94.69,89.07,100.3,88.49,240.0,0.3125,0.2331,0.2558,1.0,53060.9,OK,IDLE,5.9121,26.1725,54000.0,SIMULATED
2026-09-11 09:53:40,53.666666666666664,2,moderate_disturbance_lid_opened,5.875,26.0625,64.0,OPEN,0.02353,0.12485,6.1037,6.1103,41.22,MEDIUM,97.63,91.95,103.3,90.3,240.0,0.2917,0.2353,0.2497,1.0,52663.8,OK,IDLE,5.9159,26.1783,54000.0,SIMULATED
2026-09-11 09:53:50,53.833333333333336,2,moderate_disturbance_lid_opened,5.9375,26.0625,63.0,OPEN,0.02372,0.12385,6.1674,6.1747,42.09,MEDIUM,94.11,88.28,99.94,86.96,240.0,0.3125,0.2372,0.2477,1.0,52225.3,OK,IDLE,5.9196,26.1842,54000.0,SIMULATED
2026-09-11 09:54:00,54.0,2,moderate_disturbance_lid_opened,5.875,26.1875,63.0,OPEN,0.02368,0.12134,6.1079,6.1118,41.2,MEDIUM,95.84,89.92,101.76,89.75,240.0,0.2917,0.2368,0.2427,1.0,52037.7,OK,IDLE,5.9234,26.19,54000.0,SIMULATED
2026-09-11 09:54:10,54.166666666666664,2,moderate_disturbance_lid_opened,5.875,26.125,64.0,OPEN,0.02346,0.12054,6.1074,6.1096,41.11,MEDIUM,96.04,90.08,102.0,90.59,240.0,0.2917,0.2346,0.2411,1.0,51977.6,OK,IDLE,5.9271,26.1958,54000.0,SIMULATED
2026-09-11 09:54:20,54.333333333333336,2,moderate_disturbance_lid_opened,5.9375,26.25,64.0,OPEN,0.02346,0.12074,6.1707,6.1721,41.95,MEDIUM,92.75,86.58,98.91,87.92,240.0,0.3125,0.2346,0.2415,1.0,51971.9,OK,IDLE,5.9309,26.2017,54000.0,SIMULATED
2026-09-11 09:54:30,54.5,2,moderate_disturbance_lid_opened,5.9375,26.1875,64.0,OPEN,0.02323,0.12145,6.1696,6.1698,41.9,MEDIUM,93.2,86.88,99.52,88.8,240.0,0.3125,0.2323,0.2429,1.0,52056.8,OK,IDLE,5.9346,26.2075,54000.0,SIMULATED
2026-09-11 09:54:40,54.666666666666664,2,moderate_disturbance_lid_opened,5.875,26.25,63.0,OPEN,0.02281,0.11947,6.1068,6.1031,40.9,MEDIUM,96.27,89.87,102.67,93.17,240.0,0.2917,0.2281,0.2389,1.0,52442.2,OK,IDLE,5.9384,26.2133,54000.0,SIMULATED
2026-09-11 09:54:50,54.833333333333336,2,moderate_disturbance_lid_opened,6.0,26.1875,64.0,OPEN,0.0226,0.11837,6.2284,6.226,42.48,MEDIUM,91.69,85.07,98.31,88.5,240.0,0.3333,0.226,0.2367,1.0,52730.8,OK,IDLE,5.9421,26.2192,54000.0,SIMULATED
2026-09-11 09:55:00,55.0,2,moderate_disturbance_lid_opened,5.9375,26.25,64.0,OPEN,0.02233,0.12065,6.1653,6.1608,41.61,MEDIUM,94.93,88.21,101.64,92.37,240.0,0.3125,0.2233,0.2413,1.0,53194.0,OK,IDLE,5.9459,26.225,54000.0,SIMULATED
2026-09-11 09:55:10,55.166666666666664,2,moderate_disturbance_lid_opened,6.0,26.25,64.0,OPEN,0.02235,0.12225,6.2259,6.2235,42.48,MEDIUM,92.7,85.82,99.58,89.48,240.0,0.3333,0.2235,0.2445,1.0,53484.8,OK,IDLE,5.9496,26.2308,54000.0,SIMULATED
2026-09-11 09:55:20,55.333333333333336,2,moderate_disturbance_lid_opened,5.875,26.1875,64.0,OPEN,0.0222,0.12317,6.1001,6.097,40.79,MEDIUM,99.15,92.24,106.06,95.71,240.0,0.2917,0.222,0.2463,1.0,53836.6,OK,IDLE,5.9534,26.2367,54000.0,SIMULATED
2026-09-11 09:55:30,55.5,2,moderate_disturbance_lid_opened,5.9375,26.25,63.0,OPEN,0.0221,0.12353,6.1613,6.1585,41.6,MEDIUM,96.66,89.69,103.63,93.33,240.0,0.3125,0.221,0.2471,1.0,54165.5,OK,IDLE,5.9572,26.2425,54000.0,SIMULATED
2026-09-11 09:55:40,55.666666666666664,2,moderate_disturbance_lid_opened,6.0,26.25,63.0,OPEN,0.022,0.12055,6.222,6.22,42.34,MEDIUM,94.34,87.29,101.39,90.91,240.0,0.3333,0.22,0.2411,1.0,54430.5,OK,IDLE,5.9609,26.2483,54000.0,SIMULATED
2026-09-11 09:55:50,55.833333333333336,2,moderate_disturbance_lid_opened,5.9375,26.25,64.0,OPEN,0.0217,0.11799,6.1584,6.1545,41.37,MEDIUM,97.9,90.86,104.95,95.04,240.0,0.3125,0.217,0.236,1.0,54863.2,OK,IDLE,5.9647,26.2542,54000.0,SIMULATED
2026-09-11 09:56:00,56.0,2,moderate_disturbance_lid_opened,6.0,26.25,63.0,OPEN,0.02141,0.11267,6.2184,6.2141,42.01,MEDIUM,95.9,88.8,103.0,93.4,240.0,0.3333,0.2141,0.2253,1.0,55332.4,OK,IDLE,5.9684,26.26,54000.0,SIMULATED
2026-09-11 09:56:10,56.166666666666664,2,moderate_disturbance_lid_opened,5.875,26.3125,63.0,OPEN,0.02112,0.10828,6.0927,6.0862,40.17,MEDIUM,102.5,95.42,109.58,100.63,240.0,0.2917,0.2112,0.2166,1.0,56016.6,OK,IDLE,5.9722,26.2658,54000.0,SIMULATED
2026-09-11 09:56:20,56.333333333333336,2,moderate_disturbance_lid_opened,5.9375,26.3125,64.0,OPEN,0.02099,0.1074,6.1524,6.1474,40.94,MEDIUM,100.63,93.58,107.69,98.27,240.0,0.3125,0.2099,0.2148,1.0,56575.0,OK,IDLE,5.9759,26.2717,54000.0,SIMULATED
2026-09-11 09:56:30,56.5,2,moderate_disturbance_lid_opened,6.0,26.3125,64.0,OPEN,0.02114,0.10593,6.2133,6.2114,41.79,MEDIUM,98.2,91.15,105.25,94.61,240.0,0.3333,0.2114,0.2119,1.0,56844.2,OK,IDLE,5.9797,26.2775,54000.0,SIMULATED
2026-09-11 09:56:40,56.666666666666664,2,moderate_disturbance_lid_opened,5.9375,26.1875,64.0,OPEN,0.02129,0.1068,6.1499,6.1504,41.02,MEDIUM,101.87,94.87,108.86,96.86,240.0,0.3125,0.2129,0.2136,1.0,56897.4,OK,IDLE,5.9835,26.2833,54000.0,SIMULATED
2026-09-11 09:56:50,56.833333333333336,2,moderate_disturbance_lid_opened,5.9375,26.3125,64.0,OPEN,0.02125,0.11217,6.1507,6.15,41.12,MEDIUM,101.48,94.54,108.43,97.04,240.0,0.3125,0.2125,0.2243,1.0,57052.7,OK,IDLE,5.9872,26.2892,54000.0,SIMULATED
2026-09-11 09:57:00,57.0,2,moderate_disturbance_lid_opened,5.9375,26.25,64.0,OPEN,0.02106,0.11773,6.1492,6.1481,41.17,MEDIUM,102.18,95.28,109.08,97.94,240.0,0.3125,0.2106,0.2355,1.0,57257.8,OK,IDLE,5.991,26.295,54000.0,SIMULATED
2026-09-11 09:57:10,57.166666666666664,2,moderate_disturbance_lid_opened,6.0,26.375,63.0,OPEN,0.02092,0.12049,6.2113,6.2092,42.02,MEDIUM,99.11,92.29,105.92,95.62,240.0,0.3333,0.2092,0.241,1.0,57554.9,OK,IDLE,5.9947,26.3008,54000.0,SIMULATED
2026-09-11 09:57:20,57.333333333333336,2,moderate_disturbance_lid_opened,5.9375,26.25,63.0,OPEN,0.02042,0.11832,6.1462,6.1417,40.99,MEDIUM,103.65,96.89,110.41,100.98,240.0,0.3125,0.2042,0.2366,1.0,58084.1,OK,IDLE,5.9985,26.3067,54000.0,SIMULATED
2026-09-11 09:57:30,57.5,2,moderate_disturbance_lid_opened,6.0,26.375,64.0,OPEN,0.02003,0.11548,6.2068,6.2003,41.65,MEDIUM,101.29,94.61,107.98,99.87,240.0,0.3333,0.2003,0.231,1.0,58824.4,OK,IDLE,6.0023,26.3125,54000.0,SIMULATED
2026-09-11 09:57:40,57.666666666666664,2,moderate_disturbance_lid_opened,6.0625,26.3125,64.0,OPEN,0.01985,0.11491,6.2659,6.261,42.42,MEDIUM,99.6,92.96,106.25,97.61,240.0,0.3542,0.1985,0.2298,1.0,59421.7,OK,IDLE,6.006,26.3183,54000.0,SIMULATED
2026-09-11 09:57:50,57.833333333333336,2,moderate_disturbance_lid_opened,6.0,26.3125,64.0,OPEN,0.0198,0.1129,6.2023,6.198,41.53,MEDIUM,103.57,97.07,110.07,101.0,240.0,0.3333,0.198,0.2258,1.0,59953.3,OK,IDLE,6.0098,26.3242,54000.0,SIMULATED
2026-09-11 09:58:00,58.0,2,moderate_disturbance_lid_opened,6.0625,26.375,63.0,OPEN,0.01982,0.10682,6.2635,6.2607,42.25,MEDIUM,100.81,94.52,107.09,97.74,240.0,0.3542,0.1982,0.2136,1.0,60336.0,OK,IDLE,6.0135,26.33,54000.0,SIMULATED
2026-09-11 09:58:10,58.166666666666664,2,moderate_disturbance_lid_opened,6.0,26.375,63.0,OPEN,0.01968,0.10076,6.2001,6.1968,41.25,MEDIUM,104.66,98.52,110.8,101.62,240.0,0.3333,0.1968,0.2015,1.0,60780.1,OK,IDLE,6.0173,26.3358,54000.0,SIMULATED
2026-09-11 09:58:20,58.333333333333336,2,moderate_disturbance_lid_opened,6.0,26.3125,63.0,OPEN,0.01959,0.09471,6.1984,6.1959,41.1,MEDIUM,105.62,99.63,111.61,102.09,240.0,0.3333,0.1959,0.1894,1.0,61138.5,OK,IDLE,6.0211,26.3417,54000.0,SIMULATED
2026-09-11 09:58:30,58.5,2,moderate_disturbance_lid_opened,5.9375,26.375,63.0,OPEN,0.01933,0.08867,6.1353,6.1308,40.07,MEDIUM,109.41,103.52,115.3,106.67,240.0,0.3125,0.1933,0.1773,1.0,61709.3,OK,IDLE,6.0248,26.3475,54000.0,SIMULATED
2026-09-11 09:58:40,58.666666666666664,2,moderate_disturbance_lid_opened,6.0,26.25,64.0,OPEN,0.01913,0.08548,6.1945,6.1913,40.78,MEDIUM,107.73,101.82,113.64,104.53,240.0,0.3333,0.1913,0.171,1.0,62157.9,OK,IDLE,6.0286,26.3533,54000.0,SIMULATED
2026-09-11 09:58:50,58.833333333333336,2,moderate_disturbance_lid_opened,6.0,26.375,64.0,OPEN,0.01932,0.08421,6.1949,6.1932,40.81,MEDIUM,107.52,101.83,113.2,103.53,240.0,0.3333,0.1932,0.1684,1.0,62439.0,OK,IDLE,6.0324,26.3592,54000.0,SIMULATED
2026-09-11 09:59:00,59.0,2,moderate_disturbance_lid_opened,6.0625,26.375,63.0,OPEN,0.01939,0.08131,6.2564,6.2564,41.61,MEDIUM,104.49,99.07,109.91,99.9,240.0,0.3542,0.1939,0.1626,1.0,62539.1,OK,IDLE,6.0361,26.365,54000.0,SIMULATED
2026-09-11 09:59:10,59.166666666666664,2,moderate_disturbance_lid_opened,6.0625,26.3125,63.0,OPEN,0.01936,0.07729,6.2557,6.2561,41.52,MEDIUM,104.91,99.56,110.26,100.05,240.0,0.3542,0.1936,0.1546,1.0,62589.9,OK,IDLE,6.0399,26.3708,54000.0,SIMULATED
2026-09-11 09:59:20,59.333333333333336,2,moderate_disturbance_lid_opened,6.0625,26.375,63.0,OPEN,0.0196,0.07247,6.2566,6.2585,41.5,MEDIUM,104.4,99.37,109.44,98.85,240.0,0.3542,0.196,0.1449,1.0,62487.8,OK,IDLE,6.0437,26.3767,54000.0,SIMULATED
2026-09-11 09:59:30,59.5,2,moderate_disturbance_lid_opened,6.125,26.3125,64.0,OPEN,0.01981,0.06996,6.319,6.3231,42.34,MEDIUM,100.97,96.06,105.88,94.64,240.0,0.375,0.1981,0.1399,1.0,62150.2,OK,IDLE,6.0474,26.3825,54000.0,SIMULATED
2026-09-11 09:59:40,59.666666666666664,2,moderate_disturbance_lid_opened,6.0625,26.4375,64.0,OPEN,0.02016,0.06896,6.2595,6.2641,41.59,MEDIUM,102.87,97.99,107.75,96.09,240.0,0.3542,0.2016,0.1379,1.0,61770.7,OK,IDLE,6.0512,26.3883,54000.0,SIMULATED
2026-09-11 09:59:50,59.833333333333336,2,moderate_disturbance_lid_opened,6.0625,26.3125,64.0,OPEN,0.02078,0.06598,6.2609,6.2703,41.72,MEDIUM,102.16,97.57,106.75,93.25,240.0,0.3542,0.2078,0.132,1.0,60947.6,OK,IDLE,6.0549,26.3942,54000.0,SIMULATED
2026-09-11 10:00:00,60.0,2,moderate_disturbance_lid_opened,6.0625,26.4375,63.0,OPEN,0.02101,0.05856,6.2644,6.2726,41.64,MEDIUM,100.35,95.85,104.85,92.21,240.0,0.3542,0.2101,0.1171,1.0,60256.8,OK,IDLE,6.0587,26.4,54000.0,SIMULATED
2026-09-11 10:00:10,60.166666666666664,2,moderate_disturbance_lid_opened,6.0625,26.4375,64.0,OPEN,0.02132,0.0567,6.2668,6.2757,41.7,MEDIUM,99.14,94.94,103.34,90.89,240.0,0.3542,0.2132,0.1134,1.0,59529.7,OK,IDLE,6.0625,26.4058,54000.0,SIMULATED
2026-09-11 10:00:20,60.333333333333336,2,moderate_disturbance_lid_opened,6.0625,26.4375,63.0,OPEN,0.02129,0.05292,6.2686,6.2754,41.61,MEDIUM,98.26,94.14,102.39,91.02,240.0,0.3542,0.2129,0.1058,1.0,59004.2,OK,IDLE,6.0662,26.4117,54000.0,SIMULATED
2026-09-11 10:00:30,60.5,2,moderate_disturbance_lid_opened,6.0,26.4375,64.0,OPEN,0.02118,0.05066,6.2078,6.2118,40.7,MEDIUM,100.8,96.83,104.76,94.41,240.0,0.3333,0.2118,0.1013,1.0,58724.7,OK,IDLE,6.07,26.4175,54000.0,SIMULATED
2026-09-11 10:00:40,60.666666666666664,2,moderate_disturbance_lid_opened,6.125,26.4375,63.0,OPEN,0.02119,0.0465,6.3325,6.3369,42.29,MEDIUM,94.31,90.28,98.33,88.49,240.0,0.375,0.2119,0.093,1.0,58423.5,OK,IDLE,6.0738,26.4233,54000.0,SIMULATED
2026-09-11 10:00:50,60.833333333333336,2,moderate_disturbance_lid_opened,6.0625,26.375,63.0,OPEN,0.02161,0.04102,6.2719,6.2786,41.47,MEDIUM,96.76,92.75,100.78,89.64,240.0,0.3542,0.2161,0.082,1.0,57914.4,OK,IDLE,6.0775,26.4292,54000.0,SIMULATED
2026-09-11 10:01:00,61.0,2,moderate_disturbance_lid_opened,6.0625,26.4375,64.0,OPEN,0.02196,0.03747,6.2745,6.2821,41.5,MEDIUM,95.51,91.48,99.55,88.23,240.0,0.3542,0.2196,0.0749,1.0,57353.5,OK,IDLE,6.0813,26.435,54000.0,SIMULATED
2026-09-11 10:01:10,61.166666666666664,2,moderate_disturbance_lid_opened,6.0625,26.5,64.0,OPEN,0.02223,0.03518,6.2772,6.2848,41.54,MEDIUM,94.3,90.21,98.39,87.15,240.0,0.3542,0.2223,0.0704,1.0,56804.9,OK,IDLE,6.0851,26.4408,54000.0,SIMULATED
2026-09-11 10:01:20,61.333333333333336,2,moderate_disturbance_lid_opened,6.0625,26.4375,64.0,OPEN,0.02243,0.03367,6.2788,6.2868,41.57,MEDIUM,93.64,89.5,97.78,86.37,240.0,0.3542,0.2243,0.0673,1.0,56227.5,OK,IDLE,6.0889,26.4467,54000.0,SIMULATED
2026-09-11 10:01:30,61.5,2,moderate_disturbance_lid_opened,6.125,26.4375,63.0,OPEN,0.02256,0.03271,6.3427,6.3506,42.42,MEDIUM,89.87,85.58,94.16,83.1,240.0,0.375,0.2256,0.0654,1.0,55674.7,OK,IDLE,6.0926,26.4525,54000.0,SIMULATED
2026-09-11 10:01:40,61.666666666666664,2,moderate_disturbance_lid_opened,6.1875,26.5,64.0,OPEN,0.02279,0.03213,6.4074,6.4154,43.31,MEDIUM,85.87,81.28,90.47,79.53,240.0,0.3958,0.2279,0.0643,1.0,55125.3,OK,IDLE,6.0964,26.4583,54000.0,SIMULATED
2026-09-11 10:01:50,61.833333333333336,2,moderate_disturbance_lid_opened,6.1875,26.4375,63.0,OPEN,0.02305,0.02887,6.4091,6.418,43.33,MEDIUM,85.21,80.29,90.12,78.63,240.0,0.3958,0.2305,0.0577,1.0,54521.5,OK,IDLE,6.1002,26.4642,54000.0,SIMULATED
2026-09-11 10:02:00,62.0,2,moderate_disturbance_lid_opened,6.1875,26.5,64.0,OPEN,0.02348,0.02658,6.4125,6.4223,43.41,MEDIUM,83.91,78.69,89.13,77.18,240.0,0.3958,0.2348,0.0532,1.0,53866.1,OK,IDLE,6.1039,26.47,54000.0,SIMULATED
2026-09-11 10:02:10,62.166666666666664,2,moderate_disturbance_lid_opened,6.0625,26.5,63.0,OPEN,0.02346,0.02499,6.2906,6.2971,41.71,MEDIUM,88.75,83.39,94.11,82.57,240.0,0.3542,0.2346,0.05,1.0,53464.9,OK,IDLE,6.1077,26.4758,54000.0,SIMULATED
2026-09-11 10:02:20,62.333333333333336,2,moderate_disturbance_lid_opened,6.1875,26.4375,64.0,OPEN,0.02383,0.02387,6.4161,6.4258,43.46,MEDIUM,82.59,76.86,88.31,76.05,240.0,0.3958,0.2383,0.0477,1.0,52844.4,OK,IDLE,6.1115,26.4817,54000.0,SIMULATED
2026-09-11 10:02:30,62.5,2,moderate_disturbance_lid_opened,6.125,26.5,64.0,OPEN,0.02427,0.02299,6.3577,6.3677,42.74,MEDIUM,84.03,78.05,90.01,77.26,240.0,0.375,0.2427,0.046,1.0,52227.3,OK,IDLE,6.1153,26.4875,54000.0,SIMULATED
2026-09-11 10:02:40,62.666666666666664,2,moderate_disturbance_lid_opened,6.0625,26.5,64.0,OPEN,0.02437,0.02219,6.2981,6.3062,41.92,MEDIUM,85.91,79.74,92.07,79.5,240.0,0.3542,0.2437,0.0444,1.0,51749.9,OK,IDLE,6.119,26.4933,54000.0,SIMULATED
2026-09-11 10:02:50,62.833333333333336,2,moderate_disturbance_lid_opened,6.1875,26.5625,64.0,OPEN,0.02476,0.02429,6.4251,6.4351,43.75,MEDIUM,79.43,72.86,86.0,73.19,240.0,0.3958,0.2476,0.0486,1.0,51154.3,OK,IDLE,6.1228,26.4992,54000.0,SIMULATED
2026-09-11 10:03:00,63.0,2,moderate_disturbance_lid_opened,6.1875,26.4375,64.0,OPEN,0.02515,0.02547,6.4269,6.439,43.89,MEDIUM,78.83,71.85,85.81,72.06,240.0,0.3958,0.2515,0.0509,1.0,50442.5,OK,IDLE,6.1266,26.505,54000.0,SIMULATED
2026-09-11 10:03:10,63.166666666666664,2,moderate_disturbance_lid_opened,6.125,26.5,64.0,OPEN,0.02551,0.02592,6.369,6.3801,43.17,MEDIUM,80.14,72.85,87.44,73.49,240.0,0.375,0.2551,0.0518,1.0,49811.2,OK,IDLE,6.1303,26.5108,54000.0,SIMULATED
2026-09-11 10:03:20,63.333333333333336,2,moderate_disturbance_lid_opened,6.0625,26.5,63.0,OPEN,0.02566,0.0229,6.3097,6.3191,42.32,MEDIUM,81.85,74.31,89.39,75.51,240.0,0.3542,0.2566,0.0458,1.0,49306.3,OK,IDLE,6.1341,26.5167,54000.0,SIMULATED
2026-09-11 10:03:30,63.5,2,moderate_disturbance_lid_opened,6.125,26.5625,64.0,OPEN,0.02582,0.02032,6.3745,6.3832,43.15,MEDIUM,78.35,70.47,86.23,72.62,240.0,0.375,0.2582,0.0406,1.0,48852.9,OK,IDLE,6.1379,26.5225,54000.0,SIMULATED
2026-09-11 10:03:40,63.666666666666664,2,moderate_disturbance_lid_opened,6.125,26.5,64.0,OPEN,0.02597,0.01793,6.376,6.3847,43.15,MEDIUM,77.88,69.67,86.1,72.19,240.0,0.375,0.2597,0.0359,1.0,48406.0,OK,IDLE,6.1417,26.5283,54000.0,SIMULATED
2026-09-11 10:03:50,63.833333333333336,2,moderate_disturbance_lid_opened,6.0625,26.4375,63.0,OPEN,0.02574,0.01569,6.3147,6.3199,42.2,MEDIUM,80.23,71.78,88.68,75.26,240.0,0.3542,0.2574,0.0314,1.0,48176.4,OK,IDLE,6.1454,26.5342,54000.0,SIMULATED
2026-09-11 10:04:00,64.0,2,moderate_disturbance_lid_opened,6.125,26.5625,64.0,OPEN,0.02559,0.01356,6.3783,6.3809,42.95,MEDIUM,77.16,68.39,85.93,73.28,240.0,0.375,0.2559,0.0271,1.0,48113.1,OK,IDLE,6.1492,26.54,54000.0,SIMULATED
2026-09-11 10:04:10,64.16666666666667,2,moderate_disturbance_lid_opened,6.1875,26.5,64.0,OPEN,0.02546,0.01139,6.4396,6.4421,43.7,MEDIUM,74.85,65.7,84.0,71.19,240.0,0.3958,0.2546,0.0228,1.0,48051.6,OK,IDLE,6.153,26.5458,54000.0,SIMULATED
2026-09-11 10:04:20,64.33333333333333,2,moderate_disturbance_lid_opened,6.25,26.4375,64.0,OPEN,0.0255,0.01207,6.5012,6.505,44.56,MEDIUM,72.41,62.82,82.0,68.62,240.0,0.4167,0.255,0.0241,1.0,47912.2,OK,IDLE,6.1568,26.5517,54000.0,SIMULATED
2026-09-11 10:04:30,64.5,2,moderate_disturbance_lid_opened,6.125,26.5625,65.0,OPEN,0.02546,0.01759,6.379,6.3796,42.99,MEDIUM,76.95,67.1,86.8,73.66,240.0,0.375,0.2546,0.0352,1.0,47977.3,OK,IDLE,6.1605,26.5575,54000.0,SIMULATED
2026-09-11 10:04:40,64.66666666666667,2,moderate_disturbance_lid_opened,6.125,26.5625,64.0,OPEN,0.02533,0.02354,6.3784,6.3783,43.07,MEDIUM,77.12,67.04,87.21,74.03,240.0,0.375,0.2533,0.0471,1.0,48087.3,OK,IDLE,6.1643,26.5633,54000.0,SIMULATED
2026-09-11 10:04:50,64.83333333333333,2,moderate_disturbance_lid_opened,6.125,26.5625,64.0,OPEN,0.02494,0.02686,6.377,6.3744,43.02,MEDIUM,77.56,67.26,87.85,75.18,240.0,0.375,0.2494,0.0537,1.0,48357.9,OK,IDLE,6.1681,26.5692,54000.0,SIMULATED
2026-09-11 10:05:00,65.0,2,moderate_disturbance_lid_opened,6.1875,26.5625,64.0,OPEN,0.02489,0.03117,6.4378,6.4364,43.92,MEDIUM,75.38,64.82,85.94,72.81,240.0,0.3958,0.2489,0.0623,1.0,48545.5,OK,IDLE,6.1719,26.575,54000.0,SIMULATED
2026-09-11 10:05:10,65.16666666666667,2,moderate_disturbance_lid_opened,6.1875,26.5625,64.0,OPEN,0.02489,0.03619,6.437,6.4364,44.02,MEDIUM,75.6,64.8,86.41,72.83,240.0,0.3958,0.2489,0.0724,1.0,48690.0,OK,IDLE,6.1757,26.5808,54000.0,SIMULATED
2026-09-11 10:05:20,65.33333333333333,2,moderate_disturbance_lid_opened,6.1875,26.625,64.0,OPEN,0.02507,0.04171,6.4375,6.4382,44.19,MEDIUM,75.45,64.45,86.45,72.31,240.0,0.3958,0.2507,0.0834,1.0,48748.2,OK,IDLE,6.1794,26.5867,54000.0,SIMULATED
2026-09-11 10:05:30,65.5,2,moderate_disturbance_lid_opened,6.1875,26.5625,64.0,OPEN,0.02499,0.04757,6.4365,6.4374,44.28,MEDIUM,75.76,64.56,86.96,72.53,240.0,0.3958,0.2499,0.0951,1.0,48792.0,OK,IDLE,6.1832,26.5925,54000.0,SIMULATED
2026-09-11 10:05:40,65.66666666666667,2,moderate_disturbance_lid_opened,6.1875,26.6875,65.0,OPEN,0.02489,0.05357,6.4372,6.4364,44.37,MEDIUM,75.52,64.12,86.92,72.83,240.0,0.3958,0.2489,0.1071,1.0,48950.1,OK,IDLE,6.187,26.5983,54000.0,SIMULATED
2026-09-11 10:05:50,65.83333333333333,2,moderate_disturbance_lid_opened,6.125,26.625,64.0,OPEN,0.02475,0.05663,6.3738,6.3725,43.56,MEDIUM,78.55,67.05,90.05,75.76,240.0,0.375,0.2475,0.1133,1.0,49136.8,OK,IDLE,6.1908,26.6042,54000.0,SIMULATED
2026-09-11 10:06:00,66.0,2,moderate_disturbance_lid_opened,6.1875,26.5625,64.0,OPEN,0.02457,0.06049,6.434,6.4332,44.41,MEDIUM,76.54,64.89,88.18,73.77,240.0,0.3958,0.2457,0.121,1.0,49291.0,OK,IDLE,6.1945,26.61,54000.0,SIMULATED
2026-09-11 10:06:10,66.16666666666667,2,moderate_disturbance_lid_opened,6.25,26.625,64.0,OPEN,0.0247,0.06195,6.4963,6.497,45.32,MEDIUM,73.85,62.09,85.61,70.85,240.0,0.4167,0.247,0.1239,1.0,49340.8,OK,IDLE,6.1983,26.6158,54000.0,SIMULATED
2026-09-11 10:06:20,66.33333333333333,2,moderate_disturbance_lid_opened,6.125,26.625,64.0,OPEN,0.0243,0.06164,6.3712,6.368,43.52,MEDIUM,79.39,67.61,91.17,77.16,240.0,0.375,0.243,0.1233,1.0,49660.2,OK,IDLE,6.2021,26.6217,54000.0,SIMULATED
2026-09-11 10:06:30,66.5,2,moderate_disturbance_lid_opened,6.125,26.625,63.0,OPEN,0.02368,0.06009,6.3684,6.3618,43.31,MEDIUM,80.3,68.49,92.11,79.17,240.0,0.375,0.2368,0.1202,1.0,50228.2,OK,IDLE,6.2059,26.6275,54000.0,SIMULATED
2026-09-11 10:06:40,66.66666666666667,2,moderate_disturbance_lid_opened,6.125,26.6875,64.0,OPEN,0.02309,0.06063,6.3654,6.3559,43.14,MEDIUM,81.32,69.56,93.08,81.21,240.0,0.375,0.2309,0.1213,1.0,51030.6,OK,IDLE,6.2097,26.6333,54000.0,SIMULATED
2026-09-11 10:06:50,66.83333333333333,2,moderate_disturbance_lid_opened,6.3125,26.6875,64.0,OPEN,0.02284,0.06262,6.5478,6.5409,45.61,MEDIUM,74.43,62.61,86.25,73.88,240.0,0.4375,0.2284,0.1252,1.0,51652.6,OK,IDLE,6.2135,26.6392,54000.0,SIMULATED
2026-09-11 10:07:00,67.0,2,moderate_disturbance_lid_opened,6.3125,26.5625,64.0,OPEN,0.02281,0.06563,6.5446,6.5406,45.65,MEDIUM,75.49,63.66,87.32,73.99,240.0,0.4375,0.2281,0.1313,1.0,52057.5,OK,IDLE,6.2172,26.645,54000.0,SIMULATED
2026-09-11 10:07:10,67.16666666666667,2,moderate_disturbance_lid_opened,6.1875,26.6875,63.0,OPEN,0.02253,0.0665,6.4196,6.4128,43.92,MEDIUM,81.3,69.5,93.09,80.46,240.0,0.3958,0.2253,0.133,1.0,52693.2,OK,IDLE,6.221,26.6508,54000.0,SIMULATED
2026-09-11 10:07:20,67.33333333333333,2,moderate_disturbance_lid_opened,6.3125,26.625,64.0,OPEN,0.02259,0.06587,6.5411,6.5384,45.6,MEDIUM,76.62,64.9,88.34,74.69,240.0,0.4375,0.2259,0.1317,1.0,53005.9,OK,IDLE,6.2248,26.6567,54000.0,SIMULATED
2026-09-11 10:07:30,67.5,2,moderate_disturbance_lid_opened,6.1875,26.6875,64.0,OPEN,0.02233,0.0641,6.416,6.4108,43.81,MEDIUM,82.58,70.97,94.2,81.17,240.0,0.3958,0.2233,0.1282,1.0,53525.5,OK,IDLE,6.2286,26.6625,54000.0,SIMULATED
2026-09-11 10:07:40,67.66666666666667,2,moderate_disturbance_lid_opened,6.125,26.5625,64.0,OPEN,0.02182,0.06439,6.35,6.3432,42.83,MEDIUM,86.92,75.41,98.43,85.94,240.0,0.375,0.2182,0.1288,1.0,54195.2,OK,IDLE,6.2324,26.6683,54000.0,SIMULATED
2026-09-11 10:07:50,67.83333333333333,2,moderate_disturbance_lid_opened,6.25,26.6875,64.0,OPEN,0.02166,0.06611,6.4726,6.4666,44.49,MEDIUM,81.76,70.41,93.1,80.79,240.0,0.4167,0.2166,0.1322,1.0,54798.5,OK,IDLE,6.2362,26.6742,54000.0,SIMULATED
2026-09-11 10:08:00,68.0,2,moderate_disturbance_lid_opened,6.25,26.6875,65.0,OPEN,0.02155,0.07169,6.4705,6.4655,44.57,MEDIUM,82.54,71.32,93.75,81.2,240.0,0.4167,0.2155,0.1434,1.0,55322.7,OK,IDLE,6.2399,26.68,54000.0,SIMULATED
2026-09-11 10:08:10,68.16666666666667,2,moderate_disturbance_lid_opened,6.375,26.6875,64.0,OPEN,0.02199,0.07407,6.594,6.5949,46.41,MEDIUM,76.91,65.87,87.96,73.88,240.0,0.4583,0.2199,0.1481,1.0,55345.2,OK,IDLE,6.2437,26.6858,54000.0,SIMULATED
2026-09-11 10:08:20,68.33333333333333,2,moderate_disturbance_lid_opened,6.25,26.75,64.0,OPEN,0.02225,0.07413,6.4711,6.4725,44.82,MEDIUM,82.29,71.52,93.05,78.65,240.0,0.4167,0.2225,0.1483,1.0,55329.5,OK,IDLE,6.2475,26.6917,54000.0,SIMULATED
2026-09-11 10:08:30,68.5,2,moderate_disturbance_lid_opened,6.125,26.75,64.0,OPEN,0.02199,0.07245,6.3465,6.3449,43.05,MEDIUM,88.26,77.94,98.59,85.25,240.0,0.375,0.2199,0.1449,1.0,55563.6,OK,IDLE,6.2513,26.6975,54000.0,SIMULATED
2026-09-11 10:08:40,68.66666666666667,2,moderate_disturbance_lid_opened,6.1875,26.625,64.0,OPEN,0.02136,0.06947,6.4052,6.4011,43.63,MEDIUM,86.71,76.8,96.63,84.84,240.0,0.3958,0.2136,0.1389,1.0,56023.1,OK,IDLE,6.2551,26.7033,54000.0,SIMULATED
2026-09-11 10:08:50,68.83333333333333,2,moderate_disturbance_lid_opened,6.25,26.75,64.0,OPEN,0.02081,0.06843,6.4654,6.4581,44.28,MEDIUM,84.47,74.98,93.95,84.1,240.0,0.4167,0.2081,0.1369,1.0,56795.3,OK,IDLE,6.2589,26.7092,54000.0,SIMULATED
2026-09-11 10:09:00,69.0,2,moderate_disturbance_lid_opened,6.125,26.75,63.0,OPEN,0.01993,0.06589,6.3368,6.3243,42.3,MEDIUM,92.33,83.15,101.51,94.1,240.0,0.375,0.1993,0.1318,1.0,58122.8,OK,IDLE,6.2627,26.715,54000.0,SIMULATED
2026-09-11 10:09:10,69.16666666666667,2,moderate_disturbance_lid_opened,6.3125,26.8125,64.0,OPEN,0.01952,0.0623,6.5187,6.5077,44.6,MEDIUM,84.96,76.17,93.76,86.44,240.0,0.4375,0.1952,0.1246,1.0,59343.2,OK,IDLE,6.2664,26.7208,54000.0,SIMULATED
2026-09-11 10:09:20,69.33333333333333,2,moderate_disturbance_lid_opened,6.25,26.6875,64.0,OPEN,0.01925,0.05789,6.4519,6.4425,43.6,MEDIUM,90.16,81.73,98.59,90.9,240.0,0.4167,0.1925,0.1158,1.0,60431.0,OK,IDLE,6.2702,26.7267,54000.0,SIMULATED
2026-09-11 10:09:30,69.5,2,moderate_disturbance_lid_opened,6.3125,26.75,64.0,OPEN,0.01924,0.0528,6.5117,6.5049,44.33,MEDIUM,87.99,79.83,96.14,87.73,240.0,0.4375,0.1924,0.1056,1.0,61260.7,OK,IDLE,6.274,26.7325,54000.0,SIMULATED
2026-09-11 10:09:40,69.66666666666667,2,moderate_disturbance_lid_opened,6.375,26.625,64.0,OPEN,0.01974,0.0501,6.5721,6.5724,45.26,MEDIUM,85.51,77.74,93.29,82.34,240.0,0.4583,0.1974,0.1002,1.0,61336.8,OK,IDLE,6.2778,26.7383,54000.0,SIMULATED
2026-09-11 10:09:50,69.83333333333333,2,moderate_disturbance_lid_opened,6.3125,26.75,64.0,OPEN,0.02021,0.04906,6.512,6.5146,44.54,MEDIUM,87.86,80.45,95.27,83.5,240.0,0.4375,0.2021,0.0981,1.0,61171.4,OK,IDLE,6.2816,26.7442,54000.0,SIMULATED
2026-09-11 10:10:00,70.0,2,moderate_disturbance_lid_opened,6.3125,26.75,64.0,OPEN,0.02064,0.04919,6.5134,6.5189,44.68,MEDIUM,87.22,80.13,94.31,81.74,240.0,0.4375,0.2064,0.0984,1.0,60728.8,OK,IDLE,6.2854,26.75,54000.0,SIMULATED
2026-09-11 10:10:10,70.16666666666667,2,moderate_disturbance_lid_opened,6.3125,26.8125,64.0,OPEN,0.02102,0.04719,6.5159,6.5227,44.75,MEDIUM,86.15,79.36,92.94,80.26,240.0,0.4375,0.2102,0.0944,1.0,60172.4,OK,IDLE,6.2892,26.7558,54000.0,SIMULATED
2026-09-11 10:10:20,70.33333333333333,2,moderate_disturbance_lid_opened,6.375,26.75,64.0,OPEN,0.02152,0.04655,6.58,6.5902,45.72,MEDIUM,82.19,75.7,88.67,75.5,240.0,0.4583,0.2152,0.0931,1.0,59329.2,OK,IDLE,6.293,26.7617,54000.0,SIMULATED
2026-09-11 10:10:30,70.5,2,moderate_disturbance_lid_opened,6.3125,26.6875,64.0,OPEN,0.0219,0.04391,6.5206,6.5315,44.95,MEDIUM,84.23,78.18,90.27,77.07,240.0,0.4375,0.219,0.0878,1.0,58455.1,OK,IDLE,6.2968,26.7675,54000.0,SIMULATED
2026-09-11 10:10:40,70.66666666666667,2,moderate_disturbance_lid_opened,6.3125,26.8125,64.0,OPEN,0.02197,0.04273,6.5241,6.5322,44.95,MEDIUM,82.81,76.96,88.65,76.8,240.0,0.4375,0.2197,0.0855,1.0,57836.1,OK,IDLE,6.3005,26.7733,54000.0,SIMULATED
2026-09-11 10:10:50,70.83333333333333,2,moderate_disturbance_lid_opened,6.3125,26.8125,64.0,OPEN,0.02218,0.03962,6.5263,6.5343,44.95,MEDIUM,81.95,76.42,87.48,76.08,240.0,0.4375,0.2218,0.0792,1.0,57240.5,OK,IDLE,6.3043,26.7792,54000.0,SIMULATED
2026-09-11 10:11:00,71.0,2,moderate_disturbance_lid_opened,6.3125,26.75,64.0,OPEN,0.02228,0.03506,6.5277,6.5353,44.88,MEDIUM,81.42,76.19,86.66,75.74,240.0,0.4375,0.2228,0.0701,1.0,56690.7,OK,IDLE,6.3081,26.785,54000.0,SIMULATED
2026-09-11 10:11:10,71.16666666666667,2,moderate_disturbance_lid_opened,6.375,26.6875,64.0,OPEN,0.02245,0.03235,6.5911,6.5995,45.72,MEDIUM,77.94,72.94,82.94,72.37,240.0,0.4583,0.2245,0.0647,1.0,56087.0,OK,IDLE,6.3119,26.7908,54000.0,SIMULATED
2026-09-11 10:11:20,71.33333333333333,2,moderate_disturbance_lid_opened,6.25,26.8125,64.0,OPEN,0.0223,0.03093,6.4695,6.473,43.97,MEDIUM,82.87,78.12,87.61,78.48,240.0,0.4167,0.223,0.0619,1.0,55897.7,OK,IDLE,6.3157,26.7967,54000.0,SIMULATED
2026-09-11 10:11:30,71.5,2,moderate_disturbance_lid_opened,6.4375,26.875,64.0,OPEN,0.02243,0.03041,6.6569,6.6618,46.5,MEDIUM,73.69,68.98,78.4,69.67,240.0,0.4792,0.2243,0.0608,1.0,55592.9,OK,IDLE,6.3195,26.8025,54000.0,SIMULATED
2026-09-11 10:11:40,71.66666666666667,2,moderate_disturbance_lid_opened,6.25,26.8125,64.0,OPEN,0.02237,0.02757,6.4712,6.4737,43.93,MEDIUM,82.25,77.58,86.93,78.24,240.0,0.4167,0.2237,0.0551,1.0,55484.2,OK,IDLE,6.3233,26.8083,54000.0,SIMULATED
2026-09-11 10:11:50,71.83333333333333,2,moderate_disturbance_lid_opened,6.25,26.875,63.0,OPEN,0.02235,0.0231,6.4719,6.4735,43.83,MEDIUM,81.95,77.31,86.59,78.3,240.0,0.4167,0.2235,0.0462,1.0,55455.3,OK,IDLE,6.3271,26.8142,54000.0,SIMULATED
2026-09-11 10:12:00,72.0,2,moderate_disturbance_lid_opened,6.375,26.75,65.0,OPEN,0.02271,0.02036,6.5959,6.6021,45.55,MEDIUM,76.25,71.59,80.92,71.55,240.0,0.4583,0.2271,0.0407,1.0,55047.5,OK,IDLE,6.3309,26.82,54000.0,SIMULATED
2026-09-11 10:12:10,72.16666666666667,2,moderate_disturbance_lid_opened,6.3125,26.875,64.0,OPEN,0.02315,0.01873,6.5372,6.544,44.82,MEDIUM,77.94,73.38,82.51,72.91,240.0,0.4375,0.2315,0.0375,1.0,54611.8,OK,IDLE,6.3347,26.8258,54000.0,SIMULATED
2026-09-11 10:12:20,72.33333333333333,2,moderate_disturbance_lid_opened,6.3125,26.875,64.0,OPEN,0.02325,0.01492,6.5388,6.545,44.77,MEDIUM,77.39,72.81,81.97,72.59,240.0,0.4375,0.2325,0.0298,1.0,54227.6,OK,IDLE,6.3385,26.8317,54000.0,SIMULATED
2026-09-11 10:12:30,72.5,2,moderate_disturbance_lid_opened,6.375,26.9375,63.0,OPEN,0.02364,0.00959,6.6034,6.6114,45.62,MEDIUM,73.71,69.07,78.35,68.75,240.0,0.4583,0.2364,0.0192,1.0,53719.6,OK,IDLE,6.3423,26.8375,54000.0,SIMULATED
2026-09-11 10:12:40,72.66666666666667,2,moderate_disturbance_lid_opened,6.3125,26.875,63.0,OPEN,0.02385,0.00328,6.543,6.551,44.72,MEDIUM,75.96,71.34,80.57,70.75,240.0,0.4375,0.2385,0.0066,1.0,53221.2,OK,IDLE,6.3461,26.8433,54000.0,SIMULATED
2026-09-11 10:12:50,72.83333333333333,2,moderate_disturbance_lid_opened,6.3125,26.875,64.0,OPEN,0.02374,-0.00075,6.5444,6.5499,44.62,MEDIUM,75.51,70.85,80.17,71.08,240.0,0.4375,0.2374,0.0,1.0,52908.3,OK,IDLE,6.3499,26.8492,54000.0,SIMULATED
2026-09-11 10:13:00,73.0,2,moderate_disturbance_lid_opened,6.375,26.8125,64.0,OPEN,0.02392,-0.00319,6.6073,6.6142,45.51,MEDIUM,72.49,67.73,77.25,67.92,240.0,0.4583,0.2392,0.0,1.0,52495.4,OK,IDLE,6.3536,26.855,54000.0,SIMULATED
2026-09-11 10:13:10,73.16666666666667,2,moderate_disturbance_lid_opened,6.3125,26.8125,64.0,OPEN,0.02412,-0.00452,6.5471,6.5537,44.74,MEDIUM,74.62,69.81,79.44,69.97,240.0,0.4375,0.2412,0.0,1.0,52121.5,OK,IDLE,6.3574,26.8608,54000.0,SIMULATED
2026-09-11 10:13:20,73.33333333333333,2,moderate_disturbance_lid_opened,6.375,26.875,64.0,OPEN,0.0243,-0.00507,6.6113,6.618,45.62,MEDIUM,71.22,66.29,76.16,66.87,240.0,0.4583,0.243,0.0,1.0,51744.9,OK,IDLE,6.3612,26.8667,54000.0,SIMULATED
2026-09-11 10:13:30,73.5,2,moderate_disturbance_lid_opened,6.375,26.8125,63.0,OPEN,0.02427,-0.01088,6.612,6.6177,45.61,MEDIUM,71.03,65.97,76.09,66.96,240.0,0.4583,0.2427,0.0,1.0,51440.7,OK,IDLE,6.365,26.8725,54000.0,SIMULATED
2026-09-11 10:13:40,73.66666666666667,2,moderate_disturbance_lid_opened,6.375,26.8125,64.0,OPEN,0.02424,-0.01456,6.613,6.6174,45.61,MEDIUM,70.74,65.55,75.92,67.04,240.0,0.4583,0.2424,0.0,1.0,51227.3,OK,IDLE,6.3688,26.8783,54000.0,SIMULATED
2026-09-11 10:13:50,73.83333333333333,2,moderate_disturbance_lid_opened,6.4375,26.9375,64.0,OPEN,0.02437,-0.01676,6.6771,6.6812,46.48,MEDIUM,67.44,62.02,72.86,64.12,240.0,0.4792,0.2437,0.0,1.0,51039.0,OK,IDLE,6.3726,26.8842,54000.0,SIMULATED
2026-09-11 10:14:00,74.0,2,moderate_disturbance_lid_opened,6.4375,26.9375,64.0,OPEN,0.02439,-0.02087,6.6778,6.6814,46.48,MEDIUM,67.24,61.6,72.87,64.05,240.0,0.4792,0.2439,0.0,1.0,50884.9,OK,IDLE,6.3764,26.89,54000.0,SIMULATED
2026-09-11 10:14:10,74.16666666666667,2,moderate_disturbance_lid_opened,6.4375,26.9375,64.0,OPEN,0.02449,-0.02346,6.6786,6.6824,46.51,MEDIUM,67.02,61.19,72.84,63.79,240.0,0.4792,0.2449,0.0,1.0,50717.6,OK,IDLE,6.3802,26.8958,54000.0,SIMULATED
2026-09-11 10:14:20,74.33333333333333,2,moderate_disturbance_lid_opened,6.4375,26.875,64.0,OPEN,0.0248,-0.02499,6.6794,6.6855,46.61,MEDIUM,66.81,60.83,72.78,63.0,240.0,0.4792,0.248,0.0,1.0,50398.3,OK,IDLE,6.384,26.9017,54000.0,SIMULATED
2026-09-11 10:14:30,74.5,2,moderate_disturbance_lid_opened,6.3125,27.0,64.0,OPEN,0.02506,-0.02577,6.5584,6.5631,45.02,MEDIUM,71.17,65.11,77.22,67.34,240.0,0.4375,0.2506,0.0,1.0,50181.4,OK,IDLE,6.3878,26.9075,54000.0,SIMULATED
2026-09-11 10:14:40,74.66666666666667,2,moderate_disturbance_lid_opened,6.4375,26.875,64.0,OPEN,0.02526,-0.02309,6.6824,6.6901,46.75,MEDIUM,65.97,59.7,72.25,61.85,240.0,0.4792,0.2526,0.0,1.0,49770.3,OK,IDLE,6.3916,26.9133,54000.0,SIMULATED
2026-09-11 10:14:50,74.83333333333333,2,moderate_disturbance_lid_opened,6.375,26.875,64.0,OPEN,0.02522,-0.02083,6.6219,6.6272,45.9,MEDIUM,68.16,61.74,74.58,64.43,240.0,0.4583,0.2522,0.0,1.0,49519.2,OK,IDLE,6.3954,26.9192,54000.0,SIMULATED
2026-09-11 10:15:00,75.0,2,moderate_disturbance_lid_opened,6.375,26.875,64.0,OPEN,0.02499,-0.01886,6.6223,6.6249,45.83,MEDIUM,68.06,61.51,74.61,65.04,240.0,0.4583,0.2499,0.0,1.0,49446.6,OK,IDLE,6.3992,26.925,54000.0,SIMULATED
2026-09-11 10:15:10,75.16666666666667,2,moderate_disturbance_lid_opened,6.4375,26.9375,64.0,OPEN,0.02495,-0.01711,6.6849,6.687,46.65,MEDIUM,65.29,58.53,72.04,62.63,240.0,0.4792,0.2495,0.0,1.0,49409.6,OK,IDLE,6.403,26.9308,54000.0,SIMULATED
2026-09-11 10:15:20,75.33333333333333,2,moderate_disturbance_lid_opened,6.4375,27.0,64.0,OPEN,0.02503,-0.0155,6.6858,6.6878,46.68,MEDIUM,65.04,58.08,72.0,62.42,240.0,0.4792,0.2503,0.0,1.0,49378.7,OK,IDLE,6.4068,26.9367,54000.0,SIMULATED
2026-09-11 10:15:30,75.5,2,moderate_disturbance_lid_opened,6.4375,26.9375,64.0,OPEN,0.02517,-0.01399,6.6857,6.6892,46.72,MEDIUM,65.08,57.92,72.23,62.07,240.0,0.4792,0.2517,0.0,1.0,49249.3,OK,IDLE,6.4106,26.9425,54000.0,SIMULATED
2026-09-11 10:15:40,75.66666666666667,2,moderate_disturbance_lid_opened,6.375,27.0625,64.0,OPEN,0.02515,-0.01255,6.6254,6.6265,45.88,MEDIUM,67.18,59.9,74.46,64.6,240.0,0.4583,0.2515,0.0,1.0,49273.9,OK,IDLE,6.4144,26.9483,54000.0,SIMULATED
2026-09-11 10:15:50,75.83333333333333,2,moderate_disturbance_lid_opened,6.375,26.9375,64.0,OPEN,0.025,-0.00822,6.6238,6.625,45.83,MEDIUM,67.63,60.24,75.03,64.99,240.0,0.4583,0.25,0.0,1.0,49291.9,OK,IDLE,6.4182,26.9542,54000.0,SIMULATED
2026-09-11 10:16:00,76.0,2,moderate_disturbance_lid_opened,6.375,27.0,64.0,OPEN,0.02456,-0.0047,6.6232,6.6206,45.7,MEDIUM,67.8,60.29,75.3,66.17,240.0,0.4583,0.2456,0.0,1.0,49567.0,OK,IDLE,6.422,26.96,54000.0,SIMULATED
2026-09-11 10:16:10,76.16666666666667,2,moderate_disturbance_lid_opened,6.5,26.9375,65.0,OPEN,0.02442,0.00109,6.7451,6.7442,47.35,MEDIUM,63.18,55.46,70.89,61.41,240.0,0.5,0.2442,0.0022,1.0,49726.8,OK,IDLE,6.4258,26.9658,54000.0,SIMULATED
2026-09-11 10:16:20,76.33333333333333,2,moderate_disturbance_lid_opened,6.4375,27.0,64.0,OPEN,0.02449,0.00552,6.6833,6.6824,46.62,MEDIUM,65.72,57.87,73.56,63.81,240.0,0.4792,0.2449,0.011,1.0,49891.6,OK,IDLE,6.4296,26.9717,54000.0,SIMULATED
2026-09-11 10:16:30,76.5,2,moderate_disturbance_lid_opened,6.4375,26.9375,64.0,OPEN,0.0243,0.009,6.6817,6.6805,46.64,MEDIUM,66.17,58.21,74.13,64.31,240.0,0.4792,0.243,0.018,1.0,50074.5,OK,IDLE,6.4334,26.9775,54000.0,SIMULATED
2026-09-11 10:16:40,76.66666666666667,2,moderate_disturbance_lid_opened,6.5,27.0,64.0,OPEN,0.02408,0.00887,6.743,6.7408,47.4,MEDIUM,63.73,55.62,71.85,62.29,240.0,0.5,0.2408,0.0177,1.0,50324.9,OK,IDLE,6.4373,26.9833,54000.0,SIMULATED
2026-09-11 10:16:50,76.83333333333333,2,moderate_disturbance_lid_opened,6.375,27.0625,64.0,OPEN,0.02345,0.00907,6.6171,6.6095,45.55,MEDIUM,69.5,61.34,77.66,69.28,240.0,0.4583,0.2345,0.0181,1.0,50973.9,OK,IDLE,6.4411,26.9892,54000.0,SIMULATED
2026-09-11 10:17:00,77.0,2,moderate_disturbance_lid_opened,6.4375,26.875,64.0,OPEN,0.02325,0.00949,6.6746,6.67,46.33,MEDIUM,68.16,59.93,76.38,67.21,240.0,0.4792,0.2325,0.019,1.0,51417.0,OK,IDLE,6.4449,26.995,54000.0,SIMULATED
2026-09-11 10:17:10,77.16666666666667,2,moderate_disturbance_lid_opened,6.375,27.0625,64.0,OPEN,0.02315,0.01007,6.6125,6.6065,45.48,MEDIUM,70.86,62.63,79.09,70.21,240.0,0.4583,0.2315,0.0201,1.0,51970.1,OK,IDLE,6.4487,27.0008,54000.0,SIMULATED
2026-09-11 10:17:20,77.33333333333333,2,moderate_disturbance_lid_opened,6.5,27.0,65.0,OPEN,0.0231,0.01066,6.7339,6.731,47.14,MEDIUM,66.22,57.9,74.55,64.94,240.0,0.5,0.231,0.0213,1.0,52291.1,OK,IDLE,6.4525,27.0067,54000.0,SIMULATED
2026-09-11 10:17:30,77.5,2,moderate_disturbance_lid_opened,6.5,27.0625,64.0,OPEN,0.02343,0.01118,6.7342,6.7343,47.25,MEDIUM,66.13,57.76,74.51,64.03,240.0,0.5,0.2343,0.0224,1.0,52385.0,OK,IDLE,6.4563,27.0125,54000.0,SIMULATED
2026-09-11 10:17:40,77.66666666666667,2,moderate_disturbance_lid_opened,6.5,27.0,64.0,OPEN,0.02363,0.01163,6.7338,6.7363,47.32,MEDIUM,66.24,57.91,74.57,63.47,240.0,0.5,0.2363,0.0233,1.0,52300.6,OK,IDLE,6.4601,27.0183,54000.0,SIMULATED
2026-09-11 10:17:50,77.83333333333333,2,moderate_disturbance_lid_opened,6.5625,27.0,64.0,OPEN,0.02372,0.01205,6.7963,6.7997,48.19,MEDIUM,63.39,54.97,71.82,60.61,240.0,0.5208,0.2372,0.0241,1.0,52151.1,OK,IDLE,6.4639,27.0242,54000.0,SIMULATED
2026-09-11 10:18:00,78.0,2,moderate_disturbance_lid_opened,6.4375,26.9375,64.0,OPEN,0.02369,0.01243,6.6723,6.6744,46.52,MEDIUM,68.84,60.43,77.24,65.96,240.0,0.4792,0.2369,0.0249,1.0,52094.7,OK,IDLE,6.4677,27.03,54000.0,SIMULATED
2026-09-11 10:18:10,78.16666666666667,2,moderate_disturbance_lid_opened,6.375,27.0,64.0,OPEN,0.02338,0.01574,6.6103,6.6088,45.66,MEDIUM,71.54,63.13,79.95,69.5,240.0,0.4583,0.2338,0.0315,1.0,52302.7,OK,IDLE,6.4715,27.0358,54000.0,SIMULATED
2026-09-11 10:18:20,78.33333333333333,2,moderate_disturbance_lid_opened,6.5,27.0625,63.0,OPEN,0.0236,0.0154,6.7346,6.736,47.39,MEDIUM,66.02,57.6,74.45,63.57,240.0,0.5,0.236,0.0308,1.0,52299.1,OK,IDLE,6.4753,27.0417,54000.0,SIMULATED
2026-09-11 10:18:30,78.5,2,moderate_disturbance_lid_opened,6.5,27.0,64.0,OPEN,0.02379,0.01544,6.7345,6.7379,47.45,MEDIUM,66.04,57.75,74.33,63.04,240.0,0.5,0.2379,0.0309,1.0,52148.5,OK,IDLE,6.4791,27.0475,54000.0,SIMULATED
2026-09-11 10:18:40,78.66666666666667,2,moderate_disturbance_lid_opened,6.375,26.9375,64.0,OPEN,0.02323,0.01576,6.6092,6.6073,45.62,MEDIUM,71.88,63.76,80.01,69.96,240.0,0.4583,0.2323,0.0315,1.0,52389.6,OK,IDLE,6.4829,27.0533,54000.0,SIMULATED
2026-09-11 10:18:50,78.83333333333333,2,moderate_disturbance_lid_opened,6.5,27.125,63.0,OPEN,0.02265,0.01341,6.7324,6.7265,47.06,MEDIUM,66.64,58.58,74.69,66.23,240.0,0.5,0.2265,0.0268,1.0,52951.4,OK,IDLE,6.4867,27.0592,54000.0,SIMULATED
2026-09-11 10:19:00,79.0,2,moderate_disturbance_lid_opened,6.4375,27.0625,64.0,OPEN,0.02204,0.01215,6.6664,6.6579,46.02,MEDIUM,70.58,62.9,78.25,70.91,240.0,0.4792,0.2204,0.0243,1.0,53753.1,OK,IDLE,6.4905,27.065,54000.0,SIMULATED
2026-09-11 10:19:10,79.16666666666667,2,moderate_disturbance_lid_opened,6.5,27.0625,64.0,OPEN,0.02119,0.00869,6.7236,6.7119,46.53,MEDIUM,69.27,61.74,76.8,70.79,240.0,0.5,0.2119,0.0174,1.0,54870.7,OK,IDLE,6.4944,27.0708,54000.0,SIMULATED
2026-09-11 10:19:20,79.33333333333333,2,moderate_disturbance_lid_opened,6.5,27.0625,63.0,OPEN,0.0207,0.00371,6.7189,6.707,46.28,MEDIUM,70.76,63.58,77.95,72.47,240.0,0.5,0.207,0.0074,1.0,56054.1,OK,IDLE,6.4982,27.0767,54000.0,SIMULATED
2026-09-11 10:19:30,79.5,2,moderate_disturbance_lid_opened,6.5,27.0625,64.0,OPEN,0.02025,0.0006,6.7143,6.7025,46.09,MEDIUM,72.3,65.4,79.19,74.06,240.0,0.5,0.2025,0.0012,1.0,57269.0,OK,IDLE,6.502,27.0825,54000.0,SIMULATED
2026-09-11 10:19:40,79.66666666666667,2,moderate_disturbance_lid_opened,6.4375,27.125,64.0,OPEN,0.01982,-0.0012,6.6482,6.6357,45.11,MEDIUM,76.71,70.01,83.41,78.82,240.0,0.4792,0.1982,0.0,1.0,58605.4,OK,IDLE,6.5058,27.0883,54000.0,SIMULATED
2026-09-11 10:19:50,79.83333333333333,2,moderate_disturbance_lid_opened,6.375,27.0625,64.0,OPEN,0.0194,-0.00208,6.581,6.569,44.15,MEDIUM,81.74,75.24,88.24,83.77,240.0,0.4583,0.194,0.0,1.0,59951.6,OK,IDLE,6.5096,27.0942,54000.0,SIMULATED
2026-09-11 10:20:00,80.0,2,moderate_disturbance_lid_opened,6.625,27.125,64.0,OPEN,0.0195,-0.00231,6.8265,6.82,47.52,MEDIUM,70.27,64.08,76.46,70.5,240.0,0.5417,0.195,0.0,1.0,60730.0,OK,IDLE,6.5134,27.1,54000.0,SIMULATED
2026-09-11 10:20:10,80.16666666666667,2,moderate_disturbance_lid_opened,6.5,27.1875,64.0,OPEN,0.0196,-0.00209,6.7012,6.696,45.88,MEDIUM,77.01,71.07,82.94,76.55,240.0,0.5,0.196,0.0,1.0,61383.1,OK,IDLE,6.5172,27.1058,54000.0,SIMULATED
2026-09-11 10:20:20,80.33333333333333,2,moderate_disturbance_lid_opened,6.5,27.1875,64.0,OPEN,0.01966,-0.00156,6.6998,6.6966,45.9,MEDIUM,77.56,71.73,83.38,76.3,240.0,0.5,0.1966,0.0,1.0,61821.0,OK,IDLE,6.521,27.1117,54000.0,SIMULATED
2026-09-11 10:20:30,80.5,2,moderate_disturbance_lid_opened,6.5625,27.0625,64.0,OPEN,0.02005,-0.00081,6.7609,6.763,46.85,MEDIUM,74.76,69.16,80.37,71.69,240.0,0.5208,0.2005,0.0,1.0,61702.0,OK,IDLE,6.5248,27.1175,54000.0,SIMULATED
2026-09-11 10:20:40,80.66666666666667,2,moderate_disturbance_lid_opened,6.5,27.125,64.0,OPEN,0.02029,0.0001,6.7002,6.7029,46.09,MEDIUM,77.43,71.97,82.88,73.94,240.0,0.5,0.2029,0.0002,1.0,61525.6,OK,IDLE,6.5287,27.1233,54000.0,SIMULATED
2026-09-11 10:20:50,80.83333333333333,2,moderate_disturbance_lid_opened,6.5625,27.1875,64.0,OPEN,0.02058,0.00112,6.7638,6.7683,47.03,MEDIUM,73.66,68.38,78.95,69.85,240.0,0.5208,0.2058,0.0022,1.0,61177.6,OK,IDLE,6.5325,27.1292,54000.0,SIMULATED
2026-09-11 10:21:00,81.0,2,moderate_disturbance_lid_opened,6.5625,27.0625,64.0,OPEN,0.02088,0.00221,6.7644,6.7713,47.14,MEDIUM,73.44,68.32,78.56,68.83,240.0,0.5208,0.2088,0.0044,1.0,60607.2,OK,IDLE,6.5363,27.135,54000.0,SIMULATED
2026-09-11 10:21:10,81.16666666666667,2,moderate_disturbance_lid_opened,6.625,27.0625,64.0,OPEN,0.02135,0.00336,6.829,6.8385,48.14,MEDIUM,69.43,64.39,74.47,64.39,240.0,0.5417,0.2135,0.0067,1.0,59812.0,OK,IDLE,6.5401,27.1408,54000.0,SIMULATED
2026-09-11 10:21:20,81.33333333333333,2,moderate_disturbance_lid_opened,6.5,27.1875,64.0,OPEN,0.02174,0.00454,6.7088,6.7174,46.61,MEDIUM,74.19,69.37,79.0,69.01,240.0,0.5,0.2174,0.0091,1.0,59135.8,OK,IDLE,6.5439,27.1467,54000.0,SIMULATED
2026-09-11 10:21:30,81.5,2,moderate_disturbance_lid_opened,6.5,27.1875,64.0,OPEN,0.02168,0.00575,6.7105,6.7168,46.62,MEDIUM,73.6,68.79,78.41,69.2,240.0,0.5,0.2168,0.0115,1.0,58668.0,OK,IDLE,6.5477,27.1525,54000.0,SIMULATED
2026-09-11 10:21:40,81.66666666666667,2,moderate_disturbance_lid_opened,6.4375,27.25,63.0,OPEN,0.02166,0.00412,6.6502,6.6541,45.75,MEDIUM,75.98,71.36,80.6,72.15,240.0,0.4792,0.2166,0.0082,1.0,58415.6,OK,IDLE,6.5515,27.1583,54000.0,SIMULATED
2026-09-11 10:21:50,81.83333333333333,2,moderate_disturbance_lid_opened,6.5,27.125,64.0,OPEN,0.02129,0.00345,6.711,6.7129,46.46,MEDIUM,73.42,69.03,77.81,70.44,240.0,0.5,0.2129,0.0069,1.0,58340.4,OK,IDLE,6.5554,27.1642,54000.0,SIMULATED
2026-09-11 10:22:00,82.0,2,moderate_disturbance_lid_opened,6.625,27.1875,63.0,OPEN,0.02102,-0.00234,6.8351,6.8352,47.97,MEDIUM,67.4,63.05,71.74,65.41,240.0,0.5417,0.2102,0.0,1.0,58427.7,OK,IDLE,6.5592,27.17,54000.0,SIMULATED
2026-09-11 10:22:10,82.16666666666667,2,moderate_disturbance_lid_opened,6.5625,27.1875,65.0,OPEN,0.02097,-0.00012,6.7727,6.7722,47.12,MEDIUM,70.53,66.3,74.76,68.56,240.0,0.5208,0.2097,0.0,1.0,58575.6,OK,IDLE,6.563,27.1758,54000.0,SIMULATED
2026-09-11 10:22:20,82.33333333333333,2,moderate_disturbance_lid_opened,6.5625,27.125,64.0,OPEN,0.02086,0.00192,6.7716,6.7711,47.13,MEDIUM,70.92,66.8,75.04,68.9,240.0,0.5208,0.2086,0.0038,1.0,58714.5,OK,IDLE,6.5668,27.1817,54000.0,SIMULATED
2026-09-11 10:22:30,82.5,2,moderate_disturbance_lid_opened,6.5625,27.125,64.0,OPEN,0.0207,0.00382,6.7708,6.7695,47.12,MEDIUM,71.18,67.09,75.28,69.43,240.0,0.5208,0.207,0.0076,1.0,58933.9,OK,IDLE,6.5706,27.1875,54000.0,SIMULATED
2026-09-11 10:22:40,82.66666666666667,2,moderate_disturbance_lid_opened,6.5625,27.25,64.0,OPEN,0.02066,0.00267,6.771,6.7691,47.09,MEDIUM,71.08,67.05,75.11,69.57,240.0,0.5208,0.2066,0.0053,1.0,59219.2,OK,IDLE,6.5744,27.1933,54000.0,SIMULATED
2026-09-11 10:22:50,82.83333333333333,2,moderate_disturbance_lid_opened,6.6875,27.1875,64.0,OPEN,0.02086,-0.0007,6.8944,6.8961,48.76,MEDIUM,65.24,61.23,69.24,62.92,240.0,0.5625,0.2086,0.0,1.0,59156.6,OK,IDLE,6.5783,27.1992,54000.0,SIMULATED
2026-09-11 10:23:00,83.0,2,moderate_disturbance_lid_opened,6.625,27.1875,64.0,OPEN,0.02101,-0.00277,6.8329,6.8351,47.97,MEDIUM,68.11,64.12,72.11,65.45,240.0,0.5417,0.2101,0.0,1.0,59049.1,OK,IDLE,6.5821,27.205,54000.0,SIMULATED
2026-09-11 10:23:10,83.16666666666667,2,moderate_disturbance_lid_opened,6.5625,27.25,64.0,OPEN,0.0211,-0.00394,6.7718,6.7735,47.16,MEDIUM,70.81,66.86,74.76,68.12,240.0,0.5208,0.211,0.0,1.0,58992.7,OK,IDLE,6.5859,27.2108,54000.0,SIMULATED
2026-09-11 10:23:20,83.33333333333333,2,moderate_disturbance_lid_opened,6.5,27.1875,64.0,OPEN,0.02077,-0.00447,6.7087,6.7077,46.23,MEDIUM,74.24,70.26,78.23,72.21,240.0,0.5,0.2077,0.0,1.0,59182.3,OK,IDLE,6.5897,27.2167,54000.0,SIMULATED
2026-09-11 10:23:30,83.5,2,moderate_disturbance_lid_opened,6.5625,27.25,64.0,OPEN,0.0205,-0.00456,6.77,6.7675,46.98,MEDIUM,71.45,67.46,75.44,70.13,240.0,0.5208,0.205,0.0,1.0,59526.4,OK,IDLE,6.5935,27.2225,54000.0,SIMULATED
2026-09-11 10:23:40,83.66666666666667,2,moderate_disturbance_lid_opened,6.4375,27.25,63.0,OPEN,0.01988,-0.01014,6.6434,6.6363,45.13,MEDIUM,78.5,74.35,82.64,78.59,240.0,0.4792,0.1988,0.0,1.0,60348.0,OK,IDLE,6.5974,27.2283,54000.0,SIMULATED
2026-09-11 10:23:50,83.83333333333333,2,moderate_disturbance_lid_opened,6.5625,27.25,64.0,OPEN,0.01938,-0.01376,6.7641,6.7563,46.65,MEDIUM,73.55,69.39,77.71,74.18,240.0,0.5208,0.1938,0.0,1.0,61274.8,OK,IDLE,6.6012,27.2342,54000.0,SIMULATED
2026-09-11 10:24:00,84.0,2,moderate_disturbance_lid_opened,6.625,27.25,63.0,OPEN,0.0193,-0.01887,6.8237,6.818,47.46,MEDIUM,71.28,67.13,75.42,71.25,240.0,0.5417,0.193,0.0,1.0,61986.3,OK,IDLE,6.605,27.24,54000.0,SIMULATED
2026-09-11 10:24:10,84.16666666666667,2,moderate_disturbance_lid_opened,6.625,27.1875,64.0,OPEN,0.0195,-0.02206,6.8221,6.82,47.52,MEDIUM,71.87,67.74,76.01,70.51,240.0,0.5417,0.195,0.0,1.0,62306.7,OK,IDLE,6.6088,27.2458,54000.0,SIMULATED
2026-09-11 10:24:20,84.33333333333333,2,moderate_disturbance_lid_opened,6.5,27.3125,64.0,OPEN,0.01952,-0.02391,6.6981,6.6952,45.86,MEDIUM,78.19,73.95,82.43,76.84,240.0,0.5,0.1952,0.0,1.0,62721.4,OK,IDLE,6.6126,27.2517,54000.0,SIMULATED
2026-09-11 10:24:30,84.5,2,moderate_disturbance_lid_opened,6.5625,27.3125,64.0,OPEN,0.01959,-0.02483,6.7594,6.7584,46.71,MEDIUM,75.3,71.01,79.59,73.38,240.0,0.5208,0.1959,0.0,1.0,62928.4,OK,IDLE,6.6165,27.2575,54000.0,SIMULATED
2026-09-11 10:24:40,84.66666666666667,2,moderate_disturbance_lid_opened,6.625,27.25,64.0,OPEN,0.01949,-0.02509,6.8203,6.8199,47.51,MEDIUM,72.52,68.27,76.78,70.55,240.0,0.5417,0.1949,0.0,1.0,63069.5,OK,IDLE,6.6203,27.2633,54000.0,SIMULATED
2026-09-11 10:24:50,84.83333333333333,2,moderate_disturbance_lid_opened,6.75,27.1875,64.0,OPEN,0.01997,-0.02489,6.9448,6.9497,49.32,MEDIUM,65.91,61.62,70.19,62.6,240.0,0.5833,0.1997,0.0,1.0,62655.3,OK,IDLE,6.6241,27.2692,54000.0,SIMULATED
2026-09-11 10:25:00,85.0,2,moderate_disturbance_lid_opened,6.625,27.3125,64.0,OPEN,0.02028,-0.02437,6.8233,6.8278,47.75,MEDIUM,71.41,67.13,75.69,67.81,240.0,0.5417,0.2028,0.0,1.0,62294.9,OK,IDLE,6.6279,27.275,54000.0,SIMULATED
2026-09-11 10:25:10,85.16666666666667,2,moderate_disturbance_lid_opened,6.625,27.3125,64.0,OPEN,0.02045,-0.02363,6.8246,6.8295,47.8,MEDIUM,70.95,66.73,75.18,67.25,240.0,0.5417,0.2045,0.0,1.0,61897.7,OK,IDLE,6.6318,27.2808,54000.0,SIMULATED
2026-09-11 10:25:20,85.33333333333333,2,moderate_disturbance_lid_opened,6.625,27.3125,64.0,OPEN,0.02068,-0.02273,6.8261,6.8318,47.87,MEDIUM,70.42,66.26,74.58,66.49,240.0,0.5417,0.2068,0.0,1.0,61429.9,OK,IDLE,6.6356,27.2867,54000.0,SIMULATED
2026-09-11 10:25:30,85.5,2,moderate_disturbance_lid_opened,6.5625,27.3125,64.0,OPEN,0.02076,-0.02172,6.7654,6.7701,47.06,MEDIUM,73.07,68.97,77.18,69.25,240.0,0.5208,0.2076,0.0,1.0,61067.1,OK,IDLE,6.6394,27.2925,54000.0,SIMULATED
2026-09-11 10:25:40,85.66666666666667,2,moderate_disturbance_lid_opened,6.75,27.3125,63.0,OPEN,0.02125,-0.02348,6.9535,6.9625,49.71,MEDIUM,63.04,58.84,67.24,58.82,240.0,0.5833,0.2125,0.0,1.0,60313.2,OK,IDLE,6.6432,27.2983,54000.0,SIMULATED
2026-09-11 10:25:50,85.83333333333333,2,moderate_disturbance_lid_opened,6.625,27.25,64.0,OPEN,0.02147,-0.02424,6.8314,6.8397,48.11,MEDIUM,68.59,64.39,72.78,64.05,240.0,0.5417,0.2147,0.0,1.0,59645.4,OK,IDLE,6.6471,27.3042,54000.0,SIMULATED
2026-09-11 10:26:00,86.0,2,moderate_disturbance_lid_opened,6.625,27.375,64.0,OPEN,0.02147,-0.0243,6.8341,6.8397,48.11,MEDIUM,67.69,63.5,71.88,64.06,240.0,0.5417,0.2147,0.0,1.0,59234.3,OK,IDLE,6.6509,27.31,54000.0,SIMULATED
2026-09-11 10:26:10,86.16666666666667,2,moderate_disturbance_lid_opened,6.75,27.375,64.0,OPEN,0.02164,-0.02386,6.9597,6.9664,49.83,MEDIUM,61.19,56.93,65.45,57.76,240.0,0.5833,0.2164,0.0,1.0,58721.4,OK,IDLE,6.6547,27.3158,54000.0,SIMULATED
2026-09-11 10:26:20,86.33333333333333,2,moderate_disturbance_lid_opened,6.625,27.3125,64.0,OPEN,0.02192,-0.02013,6.8372,6.8442,48.24,MEDIUM,66.71,62.47,70.95,62.73,240.0,0.5417,0.2192,0.0,1.0,58198.3,OK,IDLE,6.6585,27.3217,54000.0,SIMULATED
2026-09-11 10:26:30,86.5,2,moderate_disturbance_lid_opened,6.625,27.25,65.0,OPEN,0.02207,-0.01409,6.8385,6.8457,48.29,MEDIUM,66.31,62.07,70.55,62.3,240.0,0.5417,0.2207,0.0,1.0,57665.4,OK,IDLE,6.6624,27.3275,54000.0,SIMULATED
2026-09-11 10:26:40,86.66666666666667,2,moderate_disturbance_lid_opened,6.625,27.3125,64.0,OPEN,0.02212,-0.00939,6.8406,6.8462,48.3,MEDIUM,65.66,61.46,69.85,62.16,240.0,0.5417,0.2212,0.0,1.0,57278.0,OK,IDLE,6.6662,27.3333,54000.0,SIMULATED
2026-09-11 10:26:50,86.83333333333333,2,moderate_disturbance_lid_opened,6.75,27.3125,64.0,OPEN,0.02262,-0.00562,6.9668,6.9762,50.12,MEDIUM,59.16,54.71,63.61,55.27,240.0,0.5833,0.2262,0.0,1.0,56596.1,OK,IDLE,6.67,27.3392,54000.0,SIMULATED
2026-09-11 10:27:00,87.0,2,moderate_disturbance_lid_opened,6.625,27.375,64.0,OPEN,0.02268,-0.00251,6.8455,6.8518,48.47,MEDIUM,64.19,59.67,68.7,60.63,240.0,0.5417,0.2268,0.0,1.0,56171.1,OK,IDLE,6.6738,27.345,54000.0,SIMULATED
2026-09-11 10:27:10,87.16666666666667,2,moderate_disturbance_lid_opened,6.5625,27.375,64.0,OPEN,0.02242,0.00015,6.7841,6.7867,47.56,MEDIUM,66.86,62.32,71.4,64.12,240.0,0.5208,0.2242,0.0003,1.0,56053.0,OK,IDLE,6.6777,27.3508,54000.0,SIMULATED
2026-09-11 10:27:20,87.33333333333333,2,moderate_disturbance_lid_opened,6.6875,27.3125,65.0,OPEN,0.0221,0.00534,6.9071,6.9085,49.24,MEDIUM,61.41,56.75,66.07,59.4,240.0,0.5625,0.221,0.0107,1.0,56041.7,OK,IDLE,6.6815,27.3567,54000.0,SIMULATED
2026-09-11 10:27:30,87.5,2,moderate_disturbance_lid_opened,6.6875,27.3125,64.0,OPEN,0.02206,0.0123,6.9071,6.9081,49.37,MEDIUM,61.43,56.66,66.2,59.49,240.0,0.5625,0.2206,0.0246,1.0,56052.8,OK,IDLE,6.6853,27.3625,54000.0,SIMULATED
2026-09-11 10:27:40,87.66666666666667,2,moderate_disturbance_lid_opened,6.6875,27.375,64.0,OPEN,0.02222,0.01766,6.908,6.9097,49.52,MEDIUM,61.18,56.29,66.07,59.07,240.0,0.5625,0.2222,0.0353,1.0,56004.3,OK,IDLE,6.6891,27.3683,54000.0,SIMULATED
2026-09-11 10:27:50,87.83333333333333,2,moderate_disturbance_lid_opened,6.6875,27.375,63.0,OPEN,0.02249,0.01902,6.9088,6.9124,49.63,MEDIUM,60.96,56.0,65.91,58.36,240.0,0.5625,0.2249,0.038,1.0,55800.0,OK,IDLE,6.693,27.3742,54000.0,SIMULATED
2026-09-11 10:28:00,88.0,2,moderate_disturbance_lid_opened,6.75,27.375,64.0,OPEN,0.02319,0.02055,6.973,6.9819,50.7,MEDIUM,57.51,52.3,62.73,53.91,240.0,0.5833,0.2319,0.0411,1.0,55192.8,OK,IDLE,6.6968,27.38,54000.0,SIMULATED
2026-09-11 10:28:10,88.16666666666667,2,moderate_disturbance_lid_opened,6.6875,27.375,64.0,OPEN,0.02361,0.02219,6.9139,6.9236,50.03,MEDIUM,59.58,54.2,64.96,55.58,240.0,0.5625,0.2361,0.0444,1.0,54535.9,OK,IDLE,6.7006,27.3858,54000.0,SIMULATED
2026-09-11 10:28:20,88.33333333333333,2,moderate_disturbance_lid_opened,6.6875,27.375,64.0,OPEN,0.02364,0.02391,6.916,6.9239,50.07,MEDIUM,59.02,53.48,64.56,55.51,240.0,0.5625,0.2364,0.0478,1.0,54025.8,OK,IDLE,6.7045,27.3917,54000.0,SIMULATED
2026-09-11 10:28:30,88.5,2,moderate_disturbance_lid_opened,6.6875,27.375,64.0,OPEN,0.02374,0.02273,6.9178,6.9249,50.08,MEDIUM,58.55,52.84,64.25,55.29,240.0,0.5625,0.2374,0.0455,1.0,53591.7,OK,IDLE,6.7083,27.3975,54000.0,SIMULATED
2026-09-11 10:28:40,88.66666666666667,2,moderate_disturbance_lid_opened,6.6875,27.375,64.0,OPEN,0.02386,0.02239,6.9195,6.9261,50.1,MEDIUM,58.12,52.24,64.0,55.02,240.0,0.5625,0.2386,0.0448,1.0,53201.1,OK,IDLE,6.7121,27.4033,54000.0,SIMULATED
2026-09-11 10:28:50,88.83333333333333,2,moderate_disturbance_lid_opened,6.875,27.3125,64.0,OPEN,0.02414,0.02262,7.1068,7.1164,52.7,MEDIUM,49.63,43.23,56.04,46.6,240.0,0.625,0.2414,0.0452,1.0,52598.9,OK,IDLE,6.716,27.4092,54000.0,SIMULATED
2026-09-11 10:29:00,89.0,2,moderate_disturbance_lid_opened,6.75,27.375,64.0,OPEN,0.02451,0.02031,6.9863,6.9951,51.09,MEDIUM,54.26,47.58,60.94,51.0,240.0,0.5833,0.2451,0.0406,1.0,52072.3,OK,IDLE,6.7198,27.415,54000.0,SIMULATED
2026-09-11 10:29:10,89.16666666666667,2,moderate_disturbance_lid_opened,6.75,27.4375,64.0,OPEN,0.02472,0.01907,6.9891,6.9972,51.13,MEDIUM,53.61,46.65,60.56,50.56,240.0,0.5833,0.2472,0.0381,1.0,51605.5,OK,IDLE,6.7236,27.4208,54000.0,SIMULATED
2026-09-11 10:29:20,89.33333333333333,2,moderate_disturbance_lid_opened,6.6875,27.4375,64.0,OPEN,0.02481,0.01858,6.929,6.9356,50.31,MEDIUM,55.81,48.67,62.95,52.91,240.0,0.5625,0.2481,0.0372,1.0,51250.3,OK,IDLE,6.7275,27.4267,54000.0,SIMULATED
2026-09-11 10:29:30,89.5,2,moderate_disturbance_lid_opened,6.6875,27.375,65.0,OPEN,0.02478,0.01853,6.9297,6.9353,50.31,MEDIUM,55.67,48.37,62.97,52.96,240.0,0.5625,0.2478,0.0371,1.0,50958.1,OK,IDLE,6.7313,27.4325,54000.0,SIMULATED
2026-09-11 10:29:40,89.66666666666667,2,moderate_disturbance_lid_opened,6.6875,27.4375,64.0,OPEN,0.02467,0.01868,6.931,6.9342,50.27,MEDIUM,55.36,47.97,62.75,53.21,240.0,0.5625,0.2467,0.0374,1.0,50836.8,OK,IDLE,6.7351,27.4383,54000.0,SIMULATED
2026-09-11 10:29:50,89.83333333333333,2,moderate_disturbance_lid_opened,6.6875,27.5625,63.0,OPEN,0.02428,0.01612,6.9315,6.9303,50.11,MEDIUM,55.22,47.9,62.55,54.05,240.0,0.5625,0.2428,0.0322,1.0,51023.5,OK,IDLE,6.739,27.4442,54000.0,SIMULATED
2026-09-11 10:30:00,90.0,2,moderate_disturbance_lid_opened,6.6875,27.375,63.0,OPEN,0.0235,0.01176,6.9272,6.9225,49.78,MEDIUM,56.23,48.78,63.68,55.85,240.0,0.5625,0.235,0.0235,1.0,51472.9,OK,IDLE,6.7428,27.45,54000.0,SIMULATED
2026-09-11 10:30:10,90.16666666666667,2,moderate_disturbance_lid_opened,6.75,27.375,63.0,OPEN,0.02333,0.00623,6.9872,6.9833,50.46,MEDIUM,54.05,46.53,61.56,53.59,240.0,0.5833,0.2333,0.0125,1.0,51867.4,OK,IDLE,6.7466,27.4558,54000.0,SIMULATED
2026-09-11 10:30:20,90.33333333333333,2,moderate_disturbance_lid_opened,6.75,27.3125,64.0,OPEN,0.0232,0.00284,6.985,6.982,50.35,MEDIUM,54.56,47.03,62.09,53.88,240.0,0.5833,0.232,0.0057,1.0,52195.2,OK,IDLE,6.7505,27.4617,54000.0,SIMULATED
2026-09-11 10:30:30,90.5,2,moderate_disturbance_lid_opened,6.75,27.4375,64.0,OPEN,0.02308,0.00094,6.9847,6.9808,50.28,MEDIUM,54.63,47.04,62.22,54.16,240.0,0.5833,0.2308,0.0019,1.0,52590.5,OK,IDLE,6.7543,27.4675,54000.0,SIMULATED
2026-09-11 10:30:40,90.66666666666667,2,moderate_disturbance_lid_opened,6.8125,27.4375,64.0,OPEN,0.02331,9e-05,7.0459,7.0456,51.16,MEDIUM,52.1,44.46,59.74,50.95,240.0,0.6042,0.2331,0.0002,1.0,52716.2,OK,IDLE,6.7581,27.4733,54000.0,SIMULATED
2026-09-11 10:30:50,90.83333333333333,2,moderate_disturbance_lid_opened,6.75,27.5,64.0,OPEN,0.02339,-3e-05,6.9843,6.9839,50.35,MEDIUM,54.72,47.04,62.4,53.44,240.0,0.5833,0.2339,0.0,1.0,52844.5,OK,IDLE,6.762,27.4792,54000.0,SIMULATED
2026-09-11 10:31:00,91.0,2,moderate_disturbance_lid_opened,6.75,27.5,64.0,OPEN,0.02353,0.00036,6.9842,6.9853,50.4,MEDIUM,54.74,47.02,62.46,53.12,240.0,0.5833,0.2353,0.0007,1.0,52861.4,OK,IDLE,6.7658,27.485,54000.0,SIMULATED
2026-09-11 10:31:10,91.16666666666667,2,moderate_disturbance_lid_opened,6.8125,27.5,64.0,OPEN,0.02387,0.00111,7.0469,7.0512,51.35,MEDIUM,51.87,44.0,59.74,49.75,240.0,0.6042,0.2387,0.0022,1.0,52645.4,OK,IDLE,6.7696,27.4908,54000.0,SIMULATED
2026-09-11 10:31:20,91.33333333333333,2,moderate_disturbance_lid_opened,6.8125,27.5,64.0,OPEN,0.02452,0.00211,7.0492,7.0577,51.56,MEDIUM,51.37,43.43,59.32,48.44,240.0,0.6042,0.2452,0.0042,1.0,52141.9,OK,IDLE,6.7735,27.4967,54000.0,SIMULATED
2026-09-11 10:31:30,91.5,2,moderate_disturbance_lid_opened,6.6875,27.4375,64.0,OPEN,0.02463,0.00328,6.9267,6.9338,49.95,MEDIUM,56.35,48.44,64.26,53.29,240.0,0.5625,0.2463,0.0066,1.0,51744.9,OK,IDLE,6.7773,27.5025,54000.0,SIMULATED
2026-09-11 10:31:40,91.66666666666667,2,moderate_disturbance_lid_opened,6.75,27.5625,64.0,OPEN,0.02453,0.00458,6.9909,6.9953,50.78,MEDIUM,53.2,45.34,61.07,50.96,240.0,0.5833,0.2453,0.0092,1.0,51537.1,OK,IDLE,6.7812,27.5083,54000.0,SIMULATED
2026-09-11 10:31:50,91.83333333333333,2,moderate_disturbance_lid_opened,6.8125,27.5,64.0,OPEN,0.02425,0.00302,7.0524,7.055,51.5,MEDIUM,50.69,42.77,58.62,48.97,240.0,0.6042,0.2425,0.006,1.0,51450.1,OK,IDLE,6.785,27.5142,54000.0,SIMULATED
2026-09-11 10:32:00,92.0,2,moderate_disturbance_lid_opened,6.875,27.4375,64.0,OPEN,0.02417,0.0023,7.1139,7.1167,52.3,MEDIUM,48.15,40.02,56.28,46.54,240.0,0.625,0.2417,0.0046,1.0,51347.5,OK,IDLE,6.7888,27.52,54000.0,SIMULATED
2026-09-11 10:32:10,92.16666666666667,2,moderate_disturbance_lid_opened,6.75,27.625,63.0,OPEN,0.02421,-0.00362,6.9921,6.9921,50.6,MEDIUM,52.94,44.77,61.11,51.62,240.0,0.5833,0.2421,0.0,1.0,51442.0,OK,IDLE,6.7927,27.5258,54000.0,SIMULATED
2026-09-11 10:32:20,92.33333333333333,2,moderate_disturbance_lid_opened,6.8125,27.625,64.0,OPEN,0.02432,-0.00444,7.054,7.0557,51.46,MEDIUM,50.35,42.11,58.58,48.83,240.0,0.6042,0.2432,0.0,1.0,51417.5,OK,IDLE,6.7965,27.5317,54000.0,SIMULATED
2026-09-11 10:32:30,92.5,2,moderate_disturbance_lid_opened,6.75,27.625,64.0,OPEN,0.02427,-0.00454,6.992,6.9927,50.61,MEDIUM,52.96,44.73,61.2,51.5,240.0,0.5833,0.2427,0.0,1.0,51464.3,OK,IDLE,6.8003,27.5375,54000.0,SIMULATED
2026-09-11 10:32:40,92.66666666666667,2,moderate_disturbance_lid_opened,6.75,27.5625,64.0,OPEN,0.02409,-0.00413,6.9908,6.9909,50.56,MEDIUM,53.22,45.01,61.44,51.88,240.0,0.5833,0.2409,0.0,1.0,51555.8,OK,IDLE,6.8042,27.5433,54000.0,SIMULATED
2026-09-11 10:32:50,92.83333333333333,2,moderate_disturbance_lid_opened,6.8125,27.625,63.0,OPEN,0.02399,-0.00622,7.0527,7.0524,51.36,MEDIUM,50.6,42.28,58.93,49.51,240.0,0.6042,0.2399,0.0,1.0,51682.0,OK,IDLE,6.808,27.5492,54000.0,SIMULATED
2026-09-11 10:33:00,93.0,2,moderate_disturbance_lid_opened,6.6875,27.5625,64.0,OPEN,0.02392,-0.00711,6.9277,6.9267,49.68,MEDIUM,56.12,47.82,64.42,54.88,240.0,0.5625,0.2392,0.0,1.0,51853.3,OK,IDLE,6.8119,27.555,54000.0,SIMULATED
2026-09-11 10:33:10,93.16666666666667,2,moderate_disturbance_lid_opened,6.875,27.625,64.0,OPEN,0.02423,-0.00717,7.1142,7.1173,52.27,MEDIUM,48.07,39.7,56.43,46.44,240.0,0.625,0.2423,0.0,1.0,51737.5,OK,IDLE,6.8157,27.5608,54000.0,SIMULATED
2026-09-11 10:33:20,93.33333333333333,2,moderate_disturbance_lid_opened,6.9375,27.5,64.0,OPEN,0.02477,-0.00664,7.1768,7.1852,53.26,MEDIUM,45.32,36.92,53.73,42.89,240.0,0.6458,0.2477,0.0,1.0,51255.2,OK,IDLE,6.8195,27.5667,54000.0,SIMULATED
2026-09-11 10:33:30,93.5,2,moderate_disturbance_lid_opened,6.875,27.5,64.0,OPEN,0.02508,-0.00569,7.1173,7.1258,52.52,MEDIUM,47.47,39.04,55.9,44.86,240.0,0.625,0.2508,0.0,1.0,50777.5,OK,IDLE,6.8234,27.5725,54000.0,SIMULATED
2026-09-11 10:33:40,93.66666666666667,2,moderate_disturbance_lid_opened,6.8125,27.5625,64.0,OPEN,0.02519,-0.00446,7.0579,7.0644,51.72,MEDIUM,49.54,41.37,57.71,47.13,240.0,0.6042,0.2519,0.0,1.0,50437.2,OK,IDLE,6.8272,27.5783,54000.0,SIMULATED
2026-09-11 10:33:50,93.83333333333333,2,moderate_disturbance_lid_opened,6.875,27.5625,63.0,OPEN,0.02496,-0.00883,7.1205,7.1246,52.49,MEDIUM,46.84,38.73,54.95,45.07,240.0,0.625,0.2496,0.0,1.0,50260.7,OK,IDLE,6.8311,27.5842,54000.0,SIMULATED
2026-09-11 10:34:00,94.0,2,moderate_disturbance_lid_opened,6.8125,27.5625,65.0,OPEN,0.02463,-0.00847,7.0584,7.0588,51.56,MEDIUM,49.44,41.4,57.47,48.22,240.0,0.6042,0.2463,0.0,1.0,50333.3,OK,IDLE,6.8349,27.59,54000.0,SIMULATED
2026-09-11 10:34:10,94.16666666666667,2,moderate_disturbance_lid_opened,6.875,27.75,64.0,OPEN,0.02457,-0.01069,7.1216,7.1207,52.37,MEDIUM,46.62,38.64,54.61,45.79,240.0,0.625,0.2457,0.0,1.0,50494.5,OK,IDLE,6.8388,27.5958,54000.0,SIMULATED
2026-09-11 10:34:20,94.33333333333333,2,moderate_disturbance_lid_opened,6.875,27.625,64.0,OPEN,0.02468,-0.01186,7.1202,7.1218,52.4,MEDIUM,46.9,39.23,54.57,45.59,240.0,0.625,0.2468,0.0,1.0,50484.0,OK,IDLE,6.8426,27.6017,54000.0,SIMULATED
2026-09-11 10:34:30,94.5,2,moderate_disturbance_lid_opened,6.9375,27.625,64.0,OPEN,0.02469,-0.0123,7.1822,7.1844,53.24,MEDIUM,44.32,36.82,51.81,43.04,240.0,0.6458,0.2469,0.0,1.0,50433.1,OK,IDLE,6.8464,27.6075,54000.0,SIMULATED
2026-09-11 10:34:40,94.66666666666667,2,moderate_disturbance_lid_opened,6.875,27.75,64.0,OPEN,0.02459,-0.01223,7.1213,7.1209,52.38,MEDIUM,46.68,39.35,54.01,45.75,240.0,0.625,0.2459,0.0,1.0,50557.6,OK,IDLE,6.8503,27.6133,54000.0,SIMULATED
2026-09-11 10:34:50,94.83333333333333,2,moderate_disturbance_lid_opened,6.9375,27.75,64.0,OPEN,0.02476,-0.0118,7.1832,7.1851,53.26,MEDIUM,44.13,36.72,51.53,42.92,240.0,0.6458,0.2476,0.0,1.0,50527.7,OK,IDLE,6.8541,27.6192,54000.0,SIMULATED
2026-09-11 10:35:00,95.0,2,moderate_disturbance_lid_opened,6.875,27.625,64.0,OPEN,0.02527,-0.01111,7.1215,7.1277,52.58,MEDIUM,46.65,39.41,53.89,44.52,240.0,0.625,0.2527,0.0,1.0,50214.2,OK,IDLE,6.858,27.625,54000.0,SIMULATED
2026-09-11 10:35:10,95.16666666666667,2,moderate_disturbance_lid_opened,6.875,27.6875,64.0,OPEN,0.02564,-0.01025,7.1241,7.1314,52.69,MEDIUM,46.16,39.09,53.22,43.89,240.0,0.625,0.2564,0.0,1.0,49838.8,OK,IDLE,6.8618,27.6308,54000.0,SIMULATED
2026-09-11 10:35:20,95.33333333333333,2,moderate_disturbance_lid_opened,6.9375,27.625,64.0,OPEN,0.02606,-0.00927,7.1878,7.1981,53.65,MEDIUM,43.31,36.35,50.27,40.77,240.0,0.6458,0.2606,0.0,1.0,49287.1,OK,IDLE,6.8657,27.6367,54000.0,SIMULATED
2026-09-11 10:35:30,95.5,2,moderate_disturbance_lid_opened,6.9375,27.625,63.0,OPEN,0.02649,-0.01106,7.1909,7.2024,53.78,MEDIUM,42.78,36.06,49.5,40.1,240.0,0.6458,0.2649,0.0,1.0,48678.2,OK,IDLE,6.8695,27.6425,54000.0,SIMULATED
2026-09-11 10:35:40,95.66666666666667,2,moderate_disturbance_lid_opened,6.9375,27.625,64.0,OPEN,0.02672,-0.01183,7.1938,7.2047,53.85,MEDIUM,42.29,35.48,49.09,39.77,240.0,0.6458,0.2672,0.0,1.0,48122.4,OK,IDLE,6.8734,27.6483,54000.0,SIMULATED
2026-09-11 10:35:50,95.83333333333333,2,moderate_disturbance_lid_opened,6.875,27.6875,64.0,OPEN,0.02714,-0.01485,7.1357,7.1464,53.14,MEDIUM,44.08,37.42,50.74,41.45,240.0,0.625,0.2714,0.0,1.0,47594.9,OK,IDLE,6.8772,27.6542,54000.0,SIMULATED
2026-09-11 10:36:00,96.0,2,moderate_disturbance_lid_opened,6.9375,27.6875,64.0,OPEN,0.02749,-0.01658,7.2006,7.2124,54.08,MEDIUM,41.19,34.59,47.79,38.65,240.0,0.6458,0.2749,0.0,1.0,47017.1,OK,IDLE,6.8811,27.66,54000.0,SIMULATED
2026-09-11 10:36:10,96.16666666666667,2,moderate_disturbance_lid_opened,6.875,27.8125,64.0,OPEN,0.02759,-0.01742,7.1426,7.1509,53.28,MEDIUM,42.94,36.29,49.58,40.77,240.0,0.625,0.2759,0.0,1.0,46645.2,OK,IDLE,6.8849,27.6658,54000.0,SIMULATED
2026-09-11 10:36:20,96.33333333333333,2,moderate_disturbance_lid_opened,6.875,27.6875,64.0,OPEN,0.02786,-0.01762,7.1436,7.1536,53.36,MEDIUM,42.78,36.25,49.31,40.38,240.0,0.625,0.2786,0.0,1.0,46190.5,OK,IDLE,6.8888,27.6717,54000.0,SIMULATED
2026-09-11 10:36:30,96.5,2,moderate_disturbance_lid_opened,6.9375,27.6875,64.0,OPEN,0.02804,-0.01738,7.2079,7.2179,54.24,MEDIUM,40.07,33.6,46.55,37.9,240.0,0.6458,0.2804,0.0,1.0,45744.1,OK,IDLE,6.8926,27.6775,54000.0,SIMULATED
2026-09-11 10:36:40,96.66666666666667,2,moderate_disturbance_lid_opened,7.0,27.75,64.0,OPEN,0.02831,-0.01388,7.273,7.2831,55.16,MEDIUM,37.29,30.79,43.8,35.33,240.0,0.6667,0.2831,0.0,1.0,45303.9,OK,IDLE,6.8965,27.6833,54000.0,SIMULATED
2026-09-11 10:36:50,96.83333333333333,2,moderate_disturbance_lid_opened,6.8125,27.6875,65.0,OPEN,0.02807,-0.0081,7.0882,7.0932,52.59,MEDIUM,44.06,37.55,50.56,42.31,240.0,0.6042,0.2807,0.0,1.0,45134.7,OK,IDLE,6.9003,27.6892,54000.0,SIMULATED
2026-09-11 10:37:00,97.0,2,moderate_disturbance_lid_opened,6.9375,27.625,64.0,OPEN,0.02818,-0.00367,7.2123,7.2193,54.29,MEDIUM,39.42,32.96,45.89,37.71,240.0,0.6458,0.2818,0.0,1.0,44863.9,OK,IDLE,6.9042,27.695,54000.0,SIMULATED
2026-09-11 10:37:10,97.16666666666667,2,moderate_disturbance_lid_opened,6.9375,27.75,64.0,OPEN,0.02815,-0.00019,7.2148,7.219,54.28,MEDIUM,39.07,32.77,45.38,37.75,240.0,0.6458,0.2815,0.0,1.0,44738.8,OK,IDLE,6.908,27.7008,54000.0,SIMULATED
2026-09-11 10:37:20,97.33333333333333,2,moderate_disturbance_lid_opened,6.875,27.75,64.0,OPEN,0.02763,0.00263,7.1522,7.1513,53.34,MEDIUM,41.45,35.2,47.7,40.72,240.0,0.625,0.2763,0.0053,1.0,44887.6,OK,IDLE,6.9119,27.7067,54000.0,SIMULATED
2026-09-11 10:37:30,97.5,2,moderate_disturbance_lid_opened,7.0,27.75,64.0,OPEN,0.02746,0.00793,7.2748,7.2746,55.06,MEDIUM,37.04,30.74,43.35,36.42,240.0,0.6667,0.2746,0.0159,1.0,45000.2,OK,IDLE,6.9157,27.7125,54000.0,SIMULATED
2026-09-11 10:37:40,97.66666666666667,2,moderate_disturbance_lid_opened,7.0,27.75,65.0,OPEN,0.02751,0.01498,7.2744,7.2751,55.22,MEDIUM,37.1,30.76,43.43,36.35,240.0,0.6667,0.2751,0.03,1.0,45064.4,OK,IDLE,6.9196,27.7183,54000.0,SIMULATED
2026-09-11 10:37:50,97.83333333333333,2,moderate_disturbance_lid_opened,6.9375,27.6875,64.0,OPEN,0.0275,0.02029,7.2116,7.2125,54.49,MEDIUM,39.52,33.25,45.8,38.63,240.0,0.6458,0.275,0.0406,1.0,45115.5,OK,IDLE,6.9234,27.7242,54000.0,SIMULATED
2026-09-11 10:38:00,98.0,2,moderate_disturbance_lid_opened,6.9375,27.75,64.0,OPEN,0.02743,0.02144,7.2118,7.2118,54.49,MEDIUM,39.49,33.19,45.79,38.73,240.0,0.6458,0.2743,0.0429,1.0,45217.1,OK,IDLE,6.9273,27.73,54000.0,SIMULATED
2026-09-11 10:38:10,98.16666666666667,2,moderate_disturbance_lid_opened,6.875,27.75,64.0,OPEN,0.0273,0.02252,7.1492,7.148,53.64,MEDIUM,41.9,35.71,48.1,41.21,240.0,0.625,0.273,0.045,1.0,45383.0,OK,IDLE,6.9311,27.7358,54000.0,SIMULATED
2026-09-11 10:38:20,98.33333333333333,2,moderate_disturbance_lid_opened,6.9375,27.6875,64.0,OPEN,0.02711,0.02357,7.2092,7.2086,54.44,MEDIUM,39.88,33.74,46.01,39.2,240.0,0.6458,0.2711,0.0471,1.0,45520.3,OK,IDLE,6.935,27.7417,54000.0,SIMULATED
2026-09-11 10:38:30,98.5,2,moderate_disturbance_lid_opened,7.0,27.6875,65.0,OPEN,0.02702,0.02745,7.2703,7.2702,55.32,MEDIUM,37.67,31.55,43.8,37.01,240.0,0.6667,0.2702,0.0549,1.0,45623.5,OK,IDLE,6.9388,27.7475,54000.0,SIMULATED
2026-09-11 10:38:40,98.66666666666667,2,moderate_disturbance_lid_opened,6.9375,27.8125,64.0,OPEN,0.02681,0.03035,7.2086,7.2056,54.48,MEDIUM,39.96,33.91,46.02,39.63,240.0,0.6458,0.2681,0.0607,1.0,45896.7,OK,IDLE,6.9427,27.7533,54000.0,SIMULATED
2026-09-11 10:38:50,98.83333333333333,2,moderate_disturbance_lid_opened,6.875,27.6875,64.0,OPEN,0.02631,0.03257,7.143,7.1381,53.54,MEDIUM,42.87,36.8,48.95,42.77,240.0,0.625,0.2631,0.0651,1.0,46290.5,OK,IDLE,6.9465,27.7592,54000.0,SIMULATED
2026-09-11 10:39:00,99.0,2,moderate_disturbance_lid_opened,6.9375,27.8125,64.0,OPEN,0.02631,0.03432,7.2044,7.2006,54.41,MEDIUM,40.59,34.52,46.66,40.39,240.0,0.6458,0.2631,0.0686,1.0,46620.0,OK,IDLE,6.9504,27.765,54000.0,SIMULATED
2026-09-11 10:39:10,99.16666666666667,2,moderate_disturbance_lid_opened,6.875,27.6875,65.0,OPEN,0.02611,0.03859,7.1395,7.1361,53.61,MEDIUM,43.46,37.43,49.49,43.08,240.0,0.625,0.2611,0.0772,1.0,46919.8,OK,IDLE,6.9542,27.7708,54000.0,SIMULATED
2026-09-11 10:39:20,99.33333333333333,2,moderate_disturbance_lid_opened,7.0,27.8125,64.0,OPEN,0.02613,0.04167,7.2632,7.2613,55.34,MEDIUM,38.69,32.67,44.7,38.27,240.0,0.6667,0.2613,0.0833,1.0,47138.7,OK,IDLE,6.9581,27.7767,54000.0,SIMULATED
2026-09-11 10:39:30,99.5,2,moderate_disturbance_lid_opened,7.0,27.8125,64.0,OPEN,0.02608,0.04392,7.2622,7.2608,55.37,MEDIUM,38.84,32.86,44.82,38.35,240.0,0.6667,0.2608,0.0878,1.0,47326.1,OK,IDLE,6.9619,27.7825,54000.0,SIMULATED
2026-09-11 10:39:40,99.66666666666667,2,moderate_disturbance_lid_opened,7.0,27.8125,63.0,OPEN,0.02595,0.04569,7.2611,7.2595,55.37,MEDIUM,39.0,33.07,44.94,38.53,240.0,0.6667,0.2595,0.0914,1.0,47524.1,OK,IDLE,6.9658,27.7883,54000.0,SIMULATED
2026-09-11 10:39:50,99.83333333333333,2,moderate_disturbance_lid_opened,7.0625,27.8125,64.0,OPEN,0.02592,0.04721,7.3221,7.3217,56.22,MEDIUM,36.72,30.78,42.65,36.16,240.0,0.6875,0.2592,0.0944,1.0,47649.3,OK,IDLE,6.9696,27.7942,54000.0,SIMULATED
2026-09-11 10:40:00,100.0,2,moderate_disturbance_lid_opened,6.9375,27.8125,64.0,OPEN,0.02557,0.04561,7.1969,7.1932,54.42,MEDIUM,41.78,35.98,47.58,41.55,240.0,0.6458,0.2557,0.0912,1.0,47982.1,OK,IDLE,6.9735,27.8,54000.0,SIMULATED
2026-09-11 10:40:10,100.16666666666667,2,moderate_disturbance_lid_opened,7.0,27.875,64.0,OPEN,0.02515,0.04173,7.257,7.2515,55.05,MEDIUM,39.63,33.89,45.37,39.77,240.0,0.6667,0.2515,0.0835,1.0,48438.7,OK,IDLE,6.9774,27.8058,54000.0,SIMULATED
2026-09-11 10:40:20,100.33333333333333,2,moderate_disturbance_lid_opened,7.0625,27.8125,63.0,OPEN,0.025,0.03331,7.3162,7.3125,55.67,MEDIUM,37.59,31.89,43.29,37.5,240.0,0.6875,0.25,0.0666,1.0,48777.5,OK,IDLE,6.9812,27.8117,54000.0,SIMULATED
2026-09-11 10:40:30,100.5,2,moderate_disturbance_lid_opened,6.9375,27.6875,64.0,OPEN,0.02467,0.0275,7.189,7.1842,53.78,MEDIUM,43.1,37.54,48.67,43.07,240.0,0.6458,0.2467,0.055,1.0,49199.1,OK,IDLE,6.9851,27.8175,54000.0,SIMULATED
2026-09-11 10:40:40,100.66666666666667,2,moderate_disturbance_lid_opened,7.125,27.8125,64.0,OPEN,0.02472,0.02354,7.3745,7.3722,56.22,MEDIUM,35.62,30.01,41.23,35.39,240.0,0.7083,0.2472,0.0471,1.0,49450.3,OK,IDLE,6.9889,27.8233,54000.0,SIMULATED
2026-09-11 10:40:50,100.83333333333333,2,moderate_disturbance_lid_opened,7.0625,27.8125,64.0,OPEN,0.02502,0.02085,7.3124,7.3127,55.42,MEDIUM,38.16,32.65,43.68,37.47,240.0,0.6875,0.2502,0.0417,1.0,49529.2,OK,IDLE,6.9928,27.8292,54000.0,SIMULATED
2026-09-11 10:41:00,101.0,2,moderate_disturbance_lid_opened,7.0,27.8125,64.0,OPEN,0.02509,0.01907,7.2503,7.2509,54.58,MEDIUM,40.7,35.34,46.05,39.85,240.0,0.6667,0.2509,0.0381,1.0,49589.0,OK,IDLE,6.9966,27.835,54000.0,SIMULATED
2026-09-11 10:41:10,101.16666666666667,2,moderate_disturbance_lid_opened,7.0,27.875,64.0,OPEN,0.02499,0.01792,7.2504,7.2499,54.52,MEDIUM,40.68,35.41,45.96,40.02,240.0,0.6667,0.2499,0.0358,1.0,49722.5,OK,IDLE,7.0005,27.8408,54000.0,SIMULATED
2026-09-11 10:41:20,101.33333333333333,2,moderate_disturbance_lid_opened,6.9375,27.75,64.0,OPEN,0.02474,0.01721,7.1862,7.1849,53.6,MEDIUM,43.59,38.4,48.77,42.94,240.0,0.6458,0.2474,0.0344,1.0,49908.5,OK,IDLE,7.0044,27.8467,54000.0,SIMULATED
2026-09-11 10:41:30,101.5,2,moderate_disturbance_lid_opened,7.0625,27.875,64.0,OPEN,0.02475,0.0168,7.3105,7.31,55.26,MEDIUM,38.45,33.49,43.4,37.89,240.0,0.6875,0.2475,0.0336,1.0,50047.3,OK,IDLE,7.0082,27.8525,54000.0,SIMULATED
2026-09-11 10:41:40,101.66666666666667,2,moderate_disturbance_lid_opened,7.0625,27.8125,64.0,OPEN,0.02453,0.01662,7.3089,7.3078,55.19,MEDIUM,38.7,33.87,43.53,38.22,240.0,0.6875,0.2453,0.0332,1.0,50225.9,OK,IDLE,7.0121,27.8583,54000.0,SIMULATED
2026-09-11 10:41:50,101.83333333333333,2,moderate_disturbance_lid_opened,7.0625,27.875,63.0,OPEN,0.0243,0.01373,7.3082,7.3055,55.07,MEDIUM,38.81,34.04,43.57,38.58,240.0,0.6875,0.243,0.0275,1.0,50515.8,OK,IDLE,7.0159,27.8642,54000.0,SIMULATED
2026-09-11 10:42:00,102.0,2,moderate_disturbance_lid_opened,7.0625,27.9375,64.0,OPEN,0.02423,0.01189,7.3076,7.3048,55.01,MEDIUM,38.91,34.17,43.66,38.7,240.0,0.6875,0.2423,0.0238,1.0,50811.2,OK,IDLE,7.0198,27.87,54000.0,SIMULATED
2026-09-11 10:42:10,102.16666666666667,2,moderate_disturbance_lid_opened,7.125,27.875,64.0,OPEN,0.0246,0.0108,7.3688,7.371,55.93,MEDIUM,36.45,31.82,41.08,35.57,240.0,0.7083,0.246,0.0216,1.0,50761.8,OK,IDLE,7.0237,27.8758,54000.0,SIMULATED
2026-09-11 10:42:20,102.33333333333333,2,moderate_disturbance_lid_opened,7.0,27.8125,64.0,OPEN,0.02453,0.00727,7.2444,7.2453,54.17,MEDIUM,41.69,37.17,46.2,40.77,240.0,0.6667,0.2453,0.0145,1.0,50798.0,OK,IDLE,7.0275,27.8817,54000.0,SIMULATED
2026-09-11 10:42:30,102.5,2,moderate_disturbance_lid_opened,7.0,28.0,64.0,OPEN,0.02432,0.0049,7.2454,7.2432,54.06,MEDIUM,41.51,37.21,45.82,41.12,240.0,0.6667,0.2432,0.0098,1.0,51052.8,OK,IDLE,7.0314,27.8875,54000.0,SIMULATED
2026-09-11 10:42:40,102.66666666666667,2,moderate_disturbance_lid_opened,7.0625,28.0,64.0,OPEN,0.02398,0.00334,7.3055,7.3023,54.76,MEDIUM,39.23,35.16,43.31,39.1,240.0,0.6875,0.2398,0.0067,1.0,51388.6,OK,IDLE,7.0352,27.8933,54000.0,SIMULATED
2026-09-11 10:42:50,102.83333333333333,2,moderate_disturbance_lid_opened,7.0,27.9375,65.0,OPEN,0.02334,0.00519,7.2402,7.2334,53.77,MEDIUM,42.41,38.5,46.33,42.85,240.0,0.6667,0.2334,0.0104,1.0,51997.9,OK,IDLE,7.0391,27.8992,54000.0,SIMULATED
2026-09-11 10:43:00,103.0,2,moderate_disturbance_lid_opened,7.0625,27.875,64.0,OPEN,0.02283,0.00354,7.2982,7.2908,54.42,MEDIUM,40.46,37.02,43.91,41.06,240.0,0.6875,0.2283,0.0071,1.0,52670.4,OK,IDLE,7.043,27.905,54000.0,SIMULATED
2026-09-11 10:43:10,103.16666666666667,2,moderate_disturbance_lid_opened,7.125,27.75,64.0,OPEN,0.02221,0.00229,7.3553,7.3471,55.04,MEDIUM,38.61,35.25,41.97,39.4,240.0,0.7083,0.2221,0.0046,1.0,53434.4,OK,IDLE,7.0468,27.9108,54000.0,SIMULATED
2026-09-11 10:43:20,103.33333333333333,2,moderate_disturbance_lid_opened,7.0625,27.9375,64.0,OPEN,0.02183,0.00131,7.2914,7.2808,54.07,MEDIUM,41.68,38.35,45.0,42.95,240.0,0.6875,0.2183,0.0026,1.0,54421.5,OK,IDLE,7.0507,27.9167,54000.0,SIMULATED
2026-09-11 10:43:30,103.5,2,moderate_disturbance_lid_opened,7.0625,27.875,64.0,OPEN,0.02179,0.00054,7.2877,7.2804,54.05,MEDIUM,42.36,39.13,45.59,43.03,240.0,0.6875,0.2179,0.0011,1.0,55144.9,OK,IDLE,7.0546,27.9225,54000.0,SIMULATED
2026-09-11 10:43:40,103.66666666666667,2,moderate_disturbance_lid_opened,7.0625,27.9375,64.0,OPEN,0.02179,-0.0001,7.286,7.2804,54.04,MEDIUM,42.68,39.63,45.73,43.03,240.0,0.6875,0.2179,0.0,1.0,55729.2,OK,IDLE,7.0584,27.9283,54000.0,SIMULATED
2026-09-11 10:43:50,103.83333333333333,2,moderate_disturbance_lid_opened,7.125,27.9375,64.0,OPEN,0.0218,-0.00064,7.3463,7.343,54.87,MEDIUM,40.17,37.21,43.14,40.14,240.0,0.7083,0.218,0.0,1.0,56119.6,OK,IDLE,7.0623,27.9342,54000.0,SIMULATED
2026-09-11 10:44:00,104.0,2,moderate_disturbance_lid_opened,7.1875,27.9375,64.0,OPEN,0.02214,-0.00406,7.4081,7.4089,55.81,MEDIUM,37.38,34.58,40.17,36.7,240.0,0.7292,0.2214,0.0,1.0,56147.3,OK,IDLE,7.0662,27.94,54000.0,SIMULATED
2026-09-11 10:44:10,104.16666666666667,2,moderate_disturbance_lid_opened,7.0625,27.9375,65.0,OPEN,0.02215,-0.00085,7.284,7.284,54.14,MEDIUM,43.08,40.37,45.79,42.33,240.0,0.6875,0.2215,0.0,1.0,56247.1,OK,IDLE,7.07,27.9458,54000.0,SIMULATED
2026-09-11 10:44:20,104.33333333333333,2,moderate_disturbance_lid_opened,6.9375,27.875,64.0,OPEN,0.02173,0.00122,7.1581,7.1548,52.38,MEDIUM,49.16,46.35,51.97,48.9,240.0,0.6458,0.2173,0.0024,1.0,56639.7,OK,IDLE,7.0739,27.9517,54000.0,SIMULATED
2026-09-11 10:44:30,104.5,2,moderate_disturbance_lid_opened,7.0,27.9375,64.0,OPEN,0.02118,0.00247,7.2181,7.2118,53.07,MEDIUM,46.75,43.87,49.62,47.22,240.0,0.6667,0.2118,0.0049,1.0,57310.4,OK,IDLE,7.0778,27.9575,54000.0,SIMULATED
2026-09-11 10:44:40,104.66666666666667,2,moderate_disturbance_lid_opened,7.0625,28.0,64.0,OPEN,0.02089,0.00316,7.2779,7.2714,53.83,MEDIUM,44.3,41.49,47.11,44.89,240.0,0.6875,0.2089,0.0063,1.0,58019.9,OK,IDLE,7.0816,27.9633,54000.0,SIMULATED
2026-09-11 10:44:50,104.83333333333333,2,moderate_disturbance_lid_opened,7.0625,27.9375,64.0,OPEN,0.02058,0.00345,7.2747,7.2683,53.74,MEDIUM,44.98,42.15,47.81,45.55,240.0,0.6875,0.2058,0.0069,1.0,58729.0,OK,IDLE,7.0855,27.9692,54000.0,SIMULATED
2026-09-11 10:45:00,105.0,2,moderate_disturbance_lid_opened,7.0625,28.0,64.0,OPEN,0.02043,0.00346,7.2729,7.2668,53.7,MEDIUM,45.36,42.57,48.15,45.88,240.0,0.6875,0.2043,0.0069,1.0,59416.8,OK,IDLE,7.0894,27.975,54000.0,SIMULATED
2026-09-11 10:45:10,105.16666666666667,2,moderate_disturbance_lid_opened,7.125,27.9375,64.0,OPEN,0.02038,0.00328,7.3325,7.3288,54.51,MEDIUM,42.87,40.15,45.58,42.94,240.0,0.7083,0.2038,0.0066,1.0,59882.7,OK,IDLE,7.0932,27.9808,54000.0,SIMULATED
2026-09-11 10:45:20,105.33333333333333,2,moderate_disturbance_lid_opened,7.125,28.0625,64.0,OPEN,0.02036,0.00296,7.3322,7.3286,54.5,MEDIUM,42.93,40.22,45.64,42.97,240.0,0.7083,0.2036,0.0059,1.0,60335.8,OK,IDLE,7.0971,27.9867,54000.0,SIMULATED
2026-09-11 10:45:30,105.5,2,moderate_disturbance_lid_opened,7.0625,28.0,64.0,OPEN,0.02036,0.00255,7.2685,7.2661,53.66,MEDIUM,46.33,43.54,49.12,46.05,240.0,0.6875,0.2036,0.0051,1.0,60679.2,OK,IDLE,7.101,27.9925,54000.0,SIMULATED
2026-09-11 10:45:40,105.66666666666667,2,moderate_disturbance_lid_opened,7.125,28.0625,64.0,OPEN,0.02053,-0.00088,7.3306,7.3303,54.49,MEDIUM,43.27,40.46,46.07,42.63,240.0,0.7083,0.2053,0.0,1.0,60809.6,OK,IDLE,7.1048,27.9983,54000.0,SIMULATED
2026-09-11 10:45:50,105.83333333333333,2,moderate_disturbance_lid_opened,7.0625,28.0625,64.0,OPEN,0.02062,-0.00357,7.2684,7.2687,53.69,MEDIUM,46.34,43.48,49.2,45.46,240.0,0.6875,0.2062,0.0,1.0,60882.7,OK,IDLE,7.1087,28.0042,54000.0,SIMULATED
2026-09-11 10:46:00,106.0,2,moderate_disturbance_lid_opened,7.125,28.0625,64.0,OPEN,0.02065,-0.00573,7.3304,7.3315,54.53,MEDIUM,43.31,40.44,46.19,42.38,240.0,0.7083,0.2065,0.0,1.0,60873.8,OK,IDLE,7.1126,28.01,54000.0,SIMULATED
2026-09-11 10:46:10,106.16666666666667,2,moderate_disturbance_lid_opened,7.0625,27.9375,64.0,OPEN,0.0206,-0.00754,7.2673,7.2685,53.68,MEDIUM,46.6,43.65,49.56,45.5,240.0,0.6875,0.206,0.0,1.0,60852.9,OK,IDLE,7.1164,28.0158,54000.0,SIMULATED
2026-09-11 10:46:20,106.33333333333333,2,moderate_disturbance_lid_opened,7.0625,28.0,65.0,OPEN,0.02032,-0.00623,7.2671,7.2657,53.6,MEDIUM,46.65,43.61,49.68,46.14,240.0,0.6875,0.2032,0.0,1.0,61096.8,OK,IDLE,7.1203,28.0217,54000.0,SIMULATED
2026-09-11 10:46:30,106.5,2,moderate_disturbance_lid_opened,7.125,28.0,64.0,OPEN,0.02002,-0.00569,7.3278,7.3252,54.34,MEDIUM,43.86,40.81,46.92,43.7,240.0,0.7083,0.2002,0.0,1.0,61460.7,OK,IDLE,7.1242,28.0275,54000.0,SIMULATED
2026-09-11 10:46:40,106.66666666666667,2,moderate_disturbance_lid_opened,7.0625,28.0,64.0,OPEN,0.0197,-0.0057,7.264,7.2595,53.41,MEDIUM,47.36,44.25,50.48,47.58,240.0,0.6875,0.197,0.0,1.0,62034.7,OK,IDLE,7.128,28.0333,54000.0,SIMULATED
2026-09-11 10:46:50,106.83333333333333,2,moderate_disturbance_lid_opened,7.1875,28.0,64.0,OPEN,0.0199,-0.00608,7.3872,7.3865,55.14,MEDIUM,41.29,38.2,44.38,40.84,240.0,0.7292,0.199,0.0,1.0,62216.6,OK,IDLE,7.1319,28.0392,54000.0,SIMULATED
2026-09-11 10:47:00,107.0,2,moderate_disturbance_lid_opened,7.1875,28.0625,64.0,OPEN,0.01988,-0.00378,7.3872,7.3863,55.13,MEDIUM,41.3,38.22,44.38,40.88,240.0,0.7292,0.1988,0.0,1.0,62415.7,OK,IDLE,7.1358,28.045,54000.0,SIMULATED
2026-09-11 10:47:10,107.16666666666667,2,moderate_disturbance_lid_opened,7.25,28.125,64.0,OPEN,0.02022,-0.00246,7.4501,7.4522,56.07,MEDIUM,37.99,34.89,41.09,37.09,240.0,0.75,0.2022,0.0,1.0,62297.7,OK,IDLE,7.1397,28.0508,54000.0,SIMULATED
2026-09-11 10:47:20,107.33333333333333,2,moderate_disturbance_lid_opened,7.0625,28.125,65.0,OPEN,0.02025,0.00104,7.2643,7.265,53.6,MEDIUM,47.29,44.1,50.49,46.29,240.0,0.6875,0.2025,0.0021,1.0,62323.7,OK,IDLE,7.1435,28.0567,54000.0,SIMULATED
2026-09-11 10:47:30,107.5,2,moderate_disturbance_lid_opened,7.0625,28.0625,64.0,OPEN,0.01987,0.00311,7.2628,7.2612,53.52,MEDIUM,47.65,44.4,50.89,47.18,240.0,0.6875,0.1987,0.0062,1.0,62596.0,OK,IDLE,7.1474,28.0625,54000.0,SIMULATED
2026-09-11 10:47:40,107.66666666666667,2,moderate_disturbance_lid_opened,7.1875,28.125,64.0,OPEN,0.01991,0.00417,7.3868,7.3866,55.22,MEDIUM,41.38,38.19,44.56,40.82,240.0,0.7292,0.1991,0.0083,1.0,62724.5,OK,IDLE,7.1513,28.0683,54000.0,SIMULATED
2026-09-11 10:47:50,107.83333333333333,2,moderate_disturbance_lid_opened,7.1875,28.1875,64.0,OPEN,0.02022,0.00749,7.3877,7.3897,55.38,MEDIUM,41.19,38.01,44.36,40.19,240.0,0.7292,0.2022,0.015,1.0,62624.8,OK,IDLE,7.1551,28.0742,54000.0,SIMULATED
2026-09-11 10:48:00,108.0,2,moderate_disturbance_lid_opened,7.1875,28.0,65.0,OPEN,0.02052,0.01238,7.3873,7.3927,55.57,MEDIUM,41.27,38.11,44.44,39.6,240.0,0.7292,0.2052,0.0248,1.0,62184.6,OK,IDLE,7.159,28.08,54000.0,SIMULATED
2026-09-11 10:48:10,108.16666666666667,2,moderate_disturbance_lid_opened,7.125,28.0625,64.0,OPEN,0.02061,0.01543,7.327,7.3311,54.82,MEDIUM,44.03,40.85,47.2,42.46,240.0,0.7083,0.2061,0.0309,1.0,61877.8,OK,IDLE,7.1629,28.0858,54000.0,SIMULATED
2026-09-11 10:48:20,108.33333333333333,2,moderate_disturbance_lid_opened,7.1875,28.0,64.0,OPEN,0.02053,0.01718,7.3892,7.3928,55.67,MEDIUM,40.89,37.72,44.06,39.58,240.0,0.7292,0.2053,0.0344,1.0,61614.7,OK,IDLE,7.1668,28.0917,54000.0,SIMULATED
2026-09-11 10:48:30,108.5,2,moderate_disturbance_lid_opened,7.125,28.1875,64.0,OPEN,0.02031,0.01802,7.3286,7.3281,54.79,MEDIUM,43.68,40.55,46.82,43.09,240.0,0.7083,0.2031,0.036,1.0,61768.1,OK,IDLE,7.1706,28.0975,54000.0,SIMULATED
2026-09-11 10:48:40,108.66666666666667,2,moderate_disturbance_lid_opened,7.1875,28.125,64.0,OPEN,0.02033,0.02118,7.3899,7.3908,55.69,MEDIUM,40.75,37.62,43.88,39.96,240.0,0.7292,0.2033,0.0424,1.0,61773.0,OK,IDLE,7.1745,28.1033,54000.0,SIMULATED
2026-09-11 10:48:50,108.83333333333333,2,moderate_disturbance_lid_opened,7.1875,28.0,64.0,OPEN,0.02032,0.02311,7.3889,7.3907,55.73,MEDIUM,40.94,37.82,44.07,39.98,240.0,0.7292,0.2032,0.0462,1.0,61690.2,OK,IDLE,7.1784,28.1092,54000.0,SIMULATED
2026-09-11 10:49:00,109.0,2,moderate_disturbance_lid_opened,7.25,28.0,64.0,OPEN,0.02027,0.02417,7.451,7.4527,56.56,MEDIUM,37.81,34.65,40.98,37.01,240.0,0.75,0.2027,0.0483,1.0,61626.3,OK,IDLE,7.1823,28.115,54000.0,SIMULATED
2026-09-11 10:49:10,109.16666666666667,2,moderate_disturbance_lid_opened,7.1875,28.25,64.0,OPEN,0.02014,0.02463,7.3907,7.3889,55.7,MEDIUM,40.59,37.43,43.75,40.34,240.0,0.7292,0.2014,0.0493,1.0,61906.1,OK,IDLE,7.1861,28.1208,54000.0,SIMULATED
2026-09-11 10:49:20,109.33333333333333,2,moderate_disturbance_lid_opened,7.125,28.0625,64.0,OPEN,0.01958,0.02762,7.3251,7.3208,54.76,MEDIUM,44.44,41.29,47.6,44.68,240.0,0.7083,0.1958,0.0552,1.0,62466.4,OK,IDLE,7.19,28.1267,54000.0,SIMULATED
2026-09-11 10:49:30,109.5,2,moderate_disturbance_lid_opened,7.3125,28.1875,63.0,OPEN,0.0196,0.02666,7.5109,7.5085,57.25,MEDIUM,35.06,31.81,38.32,35.07,240.0,0.7708,0.196,0.0533,1.0,62822.0,OK,IDLE,7.1939,28.1325,54000.0,SIMULATED
2026-09-11 10:49:40,109.66666666666667,2,moderate_disturbance_lid_opened,7.25,28.125,64.0,OPEN,0.01982,0.0259,7.4481,7.4482,56.46,MEDIUM,38.37,35.1,41.63,37.84,240.0,0.75,0.1982,0.0518,1.0,62914.1,OK,IDLE,7.1978,28.1383,54000.0,SIMULATED
2026-09-11 10:49:50,109.83333333333333,2,moderate_disturbance_lid_opened,7.125,28.0625,65.0,OPEN,0.01979,0.02517,7.3233,7.3229,54.78,MEDIUM,44.86,41.64,48.08,44.2,240.0,0.7083,0.1979,0.0503,1.0,63051.9,OK,IDLE,7.2017,28.1442,54000.0,SIMULATED
2026-09-11 10:50:00,110.0,2,moderate_disturbance_lid_opened,7.1875,28.125,64.0,OPEN,0.01995,0.02438,7.3859,7.387,55.64,MEDIUM,41.58,38.36,44.8,40.73,240.0,0.7292,0.1995,0.0488,1.0,63033.0,OK,IDLE,7.2055,28.15,54000.0,SIMULATED
2026-09-11 10:50:10,110.16666666666667,2,moderate_disturbance_lid_opened,7.25,28.1875,63.0,OPEN,0.02003,0.02068,7.4486,7.4503,56.42,MEDIUM,38.28,35.04,41.52,37.45,240.0,0.75,0.2003,0.0414,1.0,62957.6,OK,IDLE,7.2094,28.1558,54000.0,SIMULATED
2026-09-11 10:50:20,110.33333333333333,2,moderate_disturbance_lid_opened,7.25,28.1875,64.0,OPEN,0.02021,0.0179,7.4492,7.4521,56.42,MEDIUM,38.16,34.93,41.38,37.12,240.0,0.75,0.2021,0.0358,1.0,62761.8,OK,IDLE,7.2133,28.1617,54000.0,SIMULATED
2026-09-11 10:50:30,110.5,2,moderate_disturbance_lid_opened,7.1875,28.25,64.0,OPEN,0.02044,0.01282,7.3886,7.3919,55.55,MEDIUM,41.0,37.77,44.22,39.75,240.0,0.7292,0.2044,0.0256,1.0,62529.7,OK,IDLE,7.2172,28.1675,54000.0,SIMULATED
2026-09-11 10:50:40,110.66666666666667,2,moderate_disturbance_lid_opened,7.25,28.25,64.0,OPEN,0.02051,0.00897,7.4514,7.4551,56.33,MEDIUM,37.74,34.57,40.9,36.58,240.0,0.75,0.2051,0.0179,1.0,62258.9,OK,IDLE,7.221,28.1733,54000.0,SIMULATED
2026-09-11 10:50:50,110.83333333333333,2,moderate_disturbance_lid_opened,7.25,28.125,64.0,OPEN,0.02098,0.006,7.4523,7.4598,56.41,MEDIUM,37.58,34.4,40.76,35.75,240.0,0.75,0.2098,0.012,1.0,61618.1,OK,IDLE,7.2249,28.1792,54000.0,SIMULATED
2026-09-11 10:51:00,111.0,2,moderate_disturbance_lid_opened,7.3125,28.125,64.0,OPEN,0.02172,0.00363,7.5176,7.5297,57.42,MEDIUM,33.92,30.58,37.26,31.65,240.0,0.7708,0.2172,0.0073,1.0,60583.5,OK,IDLE,7.2288,28.185,54000.0,SIMULATED
2026-09-11 10:51:10,111.16666666666667,2,moderate_disturbance_lid_opened,7.1875,28.1875,64.0,OPEN,0.02209,0.00168,7.3975,7.4084,55.83,MEDIUM,39.26,35.91,42.61,36.78,240.0,0.7292,0.2209,0.0034,1.0,59697.0,OK,IDLE,7.2327,28.1908,54000.0,SIMULATED
2026-09-11 10:51:20,111.33333333333333,2,moderate_disturbance_lid_opened,7.3125,28.125,64.0,OPEN,0.02253,3e-05,7.5244,7.5378,57.59,MEDIUM,32.82,29.29,36.36,30.51,240.0,0.7708,0.2253,0.0001,1.0,58628.6,OK,IDLE,7.2366,28.1967,54000.0,SIMULATED
2026-09-11 10:51:30,111.5,2,moderate_disturbance_lid_opened,7.1875,28.25,64.0,OPEN,0.02245,-0.0014,7.4041,7.412,55.9,MEDIUM,38.06,34.52,41.6,36.19,240.0,0.7292,0.2245,0.0,1.0,58042.6,OK,IDLE,7.2404,28.2025,54000.0,SIMULATED
2026-09-11 10:51:40,111.66666666666667,2,moderate_disturbance_lid_opened,7.1875,28.1875,64.0,OPEN,0.02236,-0.0027,7.405,7.4111,55.87,MEDIUM,37.89,34.34,41.45,36.34,240.0,0.7292,0.2236,0.0,1.0,57621.9,OK,IDLE,7.2443,28.2083,54000.0,SIMULATED
2026-09-11 10:51:50,111.83333333333333,2,moderate_disturbance_lid_opened,7.25,28.1875,64.0,OPEN,0.02241,-0.00389,7.4684,7.4741,56.72,MEDIUM,34.79,31.15,38.44,33.46,240.0,0.75,0.2241,0.0,1.0,57228.5,OK,IDLE,7.2482,28.2142,54000.0,SIMULATED
2026-09-11 10:52:00,112.0,2,moderate_disturbance_lid_opened,7.3125,28.1875,64.0,OPEN,0.02274,-0.00796,7.5323,7.5399,57.66,MEDIUM,31.64,27.8,35.49,30.23,240.0,0.7708,0.2274,0.0,1.0,56691.5,OK,IDLE,7.2521,28.22,54000.0,SIMULATED
2026-09-11 10:52:10,112.16666666666667,2,moderate_disturbance_lid_opened,7.1875,28.25,65.0,OPEN,0.02287,-0.00833,7.4107,7.4162,56.03,MEDIUM,36.93,33.1,40.77,35.52,240.0,0.7292,0.2287,0.0,1.0,56331.8,OK,IDLE,7.256,28.2258,54000.0,SIMULATED
2026-09-11 10:52:20,112.33333333333333,2,moderate_disturbance_lid_opened,7.25,28.25,64.0,OPEN,0.02322,-0.00907,7.4745,7.4822,56.97,MEDIUM,33.83,29.88,37.79,32.3,240.0,0.75,0.2322,0.0,1.0,55814.1,OK,IDLE,7.2599,28.2317,54000.0,SIMULATED
2026-09-11 10:52:30,112.5,2,moderate_disturbance_lid_opened,7.1875,28.25,64.0,OPEN,0.02316,-0.01006,7.414,7.4191,56.12,MEDIUM,36.39,32.39,40.39,35.08,240.0,0.7292,0.2316,0.0,1.0,55501.0,OK,IDLE,7.2637,28.2375,54000.0,SIMULATED
2026-09-11 10:52:40,112.66666666666667,2,moderate_disturbance_lid_opened,7.3125,28.1875,63.0,OPEN,0.02316,-0.01409,7.5384,7.5441,57.78,MEDIUM,30.78,26.57,35.0,29.69,240.0,0.7708,0.2316,0.0,1.0,55148.2,OK,IDLE,7.2676,28.2433,54000.0,SIMULATED
2026-09-11 10:52:50,112.83333333333333,2,moderate_disturbance_lid_opened,7.3125,28.25,64.0,OPEN,0.02334,-0.01728,7.5404,7.5459,57.84,MEDIUM,30.5,26.08,34.93,29.45,240.0,0.7708,0.2334,0.0,1.0,54815.8,OK,IDLE,7.2715,28.2492,54000.0,SIMULATED
2026-09-11 10:53:00,113.0,2,moderate_disturbance_lid_opened,7.25,28.3125,63.0,OPEN,0.02328,-0.01981,7.4798,7.4828,56.98,MEDIUM,33.05,28.51,37.58,32.22,240.0,0.75,0.2328,0.0,1.0,54685.1,OK,IDLE,7.2754,28.255,54000.0,SIMULATED
2026-09-11 10:53:10,113.16666666666667,2,moderate_disturbance_lid_opened,7.1875,28.25,63.0,OPEN,0.02302,-0.02462,7.4171,7.4177,56.07,MEDIUM,35.89,31.32,40.46,35.3,240.0,0.7292,0.2302,0.0,1.0,54740.6,OK,IDLE,7.2793,28.2608,54000.0,SIMULATED
2026-09-11 10:53:20,113.33333333333333,2,moderate_disturbance_lid_opened,7.3125,28.25,64.0,OPEN,0.02315,-0.02809,7.5412,7.544,57.78,MEDIUM,30.39,25.64,35.15,29.7,240.0,0.7708,0.2315,0.0,1.0,54622.3,OK,IDLE,7.2832,28.2667,54000.0,SIMULATED
2026-09-11 10:53:30,113.5,2,moderate_disturbance_lid_opened,7.25,28.3125,64.0,OPEN,0.02318,-0.03061,7.4802,7.4818,56.95,MEDIUM,32.99,28.15,37.84,32.36,240.0,0.75,0.2318,0.0,1.0,54598.3,OK,IDLE,7.2871,28.2725,54000.0,SIMULATED
2026-09-11 10:53:40,113.66666666666667,2,moderate_disturbance_lid_opened,7.25,28.375,64.0,OPEN,0.02311,-0.03247,7.4806,7.4811,56.93,MEDIUM,32.93,28.01,37.86,32.45,240.0,0.75,0.2311,0.0,1.0,54658.5,OK,IDLE,7.2909,28.2783,54000.0,SIMULATED
2026-09-11 10:53:50,113.83333333333333,2,moderate_disturbance_lid_opened,7.25,28.25,64.0,OPEN,0.02297,-0.03386,7.4791,7.4797,56.89,MEDIUM,33.16,28.15,38.17,32.66,240.0,0.75,0.2297,0.0,1.0,54709.0,OK,IDLE,7.2948,28.2842,54000.0,SIMULATED
2026-09-11 10:54:00,114.0,2,moderate_disturbance_lid_opened,7.3125,28.3125,64.0,OPEN,0.02311,-0.03494,7.5417,7.5436,57.77,MEDIUM,30.33,25.17,35.48,29.75,240.0,0.7708,0.2311,0.0,1.0,54662.8,OK,IDLE,7.2987,28.29,54000.0,SIMULATED
2026-09-11 10:54:10,114.16666666666667,2,moderate_disturbance_lid_opened,7.3125,28.25,63.0,OPEN,0.02362,-0.03864,7.5426,7.5487,57.92,MEDIUM,30.21,24.93,35.49,29.11,240.0,0.7708,0.2362,0.0,1.0,54294.2,OK,IDLE,7.3026,28.2958,54000.0,SIMULATED
2026-09-11 10:54:20,114.33333333333333,2,moderate_disturbance_lid_opened,7.375,28.3125,64.0,OPEN,0.02418,-0.03828,7.6076,7.6168,58.92,HIGH,27.13,21.75,32.5,25.84,240.0,0.7917,0.2418,0.0,1.0,53707.1,OK,IDLE,7.3065,28.3017,54000.0,SIMULATED
2026-09-11 10:54:30,114.5,2,moderate_disturbance_lid_opened,7.25,28.375,64.0,OPEN,0.02403,-0.03793,7.4857,7.4903,57.21,MEDIUM,32.21,26.85,37.58,31.21,240.0,0.75,0.2403,0.0,1.0,53465.8,OK,IDLE,7.3104,28.3075,54000.0,SIMULATED
2026-09-11 10:54:40,114.66666666666667,2,moderate_disturbance_lid_opened,7.375,28.3125,64.0,OPEN,0.02389,-0.03759,7.6096,7.6139,58.83,HIGH,26.89,21.35,32.44,26.16,240.0,0.7917,0.2389,0.0,1.0,53245.4,OK,IDLE,7.3143,28.3133,54000.0,SIMULATED
2026-09-11 10:54:50,114.83333333333333,2,moderate_disturbance_lid_opened,7.3125,28.375,64.0,OPEN,0.02373,-0.03726,7.5485,7.5498,57.95,HIGH,29.45,23.84,35.06,28.98,240.0,0.7708,0.2373,0.0,1.0,53250.5,OK,IDLE,7.3181,28.3192,54000.0,SIMULATED
2026-09-11 10:55:00,115.0,2,moderate_disturbance_lid_opened,7.375,28.3125,65.0,OPEN,0.0237,-0.03408,7.6099,7.612,58.78,HIGH,26.87,21.13,32.6,26.37,240.0,0.7917,0.237,0.0,1.0,53189.9,OK,IDLE,7.322,28.325,54000.0,SIMULATED
2026-09-11 10:55:10,115.16666666666667,2,moderate_disturbance_lid_opened,7.375,28.3125,65.0,OPEN,0.02374,-0.029,7.6102,7.6124,58.79,HIGH,26.83,20.94,32.72,26.33,240.0,0.7917,0.2374,0.0,1.0,53121.4,OK,IDLE,7.3259,28.3308,54000.0,SIMULATED
2026-09-11 10:55:20,115.33333333333333,2,moderate_disturbance_lid_opened,7.3125,28.3125,64.0,OPEN,0.0238,-0.02553,7.5486,7.5505,57.97,HIGH,29.44,23.49,35.39,28.88,240.0,0.7708,0.238,0.0,1.0,53073.6,OK,IDLE,7.3298,28.3367,54000.0,SIMULATED
2026-09-11 10:55:30,115.5,2,moderate_disturbance_lid_opened,7.4375,28.375,64.0,OPEN,0.02422,-0.0232,7.6742,7.6797,59.77,HIGH,23.95,17.85,30.05,23.22,240.0,0.8125,0.2422,0.0,1.0,52769.6,OK,IDLE,7.3337,28.3425,54000.0,SIMULATED
2026-09-11 10:55:40,115.66666666666667,2,moderate_disturbance_lid_opened,7.375,28.3125,64.0,OPEN,0.0245,-0.02167,7.6134,7.62,59.02,HIGH,26.46,20.25,32.68,25.51,240.0,0.7917,0.245,0.0,1.0,52395.5,OK,IDLE,7.3376,28.3483,54000.0,SIMULATED
2026-09-11 10:55:50,115.83333333333333,2,moderate_disturbance_lid_opened,7.3125,28.375,64.0,OPEN,0.02465,-0.02069,7.5536,7.559,58.23,HIGH,28.82,22.64,35.0,27.89,240.0,0.7708,0.2465,0.0,1.0,52112.1,OK,IDLE,7.3415,28.3542,54000.0,SIMULATED
2026-09-11 10:56:00,116.0,2,moderate_disturbance_lid_opened,7.25,28.4375,64.0,OPEN,0.02434,-0.0201,7.4924,7.4934,57.3,MEDIUM,31.32,25.16,37.48,30.82,240.0,0.75,0.2434,0.0,1.0,52143.2,OK,IDLE,7.3454,28.36,54000.0,SIMULATED
2026-09-11 10:56:10,116.16666666666667,2,moderate_disturbance_lid_opened,7.3125,28.3125,63.0,OPEN,0.02404,-0.02264,7.5524,7.5529,58.04,HIGH,28.97,22.87,35.06,28.6,240.0,0.7708,0.2404,0.0,1.0,52211.7,OK,IDLE,7.3493,28.3658,54000.0,SIMULATED
2026-09-11 10:56:20,116.33333333333333,2,moderate_disturbance_lid_opened,7.5,28.3125,64.0,OPEN,0.02408,-0.02441,7.7382,7.7408,60.56,HIGH,21.12,14.88,27.37,20.76,240.0,0.8333,0.2408,0.0,1.0,52121.0,OK,IDLE,7.3532,28.3717,54000.0,SIMULATED
2026-09-11 10:56:30,116.5,2,moderate_disturbance_lid_opened,7.375,28.4375,64.0,OPEN,0.02397,-0.0227,7.6154,7.6147,58.86,HIGH,26.24,19.96,32.52,26.07,240.0,0.7917,0.2397,0.0,1.0,52268.8,OK,IDLE,7.3571,28.3775,54000.0,SIMULATED
2026-09-11 10:56:40,116.66666666666667,2,moderate_disturbance_lid_opened,7.4375,28.4375,63.0,OPEN,0.02409,-0.02427,7.6771,7.6784,59.73,HIGH,23.66,17.39,29.93,23.35,240.0,0.8125,0.2409,0.0,1.0,52278.8,OK,IDLE,7.3609,28.3833,54000.0,SIMULATED
2026-09-11 10:56:50,116.83333333333333,2,moderate_disturbance_lid_opened,7.375,28.4375,64.0,OPEN,0.02396,-0.02517,7.6148,7.6146,58.86,HIGH,26.3,19.98,32.62,26.08,240.0,0.7917,0.2396,0.0,1.0,52392.5,OK,IDLE,7.3648,28.3892,54000.0,SIMULATED
2026-09-11 10:57:00,117.0,2,moderate_disturbance_lid_opened,7.375,28.3125,64.0,OPEN,0.02402,-0.02562,7.6135,7.6152,58.87,HIGH,26.45,20.1,32.81,26.02,240.0,0.7917,0.2402,0.0,1.0,52371.8,OK,IDLE,7.3687,28.395,54000.0,SIMULATED
2026-09-11 10:57:10,117.16666666666667,2,moderate_disturbance_lid_opened,7.4375,28.3125,64.0,OPEN,0.02435,-0.02574,7.6763,7.681,59.8,HIGH,23.74,17.24,30.23,23.1,240.0,0.8125,0.2435,0.0,1.0,52138.9,OK,IDLE,7.3726,28.4008,54000.0,SIMULATED
2026-09-11 10:57:20,117.33333333333333,2,moderate_disturbance_lid_opened,7.375,28.4375,64.0,OPEN,0.02486,-0.02563,7.6175,7.6236,59.13,HIGH,26.01,19.65,32.37,25.14,240.0,0.7917,0.2486,0.0,1.0,51812.2,OK,IDLE,7.3765,28.4067,54000.0,SIMULATED
2026-09-11 10:57:30,117.5,2,moderate_disturbance_lid_opened,7.4375,28.4375,64.0,OPEN,0.02511,-0.02242,7.6812,7.6886,60.03,HIGH,23.26,17.0,29.52,22.4,240.0,0.8125,0.2511,0.0,1.0,51402.4,OK,IDLE,7.3804,28.4125,54000.0,SIMULATED
2026-09-11 10:57:40,117.66666666666667,2,moderate_disturbance_lid_opened,7.4375,28.3125,64.0,OPEN,0.02515,-0.01988,7.6816,7.689,60.04,HIGH,23.22,16.9,29.54,22.37,240.0,0.8125,0.2515,0.0,1.0,51003.8,OK,IDLE,7.3843,28.4183,54000.0,SIMULATED
2026-09-11 10:57:50,117.83333333333333,2,moderate_disturbance_lid_opened,7.4375,28.5,64.0,OPEN,0.02536,-0.01782,7.6852,7.6911,60.11,HIGH,22.88,16.5,29.25,22.18,240.0,0.8125,0.2536,0.0,1.0,50710.7,OK,IDLE,7.3882,28.4242,54000.0,SIMULATED
2026-09-11 10:58:00,118.0,2,moderate_disturbance_lid_opened,7.4375,28.375,64.0,OPEN,0.02568,-0.01609,7.6859,7.6943,60.2,HIGH,22.81,16.4,29.23,21.91,240.0,0.8125,0.2568,0.0,1.0,50264.5,OK,IDLE,7.3921,28.43,54000.0,SIMULATED
2026-09-11 10:58:10,118.16666666666667,2,moderate_disturbance_lid_opened,7.375,28.4375,64.0,OPEN,0.02586,-0.01164,7.6267,7.6336,59.43,HIGH,25.06,18.74,31.38,24.17,240.0,0.7917,0.2586,0.0,1.0,49914.5,OK,IDLE,7.396,28.4358,54000.0,SIMULATED
2026-09-11 10:58:20,118.33333333333333,2,moderate_disturbance_lid_opened,7.375,28.5,64.0,OPEN,0.02575,-0.00815,7.6283,7.6325,59.39,HIGH,24.9,18.6,31.19,24.27,240.0,0.7917,0.2575,0.0,1.0,49739.6,OK,IDLE,7.3999,28.4417,54000.0,SIMULATED
2026-09-11 10:58:30,118.5,2,moderate_disturbance_lid_opened,7.4375,28.4375,64.0,OPEN,0.02578,-0.00532,7.6904,7.6953,60.23,HIGH,22.41,16.18,28.64,21.82,240.0,0.8125,0.2578,0.0,1.0,49523.5,OK,IDLE,7.4038,28.4475,54000.0,SIMULATED
2026-09-11 10:58:40,118.66666666666667,2,moderate_disturbance_lid_opened,7.4375,28.5,64.0,OPEN,0.02569,-0.00297,7.6916,7.6944,60.21,HIGH,22.31,16.06,28.55,21.9,240.0,0.8125,0.2569,0.0,1.0,49440.4,OK,IDLE,7.4077,28.4533,54000.0,SIMULATED
2026-09-11 10:58:50,118.83333333333333,2,moderate_disturbance_lid_opened,7.4375,28.5,64.0,OPEN,0.02568,-0.00093,7.6918,7.6943,60.2,HIGH,22.28,16.05,28.51,21.91,240.0,0.8125,0.2568,0.0,1.0,49385.1,OK,IDLE,7.4116,28.4592,54000.0,SIMULATED
2026-09-11 10:59:00,119.0,2,moderate_disturbance_lid_opened,7.375,28.5625,64.0,OPEN,0.02551,0.00087,7.6303,7.6301,59.34,HIGH,24.7,18.48,30.92,24.5,240.0,0.7917,0.2551,0.0017,1.0,49496.8,OK,IDLE,7.4155,28.465,54000.0,SIMULATED
2026-09-11 10:59:10,119.16666666666667,2,moderate_disturbance_lid_opened,7.375,28.5,64.0,OPEN,0.02541,0.00251,7.629,7.6291,59.34,HIGH,24.82,18.68,30.97,24.6,240.0,0.7917,0.2541,0.005,1.0,49594.5,OK,IDLE,7.4194,28.4708,54000.0,SIMULATED
2026-09-11 10:59:20,119.33333333333333,2,moderate_disturbance_lid_opened,7.4375,28.4375,64.0,OPEN,0.02533,0.00404,7.6898,7.6908,60.18,HIGH,22.46,16.5,28.42,22.21,240.0,0.8125,0.2533,0.0081,1.0,49632.4,OK,IDLE,7.4233,28.4767,54000.0,SIMULATED
2026-09-11 10:59:30,119.5,2,moderate_disturbance_lid_opened,7.375,28.5,64.0,OPEN,0.02488,0.0055,7.6272,7.6238,59.24,HIGH,25.01,19.04,30.98,25.12,240.0,0.7917,0.2488,0.011,1.0,49959.9,OK,IDLE,7.4272,28.4825,54000.0,SIMULATED
2026-09-11 10:59:40,119.66666666666667,2,moderate_disturbance_lid_opened,7.4375,28.4375,64.0,OPEN,0.02488,0.00394,7.6874,7.6863,60.04,HIGH,22.68,16.74,28.63,22.61,240.0,0.8125,0.2488,0.0079,1.0,50129.2,OK,IDLE,7.4311,28.4883,54000.0,SIMULATED
2026-09-11 10:59:50,119.83333333333333,2,moderate_disturbance_lid_opened,7.4375,28.5625,64.0,OPEN,0.025,0.00314,7.6881,7.6875,60.06,HIGH,22.61,16.92,28.3,22.5,240.0,0.8125,0.25,0.0063,1.0,50270.2,OK,IDLE,7.435,28.4942,54000.0,SIMULATED
2026-09-11 11:00:00,120.0,2,moderate_disturbance_lid_opened,7.4375,28.6875,64.0,OPEN,0.02482,0.00582,7.6883,7.6857,60.06,HIGH,22.6,17.06,28.14,22.66,240.0,0.8125,0.2482,0.0116,1.0,50545.2,OK,IDLE,7.4389,28.5,54000.0,SIMULATED
2026-09-11 09:00:00,0.0,3,severe_disturbance_lid_open,4.9375,24.9375,45.0,CLOSED,0.0,0.0,4.9675,4.9375,0.0,LOW,240.0,239.0,240.0,240.0,49.67,0.0,0.0,0.0,0.0,400000.0,WARMUP,IDLE,5.0,25.0,144000.0,SIMULATED
2026-09-11 09:00:10,0.16666666666666666,3,severe_disturbance_lid_open,4.9375,25.0,45.0,CLOSED,0.0,0.0,4.9676,4.9375,0.0,LOW,240.0,239.0,240.0,240.0,49.5,0.0,0.0,0.0,0.0,400000.0,WARMUP,IDLE,5.0014,25.0,144000.0,SIMULATED
2026-09-11 09:00:20,0.3333333333333333,3,severe_disturbance_lid_open,5.0,24.9375,45.0,CLOSED,0.0,0.0,5.0299,5.0,0.0,LOW,240.0,239.0,240.0,240.0,49.33,0.0,0.0,0.0,0.0,400000.0,WARMUP,IDLE,5.0028,25.0,144000.0,SIMULATED
2026-09-11 09:00:30,0.5,3,severe_disturbance_lid_open,5.0,24.9375,45.0,CLOSED,0.0,0.0,5.0299,5.0,0.0,LOW,240.0,239.0,240.0,240.0,49.17,0.0,0.0,0.0,0.0,400000.0,WARMUP,IDLE,5.0042,25.0,144000.0,SIMULATED
2026-09-11 09:00:40,0.6666666666666666,3,severe_disturbance_lid_open,5.0,25.0625,45.0,CLOSED,0.0,0.0,5.0301,5.0,0.0,LOW,240.0,239.0,240.0,240.0,49.0,0.0,0.0,0.0,0.0,400000.0,WARMUP,IDLE,5.0056,25.0,144000.0,SIMULATED
2026-09-11 09:00:50,0.8333333333333334,3,severe_disturbance_lid_open,4.9375,25.0,45.0,CLOSED,0.0,0.0,4.9676,4.9375,0.0,LOW,240.0,239.0,240.0,240.0,48.83,0.0,0.0,0.0,0.0,400000.0,WARMUP,IDLE,5.0069,25.0,144000.0,SIMULATED
2026-09-11 09:01:00,1.0,3,severe_disturbance_lid_open,5.0,25.0,45.0,CLOSED,0.0,0.0,5.03,5.0,0.0,LOW,240.0,239.0,240.0,240.0,48.67,0.0,0.0,0.0,0.0,400000.0,WARMUP,IDLE,5.0083,25.0,144000.0,SIMULATED
2026-09-11 09:01:10,1.1666666666666667,3,severe_disturbance_lid_open,4.9375,25.0625,45.0,CLOSED,0.0,0.0,4.9677,4.9375,0.0,LOW,240.0,239.0,240.0,240.0,48.5,0.0,0.0,0.0,0.0,400000.0,WARMUP,IDLE,5.0097,25.0,144000.0,SIMULATED
2026-09-11 09:01:20,1.3333333333333333,3,severe_disturbance_lid_open,5.125,25.0625,45.0,CLOSED,0.0,0.0,5.1549,5.125,1.67,LOW,240.0,239.0,240.0,240.0,48.33,0.0417,0.0,0.0,0.0,400000.0,WARMUP,IDLE,5.0111,25.0,144000.0,SIMULATED
2026-09-11 09:01:30,1.5,3,severe_disturbance_lid_open,5.0,24.9375,45.0,CLOSED,0.0,0.0,5.0299,5.0,0.0,LOW,240.0,239.0,240.0,240.0,48.17,0.0,0.0,0.0,0.0,400000.0,WARMUP,IDLE,5.0125,25.0,144000.0,SIMULATED
2026-09-11 09:01:40,1.6666666666666667,3,severe_disturbance_lid_open,4.875,24.875,45.0,CLOSED,0.0,0.0,4.905,4.875,0.0,LOW,240.0,239.0,240.0,240.0,48.0,0.0,0.0,0.0,0.0,400000.0,WARMUP,IDLE,5.0139,25.0,144000.0,SIMULATED
2026-09-11 09:01:50,1.8333333333333333,3,severe_disturbance_lid_open,4.9375,24.9375,45.0,CLOSED,0.0,0.0,4.9675,4.9375,0.0,LOW,240.0,239.0,240.0,240.0,47.83,0.0,0.0,0.0,0.0,400000.0,WARMUP,IDLE,5.0153,25.0,144000.0,SIMULATED
2026-09-11 09:02:00,2.0,3,severe_disturbance_lid_open,4.9375,25.0,45.0,CLOSED,0.0,0.0,4.9676,4.9375,0.0,LOW,240.0,239.0,240.0,240.0,47.67,0.0,0.0,0.0,0.0,400000.0,WARMUP,IDLE,5.0167,25.0,144000.0,SIMULATED
2026-09-11 09:02:10,2.1666666666666665,3,severe_disturbance_lid_open,4.9375,25.0,45.0,CLOSED,0.0,0.0,4.9676,4.9375,0.0,LOW,240.0,239.0,240.0,240.0,47.5,0.0,0.0,0.0,0.0,400000.0,WARMUP,IDLE,5.018,25.0,144000.0,SIMULATED
2026-09-11 09:02:20,2.3333333333333335,3,severe_disturbance_lid_open,5.0625,24.9375,44.0,CLOSED,0.0,0.0,5.0923,5.0625,0.83,LOW,240.0,239.0,240.0,240.0,47.33,0.0208,0.0,0.0,0.0,400000.0,WARMUP,IDLE,5.0194,25.0,144000.0,SIMULATED
2026-09-11 09:02:30,2.5,3,severe_disturbance_lid_open,4.9375,24.9375,46.0,CLOSED,0.0,0.0,4.9675,4.9375,0.0,LOW,240.0,239.0,240.0,240.0,47.17,0.0,0.0,0.0,0.0,400000.0,WARMUP,IDLE,5.0208,25.0,144000.0,SIMULATED
2026-09-11 09:02:40,2.6666666666666665,3,severe_disturbance_lid_open,5.0,24.9375,45.0,CLOSED,0.0,0.0,5.0299,5.0,0.0,LOW,240.0,239.0,240.0,240.0,47.0,0.0,0.0,0.0,0.0,400000.0,WARMUP,IDLE,5.0222,25.0,144000.0,SIMULATED
2026-09-11 09:02:50,2.8333333333333335,3,severe_disturbance_lid_open,5.0,25.0,45.0,CLOSED,0.0,0.0,5.03,5.0,0.0,LOW,240.0,239.0,240.0,240.0,46.83,0.0,0.0,0.0,0.0,400000.0,WARMUP,IDLE,5.0236,25.0,144000.0,SIMULATED
2026-09-11 09:03:00,3.0,3,severe_disturbance_lid_open,4.9375,25.0625,45.0,CLOSED,0.0,0.0,4.9677,4.9375,0.0,LOW,240.0,239.0,240.0,240.0,46.67,0.0,0.0,0.0,0.0,400000.0,WARMUP,IDLE,5.025,25.0,144000.0,SIMULATED
2026-09-11 09:03:10,3.1666666666666665,3,severe_disturbance_lid_open,5.0,25.0,45.0,CLOSED,0.0,0.0,5.03,5.0,0.0,LOW,240.0,239.0,240.0,240.0,46.5,0.0,0.0,0.0,0.0,400000.0,WARMUP,IDLE,5.0264,25.0,144000.0,SIMULATED
2026-09-11 09:03:20,3.3333333333333335,3,severe_disturbance_lid_open,5.0625,25.0,45.0,CLOSED,0.0,0.0,5.0924,5.0625,0.83,LOW,240.0,239.0,240.0,240.0,46.33,0.0208,0.0,0.0,0.0,400000.0,WARMUP,IDLE,5.0278,25.0,144000.0,SIMULATED
2026-09-11 09:03:30,3.5,3,severe_disturbance_lid_open,5.0,24.9375,44.0,CLOSED,0.0,0.0,5.0299,5.0,0.0,LOW,240.0,239.0,240.0,240.0,46.17,0.0,0.0,0.0,0.0,400000.0,WARMUP,IDLE,5.0291,25.0,144000.0,SIMULATED
2026-09-11 09:03:40,3.6666666666666665,3,severe_disturbance_lid_open,4.9375,24.9375,45.0,CLOSED,0.0,0.0,4.9675,4.9375,0.0,LOW,240.0,239.0,240.0,240.0,46.0,0.0,0.0,0.0,0.0,400000.0,WARMUP,IDLE,5.0305,25.0,144000.0,SIMULATED
2026-09-11 09:03:50,3.8333333333333335,3,severe_disturbance_lid_open,5.0,25.125,45.0,CLOSED,0.0,0.0,5.0302,5.0,0.0,LOW,240.0,239.0,240.0,240.0,45.83,0.0,0.0,0.0,0.0,400000.0,WARMUP,IDLE,5.0319,25.0,144000.0,SIMULATED
2026-09-11 09:04:00,4.0,3,severe_disturbance_lid_open,5.0625,25.0625,45.0,CLOSED,0.0,0.0,5.0925,5.0625,0.83,LOW,240.0,239.0,240.0,240.0,45.67,0.0208,0.0,0.0,0.0,400000.0,WARMUP,IDLE,5.0333,25.0,144000.0,SIMULATED
2026-09-11 09:04:10,4.166666666666667,3,severe_disturbance_lid_open,4.9375,24.9375,45.0,CLOSED,0.0,0.0,4.9675,4.9375,0.0,LOW,240.0,239.0,240.0,240.0,45.5,0.0,0.0,0.0,0.0,400000.0,WARMUP,IDLE,5.0347,25.0,144000.0,SIMULATED
2026-09-11 09:04:20,4.333333333333333,3,severe_disturbance_lid_open,5.0,25.0,45.0,CLOSED,0.0,0.0,5.03,5.0,0.0,LOW,240.0,239.0,240.0,240.0,45.33,0.0,0.0,0.0,0.0,400000.0,WARMUP,IDLE,5.0361,25.0,144000.0,SIMULATED
2026-09-11 09:04:30,4.5,3,severe_disturbance_lid_open,5.0625,25.0625,45.0,CLOSED,0.0,0.0,5.0925,5.0625,0.83,LOW,240.0,239.0,240.0,240.0,45.17,0.0208,0.0,0.0,0.0,400000.0,WARMUP,IDLE,5.0375,25.0,144000.0,SIMULATED
2026-09-11 09:04:40,4.666666666666667,3,severe_disturbance_lid_open,5.125,25.0,45.0,CLOSED,0.0,0.0,5.1548,5.125,1.67,LOW,240.0,239.0,240.0,240.0,45.0,0.0417,0.0,0.0,0.0,400000.0,WARMUP,IDLE,5.0389,25.0,144000.0,SIMULATED
2026-09-11 09:04:50,4.833333333333333,3,severe_disturbance_lid_open,4.9375,25.0,46.0,CLOSED,0.0,0.0,4.9676,4.9375,0.0,LOW,240.0,239.0,240.0,240.0,44.83,0.0,0.0,0.0,0.0,400000.0,WARMUP,IDLE,5.0402,25.0,144000.0,SIMULATED
2026-09-11 09:05:00,5.0,3,severe_disturbance_lid_open,5.0625,25.0625,45.0,CLOSED,0.0,0.0,5.0925,5.0625,0.83,LOW,240.0,239.0,240.0,240.0,44.67,0.0208,0.0,0.0,0.0,400000.0,WARMUP,IDLE,5.0416,25.0,144000.0,SIMULATED
2026-09-11 09:05:10,5.166666666666667,3,severe_disturbance_lid_open,5.0625,25.0,45.0,CLOSED,0.0,0.0,5.0924,5.0625,0.83,LOW,240.0,239.0,240.0,240.0,44.5,0.0208,0.0,0.0,0.0,400000.0,WARMUP,IDLE,5.043,25.0,144000.0,SIMULATED
2026-09-11 09:05:20,5.333333333333333,3,severe_disturbance_lid_open,5.0,25.0,46.0,CLOSED,0.0,0.0,5.03,5.0,0.0,LOW,240.0,239.0,240.0,240.0,44.33,0.0,0.0,0.0,0.0,400000.0,WARMUP,IDLE,5.0444,25.0,144000.0,SIMULATED
2026-09-11 09:05:30,5.5,3,severe_disturbance_lid_open,5.0625,25.0,45.0,CLOSED,0.0,0.0,5.0924,5.0625,0.83,LOW,240.0,239.0,240.0,240.0,44.17,0.0208,0.0,0.0,0.0,400000.0,WARMUP,IDLE,5.0458,25.0,144000.0,SIMULATED
2026-09-11 09:05:40,5.666666666666667,3,severe_disturbance_lid_open,5.0625,24.9375,45.0,CLOSED,0.0,0.0,5.0923,5.0625,0.83,LOW,240.0,239.0,240.0,240.0,44.0,0.0208,0.0,0.0,0.0,400000.0,WARMUP,IDLE,5.0472,25.0,144000.0,SIMULATED
2026-09-11 09:05:50,5.833333333333333,3,severe_disturbance_lid_open,5.0625,24.9375,45.0,CLOSED,0.0,0.0,5.0923,5.0625,0.83,LOW,240.0,239.0,240.0,240.0,43.83,0.0208,0.0,0.0,0.0,400000.0,WARMUP,IDLE,5.0486,25.0,144000.0,SIMULATED
2026-09-11 09:06:00,6.0,3,severe_disturbance_lid_open,5.0,24.9375,45.0,CLOSED,0.0,0.0,5.0299,5.0,0.0,LOW,240.0,239.0,240.0,240.0,43.67,0.0,0.0,0.0,0.0,400000.0,WARMUP,IDLE,5.0499,25.0,144000.0,SIMULATED
2026-09-11 09:06:10,6.166666666666667,3,severe_disturbance_lid_open,5.0625,25.0625,45.0,CLOSED,0.0,0.0,5.0925,5.0625,0.83,LOW,240.0,239.0,240.0,240.0,43.5,0.0208,0.0,0.0,0.0,400000.0,WARMUP,IDLE,5.0513,25.0,144000.0,SIMULATED
2026-09-11 09:06:20,6.333333333333333,3,severe_disturbance_lid_open,5.1875,24.9375,45.0,CLOSED,0.0,0.0,5.2171,5.1875,2.5,LOW,240.0,239.0,240.0,240.0,43.33,0.0625,0.0,0.0,0.0,400000.0,WARMUP,IDLE,5.0527,25.0,144000.0,SIMULATED
2026-09-11 09:06:30,6.5,3,severe_disturbance_lid_open,5.0625,25.0,45.0,CLOSED,0.0,0.0,5.0924,5.0625,0.83,LOW,240.0,239.0,240.0,240.0,43.17,0.0208,0.0,0.0,0.0,400000.0,WARMUP,IDLE,5.0541,25.0,144000.0,SIMULATED
2026-09-11 09:06:40,6.666666666666667,3,severe_disturbance_lid_open,5.0625,25.0,44.0,CLOSED,0.0,0.0,5.0924,5.0625,0.83,LOW,240.0,239.0,240.0,240.0,43.0,0.0208,0.0,0.0,0.0,400000.0,WARMUP,IDLE,5.0555,25.0,144000.0,SIMULATED
2026-09-11 09:06:50,6.833333333333333,3,severe_disturbance_lid_open,5.0625,25.125,45.0,CLOSED,0.0,0.0,5.0926,5.0625,0.83,LOW,240.0,239.0,240.0,240.0,42.83,0.0208,0.0,0.0,0.0,400000.0,WARMUP,IDLE,5.0569,25.0,144000.0,SIMULATED
2026-09-11 09:07:00,7.0,3,severe_disturbance_lid_open,5.0,25.0,45.0,CLOSED,0.0,0.0,5.03,5.0,0.0,LOW,240.0,239.0,240.0,240.0,42.67,0.0,0.0,0.0,0.0,400000.0,WARMUP,IDLE,5.0582,25.0,144000.0,SIMULATED
2026-09-11 09:07:10,7.166666666666667,3,severe_disturbance_lid_open,5.0,25.0,45.0,CLOSED,0.0,0.0,5.03,5.0,0.0,LOW,240.0,239.0,240.0,240.0,42.5,0.0,0.0,0.0,0.0,400000.0,WARMUP,IDLE,5.0596,25.0,144000.0,SIMULATED
2026-09-11 09:07:20,7.333333333333333,3,severe_disturbance_lid_open,4.9375,25.0625,45.0,CLOSED,0.0,0.0,4.9677,4.9375,0.0,LOW,240.0,239.0,240.0,240.0,42.33,0.0,0.0,0.0,0.0,400000.0,WARMUP,IDLE,5.061,25.0,144000.0,SIMULATED
2026-09-11 09:07:30,7.5,3,severe_disturbance_lid_open,5.0625,25.0,45.0,CLOSED,0.0,0.0,5.0924,5.0625,0.83,LOW,240.0,239.0,240.0,240.0,42.17,0.0208,0.0,0.0,0.0,400000.0,WARMUP,IDLE,5.0624,25.0,144000.0,SIMULATED
2026-09-11 09:07:40,7.666666666666667,3,severe_disturbance_lid_open,5.0625,25.0,45.0,CLOSED,0.0,0.0,5.0924,5.0625,0.83,LOW,240.0,239.0,240.0,240.0,42.0,0.0208,0.0,0.0,0.0,400000.0,WARMUP,IDLE,5.0638,25.0,144000.0,SIMULATED
2026-09-11 09:07:50,7.833333333333333,3,severe_disturbance_lid_open,5.0,24.9375,45.0,CLOSED,0.0,0.0,5.0299,5.0,0.0,LOW,240.0,239.0,240.0,240.0,41.83,0.0,0.0,0.0,0.0,400000.0,WARMUP,IDLE,5.0652,25.0,144000.0,SIMULATED
2026-09-11 09:08:00,8.0,3,severe_disturbance_lid_open,4.9375,25.0,45.0,CLOSED,0.0,0.0,4.9676,4.9375,0.0,LOW,240.0,239.0,240.0,240.0,41.67,0.0,0.0,0.0,0.0,400000.0,WARMUP,IDLE,5.0666,25.0,144000.0,SIMULATED
2026-09-11 09:08:10,8.166666666666666,3,severe_disturbance_lid_open,5.0625,25.0,45.0,CLOSED,0.0,0.0,5.0924,5.0625,0.83,LOW,240.0,239.0,240.0,240.0,41.5,0.0208,0.0,0.0,0.0,400000.0,WARMUP,IDLE,5.0679,25.0,144000.0,SIMULATED
2026-09-11 09:08:20,8.333333333333334,3,severe_disturbance_lid_open,5.0,25.0,45.0,CLOSED,0.0,0.0,5.03,5.0,0.0,LOW,240.0,239.0,240.0,240.0,41.33,0.0,0.0,0.0,0.0,400000.0,WARMUP,IDLE,5.0693,25.0,144000.0,SIMULATED
2026-09-11 09:08:30,8.5,3,severe_disturbance_lid_open,5.0625,25.0625,45.0,CLOSED,0.0,0.0,5.0925,5.0625,0.83,LOW,240.0,239.0,240.0,240.0,41.17,0.0208,0.0,0.0,0.0,400000.0,WARMUP,IDLE,5.0707,25.0,144000.0,SIMULATED
2026-09-11 09:08:40,8.666666666666666,3,severe_disturbance_lid_open,5.0625,24.9375,45.0,CLOSED,0.0,0.0,5.0923,5.0625,0.83,LOW,240.0,239.0,240.0,240.0,41.0,0.0208,0.0,0.0,0.0,400000.0,WARMUP,IDLE,5.0721,25.0,144000.0,SIMULATED
2026-09-11 09:08:50,8.833333333333334,3,severe_disturbance_lid_open,5.125,25.0,45.0,CLOSED,0.0,0.0,5.1548,5.125,1.67,LOW,240.0,239.0,240.0,240.0,40.83,0.0417,0.0,0.0,0.0,400000.0,WARMUP,IDLE,5.0735,25.0,144000.0,SIMULATED
2026-09-11 09:09:00,9.0,3,severe_disturbance_lid_open,5.0,25.0,46.0,CLOSED,0.0,0.0,5.03,5.0,0.0,LOW,240.0,239.0,240.0,240.0,40.67,0.0,0.0,0.0,0.0,400000.0,WARMUP,IDLE,5.0749,25.0,144000.0,SIMULATED
2026-09-11 09:09:10,9.166666666666666,3,severe_disturbance_lid_open,5.125,25.0,45.0,CLOSED,0.0,0.0,5.1548,5.125,1.67,LOW,240.0,239.0,240.0,240.0,40.5,0.0417,0.0,0.0,0.0,400000.0,WARMUP,IDLE,5.0762,25.0,144000.0,SIMULATED
2026-09-11 09:09:20,9.333333333333334,3,severe_disturbance_lid_open,5.0,24.9375,45.0,CLOSED,0.0,0.0,5.0299,5.0,0.0,LOW,240.0,239.0,240.0,240.0,40.33,0.0,0.0,0.0,0.0,400000.0,WARMUP,IDLE,5.0776,25.0,144000.0,SIMULATED
2026-09-11 09:09:30,9.5,3,severe_disturbance_lid_open,5.125,24.875,46.0,CLOSED,0.0,0.0,5.1546,5.125,1.67,LOW,240.0,239.0,240.0,240.0,40.17,0.0417,0.0,0.0,0.0,400000.0,WARMUP,IDLE,5.079,25.0,144000.0,SIMULATED
2026-09-11 09:09:40,9.666666666666666,3,severe_disturbance_lid_open,5.0,25.0,45.0,CLOSED,0.0,0.0,5.03,5.0,0.0,LOW,240.0,239.0,240.0,240.0,40.0,0.0,0.0,0.0,0.0,400000.0,WARMUP,IDLE,5.0804,25.0,144000.0,SIMULATED
2026-09-11 09:09:50,9.833333333333334,3,severe_disturbance_lid_open,5.125,25.0,46.0,CLOSED,0.0,0.0,5.1548,5.125,1.67,LOW,240.0,239.0,240.0,240.0,39.83,0.0417,0.0,0.0,0.0,400000.0,WARMUP,IDLE,5.0818,25.0,144000.0,SIMULATED
2026-09-11 09:10:00,10.0,3,severe_disturbance_lid_open,5.0625,24.875,45.0,CLOSED,0.01049,0.02017,5.0922,5.1674,4.38,LOW,240.0,239.0,240.0,240.0,39.67,0.0208,0.1049,0.0403,0.0,400000.0,OK,IDLE,5.0832,25.0,144000.0,SIMULATED
2026-09-11 09:10:10,10.166666666666666,3,severe_disturbance_lid_open,5.0625,25.0625,45.0,CLOSED,0.0104,0.02154,5.0925,5.1665,4.38,LOW,240.0,239.0,240.0,240.0,39.5,0.0208,0.104,0.0431,0.0,400000.0,OK,IDLE,5.0845,25.0,144000.0,SIMULATED
2026-09-11 09:10:20,10.333333333333334,3,severe_disturbance_lid_open,5.0625,25.0,45.0,CLOSED,0.0102,0.02222,5.0924,5.1645,4.34,LOW,240.0,239.0,240.0,240.0,39.33,0.0208,0.102,0.0444,0.0,400000.0,OK,IDLE,5.0859,25.0,144000.0,SIMULATED
2026-09-11 09:10:30,10.5,3,severe_disturbance_lid_open,5.0,25.0,44.0,CLOSED,0.00994,0.01955,5.03,5.0994,3.37,LOW,240.0,239.0,240.0,240.0,39.17,0.0,0.0994,0.0391,0.0,400000.0,OK,IDLE,5.0873,25.0,144000.0,SIMULATED
2026-09-11 09:10:40,10.666666666666666,3,severe_disturbance_lid_open,5.125,24.9375,45.0,CLOSED,0.00998,0.01749,5.1547,5.2248,5.01,LOW,240.0,239.0,240.0,240.0,39.0,0.0417,0.0998,0.035,0.0,400000.0,OK,IDLE,5.0887,25.0,144000.0,SIMULATED
2026-09-11 09:10:50,10.833333333333334,3,severe_disturbance_lid_open,5.125,25.0625,45.0,CLOSED,0.01022,0.01586,5.1549,5.2272,5.05,LOW,240.0,239.0,240.0,240.0,38.83,0.0417,0.1022,0.0317,0.0,400000.0,OK,IDLE,5.0901,25.0,144000.0,SIMULATED
2026-09-11 09:11:00,11.0,3,severe_disturbance_lid_open,5.125,24.9375,46.0,CLOSED,0.01041,0.01739,5.1547,5.2291,5.14,LOW,240.0,239.0,240.0,240.0,38.67,0.0417,0.1041,0.0348,0.0,400000.0,OK,IDLE,5.0915,25.0,144000.0,SIMULATED
2026-09-11 09:11:10,11.166666666666666,3,severe_disturbance_lid_open,5.0,25.0625,45.0,CLOSED,0.01037,0.01817,5.0301,5.1037,3.47,LOW,240.0,239.0,240.0,240.0,38.5,0.0,0.1037,0.0363,0.0,400000.0,OK,IDLE,5.0928,25.0,144000.0,SIMULATED
2026-09-11 09:11:20,11.333333333333334,3,severe_disturbance_lid_open,5.0625,25.0,45.0,CLOSED,0.01016,0.01843,5.0924,5.1641,4.25,LOW,240.0,239.0,240.0,240.0,38.33,0.0208,0.1016,0.0369,0.0,400000.0,OK,IDLE,5.0942,25.0,144000.0,SIMULATED
2026-09-11 09:11:30,11.5,3,severe_disturbance_lid_open,5.0,24.9375,44.0,CLOSED,0.0102,0.01547,5.0299,5.102,3.37,LOW,240.0,239.0,240.0,240.0,38.17,0.0,0.102,0.0309,0.0,400000.0,OK,IDLE,5.0956,25.0,144000.0,SIMULATED
2026-09-11 09:11:40,11.666666666666666,3,severe_disturbance_lid_open,5.0625,25.0,45.0,CLOSED,0.01023,0.01321,5.0924,5.1648,4.17,LOW,240.0,239.0,240.0,240.0,38.0,0.0208,0.1023,0.0264,0.0,400000.0,OK,IDLE,5.097,25.0,144000.0,SIMULATED
2026-09-11 09:11:50,11.833333333333334,3,severe_disturbance_lid_open,5.125,25.0625,45.0,CLOSED,0.01007,0.01144,5.1549,5.2257,4.92,LOW,240.0,239.0,240.0,240.0,37.83,0.0417,0.1007,0.0229,0.0,400000.0,OK,IDLE,5.0984,25.0,144000.0,SIMULATED
2026-09-11 09:12:00,12.0,3,severe_disturbance_lid_open,5.0,25.0625,46.0,CLOSED,0.00956,0.01286,5.0301,5.0956,3.13,LOW,240.0,239.0,240.0,240.0,37.67,0.0,0.0956,0.0257,0.0,400000.0,OK,IDLE,5.0998,25.0,144000.0,SIMULATED
2026-09-11 09:12:10,12.166666666666666,3,severe_disturbance_lid_open,5.0625,24.9375,45.0,CLOSED,0.009,0.01357,5.0923,5.1525,3.8,LOW,240.0,239.0,240.0,240.0,37.5,0.0208,0.09,0.0271,0.0,400000.0,OK,IDLE,5.1011,25.0,144000.0,SIMULATED
2026-09-11 09:12:20,12.333333333333334,3,severe_disturbance_lid_open,5.0625,25.0,45.0,CLOSED,0.00837,0.01378,5.0924,5.1462,3.62,LOW,240.0,239.0,240.0,240.0,37.33,0.0208,0.0837,0.0276,0.0,400000.0,OK,IDLE,5.1025,25.0,144000.0,SIMULATED
2026-09-11 09:12:30,12.5,3,severe_disturbance_lid_open,5.125,25.0,44.0,CLOSED,0.00825,0.00784,5.1548,5.2075,4.3,LOW,240.0,239.0,240.0,240.0,37.17,0.0417,0.0825,0.0157,0.0,400000.0,OK,IDLE,5.1039,25.0,144000.0,SIMULATED
2026-09-11 09:12:40,12.666666666666666,3,severe_disturbance_lid_open,5.125,25.0,45.0,CLOSED,0.00809,0.00634,5.1548,5.2059,4.22,LOW,240.0,239.0,240.0,240.0,37.0,0.0417,0.0809,0.0127,0.0,400000.0,OK,IDLE,5.1053,25.0,144000.0,SIMULATED
2026-09-11 09:12:50,12.833333333333334,3,severe_disturbance_lid_open,5.125,25.0,45.0,CLOSED,0.00809,0.00511,5.1548,5.2059,4.19,LOW,240.0,239.0,240.0,240.0,36.83,0.0417,0.0809,0.0102,0.0,400000.0,OK,IDLE,5.1067,25.0,144000.0,SIMULATED
2026-09-11 09:13:00,13.0,3,severe_disturbance_lid_open,5.0625,24.9375,45.0,CLOSED,0.00799,0.00405,5.0923,5.1424,3.31,LOW,240.0,239.0,240.0,240.0,36.67,0.0208,0.0799,0.0081,0.0,400000.0,OK,IDLE,5.108,25.0,144000.0,SIMULATED
2026-09-11 09:13:10,13.166666666666666,3,severe_disturbance_lid_open,5.0625,24.875,45.0,CLOSED,0.00765,0.00312,5.0922,5.139,3.19,LOW,240.0,239.0,240.0,240.0,36.5,0.0208,0.0765,0.0062,0.0,400000.0,OK,IDLE,5.1094,25.0,144000.0,SIMULATED
2026-09-11 09:13:20,13.333333333333334,3,severe_disturbance_lid_open,5.0625,25.0,45.0,CLOSED,0.0073,0.00228,5.0924,5.1355,3.07,LOW,240.0,239.0,240.0,240.0,36.33,0.0208,0.073,0.0046,0.0,400000.0,OK,IDLE,5.1108,25.0,144000.0,SIMULATED
2026-09-11 09:13:30,13.5,3,severe_disturbance_lid_open,5.0625,25.0625,45.0,CLOSED,0.00713,0.0015,5.0925,5.1338,3.0,LOW,240.0,239.0,240.0,240.0,36.17,0.0208,0.0713,0.003,0.0,400000.0,OK,IDLE,5.1122,25.0,144000.0,SIMULATED
2026-09-11 09:13:40,13.666666666666666,3,severe_disturbance_lid_open,5.1875,25.0625,45.0,CLOSED,0.00725,-0.00219,5.2173,5.26,4.67,LOW,240.0,239.0,240.0,240.0,36.0,0.0625,0.0725,0.0,0.0,400000.0,OK,IDLE,5.1136,25.0,144000.0,SIMULATED
2026-09-11 09:13:50,13.833333333333334,3,severe_disturbance_lid_open,5.125,25.0,46.0,CLOSED,0.0072,-0.0022,5.1548,5.197,3.83,LOW,240.0,239.0,240.0,240.0,35.83,0.0417,0.072,0.0,0.0,400000.0,OK,IDLE,5.1149,25.0,144000.0,SIMULATED
2026-09-11 09:14:00,14.0,3,severe_disturbance_lid_open,5.125,25.0,46.0,CLOSED,0.00719,0.00027,5.1548,5.1969,3.83,LOW,240.0,239.0,240.0,240.0,35.67,0.0417,0.0719,0.0005,0.0,400000.0,OK,IDLE,5.1163,25.0,144000.0,SIMULATED
2026-09-11 09:14:10,14.166666666666666,3,severe_disturbance_lid_open,5.125,25.0,45.0,CLOSED,0.00739,0.00152,5.1548,5.1989,3.91,LOW,240.0,239.0,240.0,240.0,35.5,0.0417,0.0739,0.003,0.0,400000.0,OK,IDLE,5.1177,25.0,144000.0,SIMULATED
2026-09-11 09:14:20,14.333333333333334,3,severe_disturbance_lid_open,5.125,25.0,45.0,CLOSED,0.00736,0.00192,5.1548,5.1986,3.91,LOW,240.0,239.0,240.0,240.0,35.33,0.0417,0.0736,0.0038,0.0,400000.0,OK,IDLE,5.1191,25.0,144000.0,SIMULATED
2026-09-11 09:14:30,14.5,3,severe_disturbance_lid_open,5.125,24.9375,45.0,CLOSED,0.00733,0.00173,5.1547,5.1983,3.9,LOW,240.0,239.0,240.0,240.0,35.17,0.0417,0.0733,0.0035,0.0,400000.0,OK,IDLE,5.1205,25.0,144000.0,SIMULATED
2026-09-11 09:14:40,14.666666666666666,3,severe_disturbance_lid_open,5.125,25.0,45.0,CLOSED,0.00747,0.00111,5.1548,5.1997,3.93,LOW,240.0,239.0,240.0,240.0,35.0,0.0417,0.0747,0.0022,0.0,400000.0,OK,IDLE,5.1218,25.0,144000.0,SIMULATED
2026-09-11 09:14:50,14.833333333333334,3,severe_disturbance_lid_open,5.1875,24.9375,45.0,CLOSED,0.0081,0.00021,5.2171,5.2685,4.93,LOW,240.0,239.0,240.0,240.0,34.83,0.0625,0.081,0.0004,0.0,400000.0,OK,IDLE,5.1232,25.0,144000.0,SIMULATED
2026-09-11 09:15:00,15.0,3,severe_disturbance_lid_open,5.125,25.0,45.0,OPEN,0.00832,0.00205,5.1548,5.2082,24.2,LOW,240.0,239.0,240.0,240.0,34.67,0.0417,0.0832,0.0041,1.0,400000.0,OK,IDLE,5.1246,25.0,14400.0,SIMULATED
2026-09-11 09:15:10,15.166666666666666,3,severe_disturbance_lid_open,5.125,25.125,45.0,OPEN,0.00862,0.00296,5.155,5.2112,24.31,LOW,240.0,239.0,240.0,240.0,34.5,0.0417,0.0862,0.0059,1.0,400000.0,OK,IDLE,5.1384,25.0143,14400.0,SIMULATED
2026-09-11 09:15:20,15.333333333333334,3,severe_disturbance_lid_open,5.1875,25.0,45.0,OPEN,0.00913,0.00321,5.2172,5.2788,25.3,LOW,240.0,239.0,240.0,240.0,34.33,0.0625,0.0913,0.0064,1.0,400000.0,OK,IDLE,5.1522,25.0286,14400.0,SIMULATED
2026-09-11 09:15:30,15.5,3,severe_disturbance_lid_open,5.125,25.0625,46.0,OPEN,0.00943,0.00882,5.1549,5.2193,24.67,LOW,240.0,239.0,240.0,240.0,34.17,0.0417,0.0943,0.0176,1.0,400000.0,OK,IDLE,5.166,25.0429,14400.0,SIMULATED
2026-09-11 09:15:40,15.666666666666666,3,severe_disturbance_lid_open,5.125,25.0,46.0,OPEN,0.00974,0.01521,5.1548,5.2224,24.89,LOW,240.0,239.0,240.0,240.0,34.0,0.0417,0.0974,0.0304,1.0,400000.0,OK,IDLE,5.1798,25.0571,14400.0,SIMULATED
2026-09-11 09:15:50,15.833333333333334,3,severe_disturbance_lid_open,5.25,25.0625,47.0,OPEN,0.01042,0.02493,5.2797,5.3542,26.96,LOW,240.0,239.0,240.0,240.0,33.83,0.0833,0.1042,0.0499,1.0,400000.0,OK,IDLE,5.1936,25.0714,14400.0,SIMULATED
2026-09-11 09:16:00,16.0,3,severe_disturbance_lid_open,5.3125,25.0625,47.0,OPEN,0.01151,0.03677,5.3421,5.4276,28.36,LOW,240.0,239.0,240.0,240.0,33.67,0.1042,0.1151,0.0735,1.0,400000.0,OK,IDLE,5.2074,25.0857,14400.0,SIMULATED
2026-09-11 09:16:10,16.166666666666668,3,severe_disturbance_lid_open,5.1875,25.0625,47.0,OPEN,0.01233,0.04992,5.2173,5.3108,27.2,LOW,240.0,239.0,240.0,240.0,33.5,0.0625,0.1233,0.0998,1.0,400000.0,OK,IDLE,5.2212,25.1,14400.0,SIMULATED
2026-09-11 09:16:20,16.333333333333332,3,severe_disturbance_lid_open,5.1875,25.25,47.0,OPEN,0.01312,0.06379,5.2176,5.3187,27.71,LOW,240.0,239.0,240.0,240.0,33.33,0.0625,0.1312,0.1276,1.0,400000.0,OK,IDLE,5.235,25.1143,14400.0,SIMULATED
2026-09-11 09:16:30,16.5,3,severe_disturbance_lid_open,5.3125,25.0625,48.0,OPEN,0.01461,0.08082,5.3421,5.4586,30.17,MEDIUM,240.0,239.0,240.0,240.0,33.17,0.1042,0.1461,0.1616,1.0,400000.0,OK,IDLE,5.2488,25.1286,14400.0,SIMULATED
2026-09-11 09:16:40,16.666666666666668,3,severe_disturbance_lid_open,5.25,25.0625,49.0,OPEN,0.01603,0.10265,5.308,5.4103,30.19,MEDIUM,240.0,239.0,240.0,171.57,33.0,0.0833,0.1603,0.2053,1.0,204500.2,OK,IDLE,5.2626,25.1429,14400.0,SIMULATED
2026-09-11 09:16:50,16.833333333333332,3,severe_disturbance_lid_open,5.25,25.1875,48.0,OPEN,0.01738,0.12164,5.3469,5.4238,30.98,MEDIUM,240.0,239.0,240.0,158.25,32.83,0.0833,0.1738,0.2433,1.0,123104.5,OK,IDLE,5.2764,25.1571,14400.0,SIMULATED
2026-09-11 09:17:00,17.0,3,severe_disturbance_lid_open,5.25,25.25,49.0,OPEN,0.01866,0.14407,5.3604,5.4366,31.81,MEDIUM,240.0,239.0,240.0,147.37,32.67,0.0833,0.1866,0.2881,1.0,108405.1,OK,IDLE,5.2902,25.1714,14400.0,SIMULATED
2026-09-11 09:17:10,17.166666666666668,3,severe_disturbance_lid_open,5.375,25.1875,50.0,OPEN,0.02005,0.17138,5.4983,5.5755,34.44,MEDIUM,227.7,226.12,229.29,130.91,32.5,0.125,0.2005,0.3428,1.0,96124.1,OK,IDLE,5.304,25.1857,14400.0,SIMULATED
2026-09-11 09:17:20,17.333333333333332,3,severe_disturbance_lid_open,5.3125,25.1875,50.0,OPEN,0.02131,0.20164,5.4505,5.5256,34.59,MEDIUM,208.44,204.09,212.79,126.13,32.33,0.1042,0.2131,0.4033,1.0,86085.1,OK,IDLE,5.3178,25.2,14400.0,SIMULATED
2026-09-11 09:17:30,17.5,3,severe_disturbance_lid_open,5.375,25.25,50.0,OPEN,0.02243,0.23348,5.5276,5.5993,36.4,MEDIUM,183.81,175.43,192.18,117.04,32.17,0.125,0.2243,0.467,1.0,77855.9,OK,IDLE,5.3316,25.2143,14400.0,SIMULATED
2026-09-11 09:17:40,17.666666666666668,3,severe_disturbance_lid_open,5.4375,25.1875,51.0,OPEN,0.02396,0.26881,5.6043,5.6771,38.4,MEDIUM,163.88,151.14,176.62,106.93,32.0,0.1458,0.2396,0.5376,1.0,70754.5,OK,IDLE,5.3454,25.2286,14400.0,SIMULATED
2026-09-11 09:17:50,17.833333333333332,3,severe_disturbance_lid_open,5.375,25.1875,51.0,OPEN,0.02557,0.30601,5.5579,5.6307,38.79,MEDIUM,153.23,136.52,169.94,102.65,31.83,0.125,0.2557,0.612,1.0,64686.8,OK,IDLE,5.3592,25.2429,14400.0,SIMULATED
2026-09-11 09:18:00,18.0,3,severe_disturbance_lid_open,5.3125,25.25,51.0,OPEN,0.02684,0.34395,5.512,5.5809,39.1,MEDIUM,143.96,123.5,164.42,100.12,31.67,0.1042,0.2684,0.6879,1.0,59656.2,OK,IDLE,5.373,25.2571,14400.0,SIMULATED
2026-09-11 09:18:10,18.166666666666668,3,severe_disturbance_lid_open,5.4375,25.3125,51.0,OPEN,0.02802,0.38183,5.6517,5.7177,41.88,MEDIUM,127.41,102.77,152.05,91.46,31.5,0.1458,0.2802,0.7637,1.0,55382.9,OK,IDLE,5.3868,25.2714,14400.0,SIMULATED
2026-09-11 09:18:20,18.333333333333332,3,severe_disturbance_lid_open,5.375,25.3125,51.0,OPEN,0.02927,0.41911,5.6048,5.6677,42.16,MEDIUM,121.77,93.34,150.21,89.69,31.33,0.125,0.2927,0.8382,1.0,51755.3,OK,IDLE,5.4006,25.2857,14400.0,SIMULATED
2026-09-11 09:18:30,18.5,3,severe_disturbance_lid_open,5.4375,25.25,52.0,OPEN,0.03054,0.45824,5.6808,5.7429,44.16,MEDIUM,112.07,79.84,144.3,83.92,31.17,0.1458,0.3054,0.9165,1.0,48548.9,OK,IDLE,5.4144,25.3,14400.0,SIMULATED
2026-09-11 09:18:40,18.666666666666668,3,severe_disturbance_lid_open,5.4375,25.3125,52.0,OPEN,0.03196,0.49801,5.6965,5.7571,45.38,MEDIUM,105.23,69.36,141.1,80.18,31.0,0.1458,0.3196,0.996,1.0,45740.2,OK,IDLE,5.4282,25.3143,14400.0,SIMULATED
2026-09-11 09:18:50,18.833333333333332,3,severe_disturbance_lid_open,5.4375,25.3125,53.0,OPEN,0.03345,0.54041,5.7115,5.772,45.87,MEDIUM,99.42,60.07,138.77,76.6,30.83,0.1458,0.3345,1.0,1.0,43216.5,OK,IDLE,5.442,25.3286,14400.0,SIMULATED
2026-09-11 09:19:00,19.0,3,severe_disturbance_lid_open,5.4375,25.3125,52.0,OPEN,0.03515,0.58104,5.727,5.789,46.38,MEDIUM,94.08,51.4,136.76,72.9,30.67,0.1458,0.3515,1.0,1.0,40893.9,OK,IDLE,5.4558,25.3429,14400.0,SIMULATED
2026-09-11 09:19:10,19.166666666666668,3,severe_disturbance_lid_open,5.375,25.375,53.0,OPEN,0.03641,0.62556,5.681,5.7391,45.92,MEDIUM,91.24,45.48,137.01,72.1,30.5,0.125,0.3641,1.0,1.0,38910.3,OK,IDLE,5.4697,25.3571,14400.0,SIMULATED
2026-09-11 09:19:20,19.333333333333332,3,severe_disturbance_lid_open,5.5625,25.4375,53.0,OPEN,0.03823,0.6692,5.8824,5.9448,48.97,MEDIUM,80.64,31.63,129.65,63.76,30.33,0.1875,0.3823,1.0,1.0,36981.1,OK,IDLE,5.4835,25.3714,14400.0,SIMULATED
2026-09-11 09:19:30,19.5,3,severe_disturbance_lid_open,5.4375,25.375,53.0,OPEN,0.03968,0.71145,5.7738,5.8343,47.74,MEDIUM,80.88,28.97,132.78,64.59,30.17,0.1458,0.3968,1.0,1.0,35273.4,OK,IDLE,5.4973,25.3857,14400.0,SIMULATED
2026-09-11 09:19:40,19.666666666666668,3,severe_disturbance_lid_open,5.5,25.375,54.0,OPEN,0.04137,0.75778,5.8511,5.9137,49.08,MEDIUM,75.42,20.68,130.15,60.43,30.0,0.1667,0.4137,1.0,1.0,33661.8,OK,IDLE,5.5111,25.4,14400.0,SIMULATED
2026-09-11 09:19:50,19.833333333333332,3,severe_disturbance_lid_open,5.5625,25.4375,54.0,OPEN,0.043,0.80326,5.9296,5.9925,50.4,MEDIUM,70.17,12.67,127.68,56.68,29.83,0.1875,0.43,1.0,1.0,32179.0,OK,IDLE,5.5249,25.4143,14400.0,SIMULATED
2026-09-11 09:20:00,20.0,3,severe_disturbance_lid_open,5.5625,25.5,54.0,OPEN,0.04492,0.85022,5.9472,6.0117,50.97,MEDIUM,66.92,6.79,127.06,54.27,29.67,0.1875,0.4492,1.0,1.0,30792.5,OK,IDLE,5.5387,25.4286,14400.0,SIMULATED
2026-09-11 09:20:10,20.166666666666668,3,severe_disturbance_lid_open,5.5,25.5,54.0,OPEN,0.04662,0.89452,5.9023,5.9662,50.65,MEDIUM,65.72,3.15,128.28,53.63,29.5,0.1667,0.4662,1.0,1.0,29529.7,OK,IDLE,5.5525,25.4429,14400.0,SIMULATED
2026-09-11 09:20:20,20.333333333333332,3,severe_disturbance_lid_open,5.5625,25.5,55.0,OPEN,0.04831,0.93895,5.9802,6.0456,51.99,MEDIUM,61.59,0.0,126.51,50.46,29.33,0.1875,0.4831,1.0,1.0,28338.0,OK,IDLE,5.5663,25.4571,14400.0,SIMULATED
2026-09-11 09:20:30,20.5,3,severe_disturbance_lid_open,5.5625,25.5,54.0,OPEN,0.04994,0.97967,5.9968,6.0619,52.48,MEDIUM,59.21,0.0,126.34,48.8,29.17,0.1875,0.4994,1.0,1.0,27241.4,OK,IDLE,5.5801,25.4714,14400.0,SIMULATED
2026-09-11 09:20:40,20.666666666666668,3,severe_disturbance_lid_open,5.6875,25.4375,55.0,OPEN,0.05167,1.01683,6.1352,6.2042,54.67,MEDIUM,54.31,0.0,123.62,44.76,29.0,0.2292,0.5167,1.0,1.0,26164.9,OK,IDLE,5.5939,25.4857,14400.0,SIMULATED
2026-09-11 09:20:50,20.833333333333332,3,severe_disturbance_lid_open,5.5625,25.4375,55.0,OPEN,0.0534,1.05341,6.03,6.0965,53.52,MEDIUM,54.97,0.0,126.23,45.65,28.83,0.1875,0.534,1.0,1.0,25207.0,OK,IDLE,5.6077,25.5,14400.0,SIMULATED
2026-09-11 09:21:00,21.0,3,severe_disturbance_lid_open,5.5625,25.5,56.0,OPEN,0.05509,1.09149,6.0481,6.1134,54.03,MEDIUM,52.89,0.0,125.98,44.25,28.67,0.1875,0.5509,1.0,1.0,24334.1,OK,IDLE,5.6215,25.5143,14400.0,SIMULATED
2026-09-11 09:21:10,21.166666666666668,3,severe_disturbance_lid_open,5.625,25.5625,55.0,OPEN,0.05689,1.12966,6.1274,6.1939,55.4,MEDIUM,49.69,0.0,124.54,41.75,28.5,0.2083,0.5689,1.0,1.0,23507.3,OK,IDLE,5.6353,25.5286,14400.0,SIMULATED
2026-09-11 09:21:20,21.333333333333332,3,severe_disturbance_lid_open,5.6875,25.5,56.0,OPEN,0.05853,1.16694,6.2041,6.2728,56.73,MEDIUM,46.97,0.0,123.47,39.51,28.33,0.2292,0.5853,1.0,1.0,22707.7,OK,IDLE,5.6492,25.5429,14400.0,SIMULATED
2026-09-11 09:21:30,21.5,3,severe_disturbance_lid_open,5.75,25.625,56.0,OPEN,0.06036,1.20256,6.2854,6.3536,58.11,MEDIUM,43.99,0.0,122.07,37.27,28.17,0.25,0.6036,1.0,1.0,21969.7,OK,IDLE,5.663,25.5571,14400.0,SIMULATED
2026-09-11 09:21:40,21.666666666666668,3,severe_disturbance_lid_open,5.6875,25.4375,56.0,OPEN,0.06189,1.23301,6.237,6.3064,57.73,MEDIUM,44.13,0.0,123.61,37.36,28.0,0.2292,0.6189,1.0,1.0,21263.8,OK,IDLE,5.6768,25.5714,14400.0,SIMULATED
2026-09-11 09:21:50,21.833333333333332,3,severe_disturbance_lid_open,5.75,25.5625,56.0,OPEN,0.06351,1.26166,6.318,6.3851,59.05,MEDIUM,41.44,0.0,122.23,35.43,27.83,0.25,0.6351,1.0,1.0,20627.2,OK,IDLE,5.6906,25.5857,14400.0,SIMULATED
2026-09-11 09:22:00,22.0,3,severe_disturbance_lid_open,5.625,25.5625,57.0,OPEN,0.06495,1.29085,6.2121,6.2745,57.82,MEDIUM,42.44,0.0,124.36,36.57,27.67,0.2083,0.6495,1.0,1.0,20074.8,OK,IDLE,5.7044,25.6,14400.0,SIMULATED
2026-09-11 09:22:10,22.166666666666668,3,severe_disturbance_lid_open,5.6875,25.5625,56.0,OPEN,0.06603,1.31938,6.2876,6.3478,58.98,MEDIUM,40.35,0.0,123.3,35.02,27.5,0.2292,0.6603,1.0,1.0,19570.9,OK,IDLE,5.7182,25.6143,14400.0,SIMULATED
2026-09-11 09:22:20,22.333333333333332,3,severe_disturbance_lid_open,5.6875,25.625,57.0,OPEN,0.06698,1.34639,6.3027,6.3573,59.26,MEDIUM,39.33,0.0,123.2,34.53,27.33,0.2292,0.6698,1.0,1.0,19143.1,OK,IDLE,5.732,25.6286,14400.0,SIMULATED
2026-09-11 09:22:30,22.5,3,severe_disturbance_lid_open,5.75,25.6875,58.0,OPEN,0.06795,1.37405,6.3776,6.4295,60.39,HIGH,37.44,0.0,122.12,33.11,27.17,0.25,0.6795,1.0,1.0,18758.4,OK,IDLE,5.7458,25.6429,14400.0,SIMULATED
2026-09-11 09:22:40,22.666666666666668,3,severe_disturbance_lid_open,5.6875,25.625,57.0,OPEN,0.06888,1.39513,6.3268,6.3763,59.83,MEDIUM,37.83,0.0,123.17,33.57,27.0,0.2292,0.6888,1.0,1.0,18410.4,OK,IDLE,5.7596,25.6571,14400.0,SIMULATED
2026-09-11 09:22:50,22.833333333333332,3,severe_disturbance_lid_open,5.875,25.625,57.0,OPEN,0.07027,1.41331,6.5216,6.5777,62.75,HIGH,34.2,0.0,120.14,30.24,26.83,0.2917,0.7027,1.0,1.0,18023.9,OK,IDLE,5.7735,25.6714,14400.0,SIMULATED
2026-09-11 09:23:00,23.0,3,severe_disturbance_lid_open,5.875,25.75,58.0,OPEN,0.07189,1.43118,6.5387,6.5939,63.23,HIGH,33.29,0.0,119.72,29.56,26.67,0.2917,0.7189,1.0,1.0,17664.7,OK,IDLE,5.7873,25.6857,14400.0,SIMULATED
2026-09-11 09:23:10,23.166666666666668,3,severe_disturbance_lid_open,5.75,25.6875,57.0,OPEN,0.07308,1.44473,6.4281,6.4808,61.92,HIGH,34.61,0.0,121.35,30.79,26.5,0.25,0.7308,1.0,1.0,17340.7,OK,IDLE,5.8011,25.7,14400.0,SIMULATED
2026-09-11 09:23:20,23.333333333333332,3,severe_disturbance_lid_open,5.75,25.6875,58.0,OPEN,0.0739,1.45698,6.4393,6.489,62.17,HIGH,34.03,0.0,120.96,30.45,26.33,0.25,0.739,1.0,1.0,17052.6,OK,IDLE,5.8149,25.7143,14400.0,SIMULATED
2026-09-11 09:23:30,23.5,3,severe_disturbance_lid_open,5.8125,25.8125,58.0,OPEN,0.07456,1.46708,6.5136,6.5581,63.2,HIGH,32.46,0.0,119.46,29.34,26.17,0.2708,0.7456,1.0,1.0,16813.1,OK,IDLE,5.8287,25.7286,14400.0,SIMULATED
2026-09-11 09:23:40,23.666666666666668,3,severe_disturbance_lid_open,5.8125,25.875,58.0,OPEN,0.07505,1.47443,6.5239,6.563,63.35,HIGH,31.98,0.0,118.93,29.15,26.0,0.2708,0.7505,1.0,1.0,16619.7,OK,IDLE,5.8425,25.7429,14400.0,SIMULATED
2026-09-11 09:23:50,23.833333333333332,3,severe_disturbance_lid_open,5.9375,25.75,59.0,OPEN,0.07607,1.48148,6.6505,6.6982,65.32,HIGH,29.99,0.0,116.8,27.11,25.83,0.3125,0.7607,1.0,1.0,16371.6,OK,IDLE,5.8563,25.7571,14400.0,SIMULATED
2026-09-11 09:24:00,24.0,3,severe_disturbance_lid_open,5.9375,25.75,59.0,OPEN,0.07721,1.48994,6.661,6.7096,65.66,HIGH,29.55,0.0,116.06,26.71,25.67,0.3125,0.7721,1.0,1.0,16128.0,OK,IDLE,5.8702,25.7714,14400.0,SIMULATED
2026-09-11 09:24:10,24.166666666666668,3,severe_disturbance_lid_open,5.875,25.8125,60.0,OPEN,0.07817,1.501,6.6123,6.6567,65.12,HIGH,29.91,0.0,115.97,27.18,25.5,0.2917,0.7817,1.0,1.0,15921.8,OK,IDLE,5.884,25.7857,14400.0,SIMULATED
2026-09-11 09:24:20,24.333333333333332,3,severe_disturbance_lid_open,5.9375,25.8125,59.0,OPEN,0.07912,1.50675,6.6823,6.7287,66.23,HIGH,28.69,0.0,114.19,26.07,25.33,0.3125,0.7912,1.0,1.0,15709.6,OK,IDLE,5.8978,25.8,14400.0,SIMULATED
2026-09-11 09:24:30,24.5,3,severe_disturbance_lid_open,5.9375,25.875,60.0,OPEN,0.07998,1.51029,6.6935,6.7373,66.49,HIGH,28.25,0.0,113.03,25.79,25.17,0.3125,0.7998,1.0,1.0,15521.6,OK,IDLE,5.9116,25.8143,14400.0,SIMULATED
2026-09-11 09:24:40,24.666666666666668,3,severe_disturbance_lid_open,5.875,25.8125,59.0,OPEN,0.08052,1.50801,6.639,6.6802,65.82,HIGH,28.84,0.0,112.75,26.39,25.0,0.2917,0.8052,1.0,1.0,15355.5,OK,IDLE,5.9254,25.8286,14400.0,SIMULATED
2026-09-11 09:24:50,24.833333333333332,3,severe_disturbance_lid_open,6.0625,25.8125,60.0,OPEN,0.0813,1.50318,6.8289,6.8755,68.56,HIGH,26.09,0.0,109.0,23.83,24.83,0.3542,0.813,1.0,1.0,15160.5,OK,IDLE,5.9392,25.8429,14400.0,SIMULATED
2026-09-11 09:25:00,25.0,3,severe_disturbance_lid_open,5.9375,25.8125,59.0,OPEN,0.08199,1.49228,6.7165,6.7574,67.1,HIGH,27.4,0.0,109.12,25.15,24.67,0.3125,0.8199,1.0,1.0,15006.3,OK,IDLE,5.9531,25.8571,14400.0,SIMULATED
2026-09-11 09:25:10,25.166666666666668,3,severe_disturbance_lid_open,6.0,25.875,59.0,OPEN,0.08254,1.4758,6.7862,6.8254,68.1,HIGH,26.28,0.0,106.65,24.23,24.5,0.3333,0.8254,1.0,1.0,14866.5,OK,IDLE,5.9669,25.8714,14400.0,SIMULATED
2026-09-11 09:25:20,25.333333333333332,3,severe_disturbance_lid_open,6.0,25.8125,60.0,OPEN,0.08291,1.45693,6.7906,6.8291,68.21,HIGH,26.13,0.0,104.98,24.12,24.33,0.3333,0.8291,1.0,1.0,14734.4,OK,IDLE,5.9807,25.8857,14400.0,SIMULATED
2026-09-11 09:25:30,25.5,3,severe_disturbance_lid_open,6.0,25.875,59.0,OPEN,0.08325,1.43211,6.7985,6.8325,68.31,HIGH,25.86,0.0,102.98,24.02,24.17,0.3333,0.8325,1.0,1.0,14631.9,OK,IDLE,5.9945,25.9,14400.0,SIMULATED
2026-09-11 09:25:40,25.666666666666668,3,severe_disturbance_lid_open,5.9375,25.9375,61.0,OPEN,0.08313,1.41045,6.7437,6.7688,67.44,HIGH,26.45,0.0,101.63,24.81,24.0,0.3125,0.8313,1.0,1.0,14582.7,OK,IDLE,6.0083,25.9143,14400.0,SIMULATED
2026-09-11 09:25:50,25.833333333333332,3,severe_disturbance_lid_open,6.0,25.9375,61.0,OPEN,0.08279,1.38958,6.8055,6.8279,68.17,HIGH,25.63,0.0,98.65,24.16,23.83,0.3333,0.8279,1.0,1.0,14549.3,OK,IDLE,6.0221,25.9286,14400.0,SIMULATED
2026-09-11 09:26:00,26.0,3,severe_disturbance_lid_open,6.125,25.9375,59.0,OPEN,0.08294,1.36507,6.9284,6.9544,69.88,HIGH,24.02,0.0,94.65,22.61,23.67,0.375,0.8294,1.0,1.0,14495.1,OK,IDLE,6.036,25.9429,14400.0,SIMULATED
2026-09-11 09:26:10,26.166666666666668,3,severe_disturbance_lid_open,6.0625,25.875,61.0,OPEN,0.08335,1.34258,6.869,6.896,69.17,HIGH,24.76,0.0,92.71,23.24,23.5,0.3542,0.8335,1.0,1.0,14436.7,OK,IDLE,6.0498,25.9571,14400.0,SIMULATED
2026-09-11 09:26:20,26.333333333333332,3,severe_disturbance_lid_open,6.125,25.9375,61.0,OPEN,0.08369,1.32018,6.9347,6.9619,70.11,HIGH,23.83,0.0,88.8,22.4,23.33,0.375,0.8369,1.0,1.0,14378.5,OK,IDLE,6.0636,25.9714,14400.0,SIMULATED
2026-09-11 09:26:30,26.5,3,severe_disturbance_lid_open,6.125,25.9375,61.0,OPEN,0.08389,1.2965,6.9376,6.9639,70.17,HIGH,23.74,0.0,85.39,22.35,23.17,0.375,0.8389,1.0,1.0,14326.6,OK,IDLE,6.0774,25.9857,14400.0,SIMULATED
2026-09-11 09:26:40,26.666666666666668,3,severe_disturbance_lid_open,6.0625,26.0625,61.0,OPEN,0.08408,1.27355,6.8836,6.9033,69.39,HIGH,24.31,0.0,82.2,23.04,23.0,0.3542,0.8408,1.0,1.0,14312.9,OK,IDLE,6.0912,26.0,14400.0,SIMULATED
2026-09-11 09:26:50,26.833333333333332,3,severe_disturbance_lid_open,6.0,26.0,61.0,OPEN,0.08384,1.25281,6.8211,6.8384,68.49,HIGH,25.13,0.0,78.76,23.85,22.83,0.3333,0.8384,1.0,1.0,14312.7,OK,IDLE,6.1051,26.0143,14400.0,SIMULATED
2026-09-11 09:27:00,27.0,3,severe_disturbance_lid_open,6.125,26.0,61.0,OPEN,0.08359,1.22955,6.9416,6.9609,70.08,HIGH,23.62,0.0,72.36,22.43,22.67,0.375,0.8359,1.0,1.0,14301.1,OK,IDLE,6.1189,26.0286,14400.0,SIMULATED
2026-09-11 09:27:10,27.166666666666668,3,severe_disturbance_lid_open,6.25,26.0625,61.0,OPEN,0.08359,1.20621,7.0652,7.0859,71.74,HIGH,22.01,0.0,65.87,20.93,22.5,0.4167,0.8359,1.0,1.0,14281.0,OK,IDLE,6.1327,26.0429,14400.0,SIMULATED
2026-09-11 09:27:20,27.333333333333332,3,severe_disturbance_lid_open,6.0625,26.0625,61.0,OPEN,0.08352,1.18465,6.8841,6.8977,69.22,HIGH,24.29,0.0,63.69,23.2,22.33,0.3542,0.8352,1.0,1.0,14302.7,OK,IDLE,6.1465,26.0571,14400.0,SIMULATED
2026-09-11 09:27:30,27.5,3,severe_disturbance_lid_open,6.1875,26.0,62.0,OPEN,0.0835,1.16612,7.0024,7.0225,70.88,HIGH,22.84,0.0,58.66,21.71,22.17,0.3958,0.835,1.0,1.0,14286.2,OK,IDLE,6.1604,26.0714,14400.0,SIMULATED
2026-09-11 09:27:40,27.666666666666668,3,severe_disturbance_lid_open,6.25,26.0625,62.0,OPEN,0.08379,1.14859,7.0663,7.0879,71.8,HIGH,21.98,0.0,54.89,20.88,22.0,0.4167,0.8379,1.0,1.0,14261.3,OK,IDLE,6.1742,26.0857,14400.0,SIMULATED
2026-09-11 09:27:50,27.833333333333332,3,severe_disturbance_lid_open,6.0625,25.9375,62.0,OPEN,0.08387,1.13355,6.8819,6.9012,69.33,HIGH,24.36,0.0,54.53,23.1,21.83,0.3542,0.8387,1.0,1.0,14250.5,OK,IDLE,6.188,26.1,14400.0,SIMULATED
2026-09-11 09:28:00,28.0,3,severe_disturbance_lid_open,6.1875,26.0625,61.0,OPEN,0.08392,1.11636,7.0075,7.0267,71.01,HIGH,22.7,0.0,50.29,21.6,21.67,0.3958,0.8392,1.0,1.0,14240.4,OK,IDLE,6.2018,26.1143,14400.0,SIMULATED
2026-09-11 09:28:10,28.166666666666668,3,severe_disturbance_lid_open,6.25,26.1875,62.0,OPEN,0.08385,1.09957,7.0722,7.0885,71.82,HIGH,21.81,0.0,47.42,20.87,21.5,0.4167,0.8385,1.0,1.0,14246.7,OK,IDLE,6.2156,26.1286,14400.0,SIMULATED
2026-09-11 09:28:20,28.333333333333332,3,severe_disturbance_lid_open,6.25,26.125,63.0,OPEN,0.08399,1.08487,7.0703,7.0899,71.86,HIGH,21.87,0.0,45.53,20.83,21.33,0.4167,0.8399,1.0,1.0,14234.4,OK,IDLE,6.2295,26.1429,14400.0,SIMULATED
2026-09-11 09:28:30,28.5,3,severe_disturbance_lid_open,6.25,26.1875,62.0,OPEN,0.08401,1.06762,7.0729,7.0901,71.87,HIGH,21.8,0.0,43.78,20.83,21.17,0.4167,0.8401,1.0,1.0,14235.4,OK,IDLE,6.2433,26.1571,14400.0,SIMULATED
2026-09-11 09:28:40,28.666666666666668,3,severe_disturbance_lid_open,6.3125,26.125,62.0,OPEN,0.08423,1.05051,7.1319,7.1548,72.77,HIGH,21.08,0.62,41.54,20.03,21.0,0.4375,0.8423,1.0,1.0,14204.8,OK,IDLE,6.2571,26.1714,14400.0,SIMULATED
2026-09-11 09:28:50,28.833333333333332,3,severe_disturbance_lid_open,6.25,26.0625,62.0,OPEN,0.08432,1.03253,7.071,7.0932,71.96,HIGH,21.85,2.83,40.88,20.75,20.83,0.4167,0.8432,1.0,1.0,14178.0,OK,IDLE,6.2709,26.1857,14400.0,SIMULATED
2026-09-11 09:29:00,29.0,3,severe_disturbance_lid_open,6.3125,26.1875,62.0,OPEN,0.08443,1.01595,7.1368,7.1568,72.83,HIGH,20.95,3.25,38.64,19.99,20.67,0.4375,0.8443,1.0,1.0,14164.5,OK,IDLE,6.2848,26.2,14400.0,SIMULATED
2026-09-11 09:29:10,29.166666666666668,3,severe_disturbance_lid_open,6.3125,26.1875,62.0,OPEN,0.08446,0.99654,7.1375,7.1571,72.84,HIGH,20.93,4.59,37.27,19.98,20.5,0.4375,0.8446,1.0,1.0,14153.1,OK,IDLE,6.2986,26.2143,14400.0,SIMULATED
2026-09-11 09:29:20,29.333333333333332,3,severe_disturbance_lid_open,6.25,26.3125,63.0,OPEN,0.084,0.98,7.0802,7.09,71.87,HIGH,21.6,6.24,36.95,20.83,20.33,0.4167,0.84,1.0,1.0,14197.5,OK,IDLE,6.3124,26.2286,14400.0,SIMULATED
2026-09-11 09:29:30,29.5,3,severe_disturbance_lid_open,6.3125,26.25,63.0,OPEN,0.08383,0.96452,7.1365,7.1508,72.65,HIGH,20.95,6.72,35.19,20.13,20.17,0.4375,0.8383,1.0,1.0,14215.5,OK,IDLE,6.3262,26.2429,14400.0,SIMULATED
2026-09-11 09:29:40,29.666666666666668,3,severe_disturbance_lid_open,6.4375,26.25,62.0,OPEN,0.08379,0.94597,7.2567,7.2754,74.31,HIGH,19.45,6.17,32.73,18.65,20.0,0.4792,0.8379,1.0,1.0,14208.2,OK,IDLE,6.3401,26.2571,14400.0,SIMULATED
2026-09-11 09:29:50,29.833333333333332,3,severe_disturbance_lid_open,6.375,26.25,63.0,OPEN,0.08376,0.93023,7.1964,7.2126,73.46,HIGH,20.21,7.75,32.67,19.4,19.83,0.4583,0.8376,1.0,1.0,14215.6,OK,IDLE,6.3539,26.2714,14400.0,SIMULATED
2026-09-11 09:30:00,30.0,3,severe_disturbance_lid_open,6.375,26.3125,63.0,OPEN,0.08382,0.91559,7.1982,7.2132,73.48,HIGH,20.16,8.46,31.86,19.39,19.67,0.4583,0.8382,1.0,1.0,14229.7,OK,IDLE,6.3677,26.2857,14400.0,SIMULATED
2026-09-11 09:30:10,30.166666666666668,3,severe_disturbance_lid_open,6.375,26.375,63.0,OPEN,0.08387,0.90087,7.1997,7.2137,73.5,HIGH,20.12,9.23,31.02,19.37,19.5,0.4583,0.8387,1.0,1.0,14249.1,OK,IDLE,6.3815,26.3,14400.0,SIMULATED
2026-09-11 09:30:20,30.333333333333332,3,severe_disturbance_lid_open,6.4375,26.25,63.0,OPEN,0.08384,0.88524,7.2554,7.2759,74.32,HIGH,19.48,9.28,29.69,18.64,19.33,0.4792,0.8384,1.0,1.0,14231.5,OK,IDLE,6.3954,26.3143,14400.0,SIMULATED
2026-09-11 09:30:30,30.5,3,severe_disturbance_lid_open,6.375,26.5,63.0,OPEN,0.08366,0.87106,7.203,7.2116,73.43,HIGH,20.04,10.49,29.59,19.42,19.17,0.4583,0.8366,1.0,1.0,14281.8,OK,IDLE,6.4092,26.3286,14400.0,SIMULATED
2026-09-11 09:30:40,30.666666666666668,3,severe_disturbance_lid_open,6.375,26.3125,63.0,OPEN,0.08331,0.85418,7.1942,7.2081,73.33,HIGH,20.26,11.22,29.3,19.51,19.0,0.4583,0.8331,1.0,1.0,14301.2,OK,IDLE,6.423,26.3429,14400.0,SIMULATED
2026-09-11 09:30:50,30.833333333333332,3,severe_disturbance_lid_open,6.375,26.3125,63.0,OPEN,0.08312,0.83751,7.1929,7.2062,73.27,HIGH,20.3,11.87,28.73,19.55,18.83,0.4583,0.8312,1.0,1.0,14324.0,OK,IDLE,6.4369,26.3571,14400.0,SIMULATED
2026-09-11 09:31:00,31.0,3,severe_disturbance_lid_open,6.4375,26.375,64.0,OPEN,0.08279,0.82309,7.2536,7.2654,74.0,HIGH,19.53,11.67,27.39,18.87,18.67,0.4792,0.8279,1.0,1.0,14355.4,OK,IDLE,6.4507,26.3714,14400.0,SIMULATED
2026-09-11 09:31:10,31.166666666666668,3,severe_disturbance_lid_open,6.375,26.375,64.0,OPEN,0.0821,0.81232,7.1901,7.196,72.96,HIGH,20.37,13.0,27.73,19.79,18.5,0.4583,0.821,1.0,1.0,14420.6,OK,IDLE,6.4645,26.3857,14400.0,SIMULATED
2026-09-11 09:31:20,31.333333333333332,3,severe_disturbance_lid_open,6.4375,26.375,64.0,OPEN,0.08145,0.80041,7.2464,7.252,73.6,HIGH,19.71,12.75,26.66,19.18,18.33,0.4792,0.8145,1.0,1.0,14487.4,OK,IDLE,6.4783,26.4,14400.0,SIMULATED
2026-09-11 09:31:30,31.5,3,severe_disturbance_lid_open,6.4375,26.3125,64.0,OPEN,0.08092,0.78978,7.2404,7.2467,73.44,HIGH,19.86,13.22,26.49,19.31,18.17,0.4792,0.8092,1.0,1.0,14549.7,OK,IDLE,6.4922,26.4143,14400.0,SIMULATED
2026-09-11 09:31:40,31.666666666666668,3,severe_disturbance_lid_open,6.5625,26.5,63.0,OPEN,0.08096,0.77644,7.3649,7.3721,75.12,HIGH,18.22,11.92,24.51,17.76,18.0,0.5208,0.8096,1.0,1.0,14606.2,OK,IDLE,6.506,26.4286,14400.0,SIMULATED
2026-09-11 09:31:50,31.833333333333332,3,severe_disturbance_lid_open,6.5625,26.4375,63.0,OPEN,0.08113,0.76054,7.3612,7.3738,75.17,HIGH,18.31,12.27,24.34,17.72,17.83,0.5208,0.8113,1.0,1.0,14629.4,OK,IDLE,6.5198,26.4429,14400.0,SIMULATED
2026-09-11 09:32:00,32.0,3,severe_disturbance_lid_open,6.5625,26.375,64.0,OPEN,0.08149,0.74503,7.3592,7.3774,75.28,HIGH,18.35,12.67,24.03,17.64,17.67,0.5208,0.8149,1.0,1.0,14618.9,OK,IDLE,6.5337,26.4571,14400.0,SIMULATED
2026-09-11 09:32:10,32.166666666666664,3,severe_disturbance_lid_open,6.5,26.4375,63.0,OPEN,0.08136,0.72912,7.3006,7.3136,74.41,HIGH,19.08,13.71,24.46,18.44,17.5,0.5,0.8136,1.0,1.0,14639.7,OK,IDLE,6.5475,26.4714,14400.0,SIMULATED
2026-09-11 09:32:20,32.333333333333336,3,severe_disturbance_lid_open,6.5625,26.5,63.0,OPEN,0.08117,0.70942,7.3618,7.3742,75.19,HIGH,18.29,13.2,23.38,17.71,17.33,0.5208,0.8117,1.0,1.0,14664.0,OK,IDLE,6.5613,26.4857,14400.0,SIMULATED
2026-09-11 09:32:30,32.5,3,severe_disturbance_lid_open,6.5625,26.5,64.0,OPEN,0.08086,0.69221,7.3601,7.3711,75.09,HIGH,18.33,13.47,23.18,17.78,17.17,0.5208,0.8086,1.0,1.0,14696.7,OK,IDLE,6.5752,26.5,14400.0,SIMULATED
2026-09-11 09:32:40,32.666666666666664,3,severe_disturbance_lid_open,6.5625,26.5,64.0,OPEN,0.08055,0.67901,7.358,7.368,75.0,HIGH,18.38,13.81,22.94,17.85,17.0,0.5208,0.8055,1.0,1.0,14735.2,OK,IDLE,6.589,26.5143,14400.0,SIMULATED
2026-09-11 09:32:50,32.833333333333336,3,severe_disturbance_lid_open,6.625,26.4375,65.0,OPEN,0.08017,0.66797,7.4143,7.4267,75.72,HIGH,17.69,13.27,22.12,17.15,16.83,0.5417,0.8017,1.0,1.0,14758.3,OK,IDLE,6.6028,26.5286,14400.0,SIMULATED
2026-09-11 09:33:00,33.0,3,severe_disturbance_lid_open,6.625,26.625,64.0,OPEN,0.0802,0.65481,7.4191,7.427,75.73,HIGH,17.58,13.28,21.88,17.14,16.67,0.5417,0.802,1.0,1.0,14809.3,OK,IDLE,6.6167,26.5429,14400.0,SIMULATED
2026-09-11 09:33:10,33.166666666666664,3,severe_disturbance_lid_open,6.75,26.625,63.0,OPEN,0.08081,0.63961,7.5398,7.5581,77.58,HIGH,16.02,11.88,20.15,15.47,16.5,0.5833,0.8081,1.0,1.0,14796.3,OK,IDLE,6.6305,26.5571,14400.0,SIMULATED
2026-09-11 09:33:20,33.333333333333336,3,severe_disturbance_lid_open,6.6875,26.6875,64.0,OPEN,0.08118,0.62239,7.4825,7.4993,76.85,HIGH,16.73,12.79,20.68,16.17,16.33,0.5625,0.8118,1.0,1.0,14792.6,OK,IDLE,6.6443,26.5714,14400.0,SIMULATED
2026-09-11 09:33:30,33.5,3,severe_disturbance_lid_open,6.625,26.625,64.0,OPEN,0.08113,0.60606,7.42,7.4363,76.01,HIGH,17.56,13.77,21.35,16.95,16.17,0.5417,0.8113,1.0,1.0,14792.2,OK,IDLE,6.6582,26.5857,14400.0,SIMULATED
2026-09-11 09:33:40,33.666666666666664,3,severe_disturbance_lid_open,6.625,26.5625,65.0,OPEN,0.08088,0.59263,7.4175,7.4338,75.93,HIGH,17.62,13.99,21.24,17.0,16.0,0.5417,0.8088,1.0,1.0,14791.7,OK,IDLE,6.672,26.6,14400.0,SIMULATED
2026-09-11 09:33:50,33.833333333333336,3,severe_disturbance_lid_open,6.6875,26.5,65.0,OPEN,0.08059,0.58056,7.4756,7.4934,76.68,HIGH,16.89,13.35,20.43,16.29,15.83,0.5625,0.8059,1.0,1.0,14781.4,OK,IDLE,6.6858,26.6143,14400.0,SIMULATED
2026-09-11 09:34:00,34.0,3,severe_disturbance_lid_open,6.6875,26.625,65.0,OPEN,0.08056,0.57174,7.4797,7.4931,76.67,HIGH,16.8,13.34,20.26,16.29,15.67,0.5625,0.8056,1.0,1.0,14798.3,OK,IDLE,6.6997,26.6286,14400.0,SIMULATED
2026-09-11 09:34:10,34.166666666666664,3,severe_disturbance_lid_open,6.6875,26.5625,65.0,OPEN,0.08064,0.5646,7.4774,7.4939,76.69,HIGH,16.85,13.5,20.19,16.28,15.5,0.5625,0.8064,1.0,1.0,14795.6,OK,IDLE,6.7135,26.6429,14400.0,SIMULATED
2026-09-11 09:34:20,34.333333333333336,3,severe_disturbance_lid_open,6.75,26.6875,65.0,OPEN,0.08072,0.56104,7.542,7.5572,77.55,HIGH,15.97,12.68,19.26,15.49,15.33,0.5833,0.8072,1.0,1.0,14801.5,OK,IDLE,6.7273,26.6571,14400.0,SIMULATED
2026-09-11 09:34:30,34.5,3,severe_disturbance_lid_open,6.6875,26.625,65.0,OPEN,0.08073,0.55655,7.4793,7.4948,76.72,HIGH,16.8,13.59,20.02,16.26,15.17,0.5625,0.8073,1.0,1.0,14805.8,OK,IDLE,6.7412,26.6714,14400.0,SIMULATED
2026-09-11 09:34:40,34.666666666666664,3,severe_disturbance_lid_open,6.8125,26.625,64.0,OPEN,0.08096,0.55093,7.6009,7.6221,78.45,HIGH,15.22,12.08,18.36,14.67,15.0,0.6042,0.8096,1.0,1.0,14775.2,OK,IDLE,6.755,26.6857,14400.0,SIMULATED
2026-09-11 09:34:50,34.833333333333336,3,severe_disturbance_lid_open,6.75,26.75,65.0,OPEN,0.08091,0.54404,7.5452,7.5591,77.61,HIGH,15.91,12.78,19.04,15.45,14.83,0.5833,0.8091,1.0,1.0,14789.3,OK,IDLE,6.7688,26.7,14400.0,SIMULATED
2026-09-11 09:35:00,35.0,3,severe_disturbance_lid_open,6.8125,26.6875,65.0,OPEN,0.08131,0.53865,7.6043,7.6256,78.56,HIGH,15.15,12.07,18.24,14.61,14.67,0.6042,0.8131,1.0,1.0,14758.6,OK,IDLE,6.7827,26.7143,14400.0,SIMULATED
2026-09-11 09:35:10,35.166666666666664,3,severe_disturbance_lid_open,6.875,26.8125,64.0,OPEN,0.08176,0.52802,7.671,7.6926,79.53,HIGH,14.26,11.16,17.35,13.76,14.5,0.625,0.8176,1.0,1.0,14726.8,OK,IDLE,6.7965,26.7286,14400.0,SIMULATED
2026-09-11 09:35:20,35.333333333333336,3,severe_disturbance_lid_open,6.75,26.6875,64.0,OPEN,0.08199,0.51325,7.5478,7.5699,77.93,HIGH,15.86,12.8,18.91,15.25,14.33,0.5833,0.8199,1.0,1.0,14692.8,OK,IDLE,6.8103,26.7429,14400.0,SIMULATED
2026-09-11 09:35:30,35.5,3,severe_disturbance_lid_open,6.875,26.75,65.0,OPEN,0.08234,0.50092,7.6731,7.6984,79.7,HIGH,14.22,11.16,17.27,13.66,14.17,0.625,0.8234,1.0,1.0,14640.2,OK,IDLE,6.8242,26.7571,14400.0,SIMULATED
2026-09-11 09:35:40,35.666666666666664,3,severe_disturbance_lid_open,6.875,26.875,65.0,OPEN,0.0827,0.48686,7.6798,7.702,79.55,HIGH,14.09,11.07,17.12,13.6,14.0,0.625,0.827,0.9737,1.0,14607.6,OK,IDLE,6.838,26.7714,14400.0,SIMULATED
2026-09-11 09:35:50,35.833333333333336,3,severe_disturbance_lid_open,6.875,26.75,65.0,OPEN,0.0828,0.47692,7.6776,7.703,79.38,HIGH,14.14,11.12,17.15,13.59,13.83,0.625,0.828,0.9538,1.0,14556.2,OK,IDLE,6.8519,26.7857,14400.0,SIMULATED
2026-09-11 09:36:00,36.0,3,severe_disturbance_lid_open,6.75,26.75,65.0,OPEN,0.08245,0.46948,7.5577,7.5745,77.46,HIGH,15.66,12.66,18.65,15.16,13.67,0.5833,0.8245,0.939,1.0,14555.5,OK,IDLE,6.8657,26.8,14400.0,SIMULATED
2026-09-11 09:36:10,36.166666666666664,3,severe_disturbance_lid_open,6.875,26.8125,65.0,OPEN,0.08245,0.45752,7.6808,7.6995,78.89,HIGH,14.08,11.09,17.07,13.64,13.5,0.625,0.8245,0.915,1.0,14543.9,OK,IDLE,6.8795,26.8143,14400.0,SIMULATED
2026-09-11 09:36:20,36.333333333333336,3,severe_disturbance_lid_open,6.8125,26.8125,65.0,OPEN,0.08225,0.44772,7.6202,7.635,77.8,HIGH,14.85,11.86,17.83,14.44,13.33,0.6042,0.8225,0.8954,1.0,14555.4,OK,IDLE,6.8934,26.8286,14400.0,SIMULATED
2026-09-11 09:36:30,36.5,3,severe_disturbance_lid_open,6.875,26.875,65.0,OPEN,0.0822,0.43905,7.6821,7.697,78.44,HIGH,14.05,11.06,17.05,13.69,13.17,0.625,0.822,0.8781,1.0,14566.0,OK,IDLE,6.9072,26.8429,14400.0,SIMULATED
2026-09-11 09:36:40,36.666666666666664,3,severe_disturbance_lid_open,6.9375,26.8125,65.0,OPEN,0.08237,0.4308,7.7408,7.7612,79.16,HIGH,13.32,10.32,16.31,12.9,13.0,0.6458,0.8237,0.8616,1.0,14543.6,OK,IDLE,6.9211,26.8571,14400.0,SIMULATED
2026-09-11 09:36:50,36.833333333333336,3,severe_disturbance_lid_open,6.9375,26.9375,65.0,OPEN,0.08244,0.42245,7.7456,7.7619,79.01,HIGH,13.23,10.28,16.19,12.89,12.83,0.6458,0.8244,0.8449,1.0,14546.9,OK,IDLE,6.9349,26.8714,14400.0,SIMULATED
2026-09-11 09:37:00,37.0,3,severe_disturbance_lid_open,6.9375,26.875,65.0,OPEN,0.08215,0.41365,7.7429,7.759,78.75,HIGH,13.28,10.32,16.24,12.93,12.67,0.6458,0.8215,0.8273,1.0,14550.7,OK,IDLE,6.9487,26.8857,14400.0,SIMULATED
2026-09-11 09:37:10,37.166666666666664,3,severe_disturbance_lid_open,7.0,26.8125,65.0,OPEN,0.08208,0.40416,7.8013,7.8208,79.37,HIGH,12.55,9.53,15.56,12.18,12.5,0.6667,0.8208,0.8083,1.0,14533.6,OK,IDLE,6.9626,26.9,14400.0,SIMULATED
2026-09-11 09:37:20,37.333333333333336,3,severe_disturbance_lid_open,6.875,26.9375,66.0,OPEN,0.08209,0.39666,7.6846,7.6959,77.56,HIGH,14.01,11.05,16.97,13.7,12.33,0.625,0.8209,0.7933,1.0,14566.1,OK,IDLE,6.9764,26.9143,14400.0,SIMULATED
2026-09-11 09:37:30,37.5,3,severe_disturbance_lid_open,7.0,26.9375,65.0,OPEN,0.0819,0.38722,7.804,7.819,78.98,HIGH,12.5,9.53,15.48,12.21,12.17,0.6667,0.819,0.7744,1.0,14575.9,OK,IDLE,6.9903,26.9286,14400.0,SIMULATED
2026-09-11 09:37:40,37.666666666666664,3,severe_disturbance_lid_open,6.9375,26.9375,66.0,OPEN,0.08168,0.38186,7.7425,7.7543,77.97,HIGH,13.29,10.3,16.27,13.01,12.0,0.6458,0.8168,0.7637,1.0,14604.9,OK,IDLE,7.0041,26.9429,14400.0,SIMULATED
2026-09-11 09:37:50,37.833333333333336,3,severe_disturbance_lid_open,7.0625,27.0,66.0,OPEN,0.08189,0.37895,7.8649,7.8814,79.65,HIGH,11.72,8.77,14.68,11.45,11.83,0.6875,0.8189,0.7579,1.0,14605.6,OK,IDLE,7.0179,26.9571,14400.0,SIMULATED
2026-09-11 09:38:00,38.0,3,severe_disturbance_lid_open,7.0625,27.0,65.0,OPEN,0.08179,0.37454,7.8647,7.8804,79.53,HIGH,11.73,8.76,14.7,11.46,11.67,0.6875,0.8179,0.7491,1.0,14610.7,OK,IDLE,7.0318,26.9714,14400.0,SIMULATED
2026-09-11 09:38:10,38.166666666666664,3,severe_disturbance_lid_open,6.9375,27.0,66.0,OPEN,0.08138,0.3687,7.7422,7.7513,77.62,HIGH,13.29,10.34,16.25,13.06,11.5,0.6458,0.8138,0.7374,1.0,14656.1,OK,IDLE,7.0456,26.9857,14400.0,SIMULATED
2026-09-11 09:38:20,38.333333333333336,3,severe_disturbance_lid_open,7.1875,26.9375,65.0,OPEN,0.08158,0.36146,7.9814,8.0033,80.87,HIGH,10.24,7.21,13.26,9.96,11.33,0.7292,0.8158,0.7229,1.0,14623.7,OK,IDLE,7.0595,27.0,14400.0,SIMULATED
2026-09-11 09:38:30,38.5,3,severe_disturbance_lid_open,7.0,27.0625,66.0,OPEN,0.08158,0.35878,7.8047,7.8158,78.32,HIGH,12.49,9.48,15.5,12.26,11.17,0.6667,0.8158,0.7176,1.0,14656.8,OK,IDLE,7.0733,27.0143,14400.0,SIMULATED
2026-09-11 09:38:40,38.666666666666664,3,severe_disturbance_lid_open,7.0625,27.0625,66.0,OPEN,0.08155,0.35604,7.8639,7.878,79.09,HIGH,11.74,8.71,14.77,11.5,11.0,0.6875,0.8155,0.7121,1.0,14671.3,OK,IDLE,7.0871,27.0286,14400.0,SIMULATED
2026-09-11 09:38:50,38.833333333333336,3,severe_disturbance_lid_open,7.125,27.0625,66.0,OPEN,0.08179,0.35289,7.9245,7.9429,79.93,HIGH,10.97,7.92,14.01,10.7,10.83,0.7083,0.8179,0.7058,1.0,14660.1,OK,IDLE,7.101,27.0429,14400.0,SIMULATED
2026-09-11 09:39:00,39.0,3,severe_disturbance_lid_open,7.1875,27.0,66.0,OPEN,0.08212,0.34906,7.9845,8.0087,80.79,HIGH,10.2,7.1,13.3,9.89,10.67,0.7292,0.8212,0.6981,1.0,14613.8,OK,IDLE,7.1148,27.0571,14400.0,SIMULATED
2026-09-11 09:39:10,39.166666666666664,3,severe_disturbance_lid_open,7.125,27.125,66.0,OPEN,0.08245,0.34439,7.9303,7.9495,79.96,HIGH,10.88,7.77,14.0,10.61,10.5,0.7083,0.8245,0.6888,1.0,14599.0,OK,IDLE,7.1287,27.0714,14400.0,SIMULATED
2026-09-11 09:39:20,39.333333333333336,3,severe_disturbance_lid_open,7.0625,27.125,65.0,OPEN,0.08251,0.33588,7.8705,7.8876,78.97,HIGH,11.64,8.56,14.73,11.36,10.33,0.6875,0.8251,0.6718,1.0,14596.5,OK,IDLE,7.1425,27.0857,14400.0,SIMULATED
2026-09-11 09:39:30,39.5,3,severe_disturbance_lid_open,7.1875,27.125,65.0,OPEN,0.08249,0.32735,7.9917,8.0124,80.46,HIGH,10.11,7.0,13.21,9.85,10.17,0.7292,0.8249,0.6547,1.0,14572.8,OK,IDLE,7.1564,27.1,14400.0,SIMULATED
2026-09-11 09:39:40,39.666666666666664,3,severe_disturbance_lid_open,7.1875,27.125,66.0,OPEN,0.0825,0.32148,7.9927,8.0125,80.35,HIGH,10.09,6.93,13.25,9.85,10.0,0.7292,0.825,0.643,1.0,14554.5,OK,IDLE,7.1702,27.1143,14400.0,SIMULATED
2026-09-11 09:39:50,39.833333333333336,3,severe_disturbance_lid_open,7.25,27.125,66.0,OPEN,0.08301,0.31423,8.0552,8.0801,81.19,CRITICAL,9.3,6.09,12.51,9.04,9.83,0.75,0.8301,0.6285,1.0,14507.5,OK,IDLE,7.1841,27.1286,14400.0,SIMULATED
2026-09-11 09:40:00,40.0,3,severe_disturbance_lid_open,7.25,27.125,66.0,OPEN,0.08359,0.30858,8.0585,8.0859,81.25,CRITICAL,9.26,6.02,12.51,8.97,9.67,0.75,0.8359,0.6172,1.0,14447.1,OK,IDLE,7.1979,27.1429,14400.0,SIMULATED
2026-09-11 09:40:10,40.166666666666664,3,severe_disturbance_lid_open,7.25,27.1875,66.0,OPEN,0.08415,0.30377,8.0643,8.0915,81.32,CRITICAL,9.2,5.92,12.47,8.91,9.5,0.75,0.8415,0.6075,1.0,14389.3,OK,IDLE,7.2118,27.1571,14400.0,SIMULATED
2026-09-11 09:40:20,40.333333333333336,3,severe_disturbance_lid_open,7.1875,27.1875,67.0,OPEN,0.08443,0.30211,8.0068,8.0318,80.54,CRITICAL,9.92,6.62,13.21,9.62,9.33,0.7292,0.8443,0.6042,1.0,14345.3,OK,IDLE,7.2256,27.1714,14400.0,SIMULATED
2026-09-11 09:40:30,40.5,3,severe_disturbance_lid_open,7.1875,27.1875,66.0,OPEN,0.08461,0.29943,8.009,8.0336,80.54,CRITICAL,9.89,6.6,13.18,9.6,9.17,0.7292,0.8461,0.5989,1.0,14304.5,OK,IDLE,7.2394,27.1857,14400.0,SIMULATED
2026-09-11 09:40:40,40.666666666666664,3,severe_disturbance_lid_open,7.25,27.1875,66.0,OPEN,0.08466,0.29575,8.0714,8.0966,81.31,CRITICAL,9.11,5.82,12.4,8.86,9.0,0.75,0.8466,0.5915,1.0,14260.7,OK,DEPLOYED,7.2533,27.2,14400.0,SIMULATED
2026-09-11 09:40:50,40.833333333333336,3,severe_disturbance_lid_open,7.25,27.25,65.0,OPEN,0.08453,0.28822,8.0749,8.0953,81.12,CRITICAL,9.07,5.79,12.36,8.87,8.83,0.75,0.8453,0.5764,1.0,14244.6,OK,DEPLOYED,7.2671,27.2143,14400.0,SIMULATED
2026-09-11 09:41:00,41.0,3,severe_disturbance_lid_open,7.3125,27.1875,66.0,OPEN,0.08437,0.28066,8.1338,8.1562,81.76,CRITICAL,8.34,5.04,11.65,8.15,8.67,0.7708,0.8437,0.5613,1.0,14217.1,OK,DEPLOYED,7.281,27.2286,14400.0,SIMULATED
2026-09-11 09:41:10,41.166666666666664,3,severe_disturbance_lid_open,7.3125,27.1875,67.0,OPEN,0.08428,0.27861,8.1348,8.1553,81.69,CRITICAL,8.33,5.04,11.62,8.16,8.5,0.7708,0.8428,0.5572,1.0,14200.3,OK,DEPLOYED,7.2948,27.2429,14400.0,SIMULATED
2026-09-11 09:41:20,41.333333333333336,3,severe_disturbance_lid_open,7.3125,27.3125,66.0,OPEN,0.08397,0.27727,8.1387,8.1522,81.57,CRITICAL,8.29,5.0,11.58,8.19,8.33,0.7708,0.8397,0.5545,1.0,14223.1,OK,DEPLOYED,7.3087,27.2571,14400.0,SIMULATED
2026-09-11 09:41:30,41.5,3,severe_disturbance_lid_open,7.3125,27.3125,67.0,OPEN,0.0836,0.27909,8.1368,8.1485,81.5,CRITICAL,8.31,5.04,11.58,8.22,8.17,0.7708,0.836,0.5582,1.0,14255.7,OK,DEPLOYED,7.3225,27.2714,14400.0,SIMULATED
2026-09-11 09:41:40,41.666666666666664,3,severe_disturbance_lid_open,7.3125,27.25,67.0,OPEN,0.08312,0.28284,8.1323,8.1437,81.43,CRITICAL,8.36,5.07,11.64,8.27,8.0,0.7708,0.8312,0.5657,1.0,14289.9,OK,DEPLOYED,7.3364,27.2857,14400.0,SIMULATED
2026-09-11 09:41:50,41.833333333333336,3,severe_disturbance_lid_open,7.3125,27.25,67.0,OPEN,0.08283,0.28471,8.1302,8.1408,81.38,CRITICAL,8.38,5.09,11.67,8.3,7.83,0.7708,0.8283,0.5694,1.0,14328.0,OK,DEPLOYED,7.3502,27.3,14400.0,SIMULATED
2026-09-11 09:42:00,42.0,3,severe_disturbance_lid_open,7.375,27.3125,67.0,OPEN,0.08279,0.28487,8.191,8.2029,82.2,CRITICAL,7.62,4.32,10.92,7.55,7.67,0.7917,0.8279,0.5697,1.0,14358.3,OK,DEPLOYED,7.3641,27.3143,14400.0,SIMULATED
2026-09-11 09:42:10,42.166666666666664,3,severe_disturbance_lid_open,7.375,27.3125,67.0,OPEN,0.08284,0.28641,8.1898,8.2034,82.25,CRITICAL,7.63,4.35,10.91,7.54,7.5,0.7917,0.8284,0.5728,1.0,14378.7,OK,DEPLOYED,7.3779,27.3286,14400.0,SIMULATED
2026-09-11 09:42:20,42.333333333333336,3,severe_disturbance_lid_open,7.375,27.375,66.0,OPEN,0.0827,0.28282,8.1906,8.202,82.13,CRITICAL,7.63,4.35,10.9,7.56,7.33,0.7917,0.827,0.5656,1.0,14411.4,OK,DEPLOYED,7.3918,27.3429,14400.0,SIMULATED
2026-09-11 09:42:30,42.5,3,severe_disturbance_lid_open,7.3125,27.3125,67.0,OPEN,0.08235,0.27822,8.1259,8.136,81.1,CRITICAL,8.43,5.18,11.67,8.35,7.17,0.7708,0.8235,0.5564,1.0,14451.6,OK,DEPLOYED,7.4056,27.3571,14400.0,SIMULATED
2026-09-11 09:42:40,42.666666666666664,3,severe_disturbance_lid_open,7.375,27.375,67.0,OPEN,0.08195,0.27547,8.1857,8.1945,81.76,CRITICAL,7.67,4.46,10.89,7.63,7.0,0.7917,0.8195,0.5509,1.0,14499.3,OK,DEPLOYED,7.4195,27.3714,14400.0,SIMULATED
2026-09-11 09:42:50,42.833333333333336,3,severe_disturbance_lid_open,7.375,27.4375,66.0,OPEN,0.08145,0.27089,8.1844,8.1895,81.52,CRITICAL,7.68,4.49,10.88,7.67,6.83,0.7917,0.8145,0.5418,1.0,14569.2,OK,DEPLOYED,7.4333,27.3857,14400.0,SIMULATED
2026-09-11 09:43:00,43.0,3,severe_disturbance_lid_open,7.4375,27.375,67.0,OPEN,0.08116,0.27062,8.2396,8.2491,82.26,CRITICAL,6.97,3.78,10.16,6.93,6.67,0.8125,0.8116,0.5412,1.0,14611.9,OK,DEPLOYED,7.4472,27.4,14400.0,SIMULATED
2026-09-11 09:43:10,43.166666666666664,3,severe_disturbance_lid_open,7.4375,27.5,67.0,OPEN,0.08093,0.27025,8.2411,8.2468,82.19,CRITICAL,6.96,3.74,10.17,6.95,6.5,0.8125,0.8093,0.5405,1.0,14677.2,OK,DEPLOYED,7.461,27.4143,14400.0,SIMULATED
2026-09-11 09:43:20,43.333333333333336,3,severe_disturbance_lid_open,7.4375,27.375,67.0,OPEN,0.08105,0.26656,8.235,8.248,82.15,CRITICAL,7.01,3.8,10.22,6.94,6.33,0.8125,0.8105,0.5331,1.0,14697.7,OK,DEPLOYED,7.4749,27.4286,14400.0,SIMULATED
2026-09-11 09:43:30,43.5,3,severe_disturbance_lid_open,7.4375,27.375,67.0,OPEN,0.08116,0.26313,8.2345,8.2491,82.11,CRITICAL,7.02,3.83,10.2,6.93,6.17,0.8125,0.8116,0.5263,1.0,14708.2,OK,DEPLOYED,7.4887,27.4429,14400.0,SIMULATED
2026-09-11 09:43:40,43.666666666666664,3,severe_disturbance_lid_open,7.5,27.5625,67.0,OPEN,0.08118,0.25958,8.3003,8.3118,82.88,CRITICAL,6.2,3.04,9.36,6.16,6.0,0.8333,0.8118,0.5192,1.0,14738.3,OK,DEPLOYED,7.5026,27.4571,14400.0,SIMULATED
2026-09-11 09:43:50,43.833333333333336,3,severe_disturbance_lid_open,7.5,27.5,67.0,OPEN,0.08106,0.25862,8.297,8.3106,82.82,CRITICAL,6.23,3.08,9.37,6.17,5.83,0.8333,0.8106,0.5172,1.0,14754.9,OK,DEPLOYED,7.5164,27.4714,14400.0,SIMULATED
2026-09-11 09:44:00,44.0,3,severe_disturbance_lid_open,7.5,27.5625,67.0,OPEN,0.08093,0.25927,8.2979,8.3093,82.8,CRITICAL,6.22,3.1,9.34,6.18,5.67,0.8333,0.8093,0.5185,1.0,14784.4,OK,DEPLOYED,7.5303,27.4857,14400.0,SIMULATED
2026-09-11 09:44:10,44.166666666666664,3,severe_disturbance_lid_open,7.5625,27.5625,67.0,OPEN,0.08092,0.26088,8.3573,8.3717,83.66,CRITICAL,5.45,2.34,8.56,5.41,5.5,0.8542,0.8092,0.5218,1.0,14795.9,OK,DEPLOYED,7.5441,27.5,14400.0,SIMULATED
2026-09-11 09:44:20,44.333333333333336,3,severe_disturbance_lid_open,7.625,27.5,66.0,OPEN,0.08106,0.2601,8.416,8.4356,84.52,CRITICAL,4.69,1.55,7.83,4.63,5.33,0.875,0.8106,0.5202,1.0,14774.6,OK,DEPLOYED,7.558,27.5143,14400.0,SIMULATED
2026-09-11 09:44:30,44.5,3,severe_disturbance_lid_open,7.5625,27.5,67.0,OPEN,0.08124,0.26041,8.3566,8.3749,83.75,CRITICAL,5.46,2.36,8.56,5.39,5.17,0.8542,0.8124,0.5208,1.0,14762.1,OK,DEPLOYED,7.5718,27.5286,14400.0,SIMULATED
2026-09-11 09:44:40,44.666666666666664,3,severe_disturbance_lid_open,7.625,27.5,67.0,OPEN,0.08136,0.26129,8.418,8.4386,84.63,CRITICAL,4.68,1.55,7.81,4.61,5.0,0.875,0.8136,0.5226,1.0,14735.7,OK,DEPLOYED,7.5857,27.5429,14400.0,SIMULATED
2026-09-11 09:44:50,44.833333333333336,3,severe_disturbance_lid_open,7.5625,27.625,67.0,OPEN,0.08154,0.25944,8.3626,8.3779,83.82,CRITICAL,5.42,2.31,8.52,5.37,4.83,0.8542,0.8154,0.5189,1.0,14742.4,OK,DEPLOYED,7.5996,27.5571,14400.0,SIMULATED
2026-09-11 09:45:00,45.0,3,severe_disturbance_lid_open,7.625,27.5625,67.0,OPEN,0.08169,0.25833,8.4214,8.4419,84.67,CRITICAL,4.66,1.54,7.77,4.59,4.67,0.875,0.8169,0.5167,1.0,14717.9,OK,DEPLOYED,7.6134,27.5714,14400.0,SIMULATED
2026-09-11 09:45:10,45.166666666666664,3,severe_disturbance_lid_open,7.5625,27.625,67.0,OPEN,0.08173,0.25755,8.3638,8.3798,83.84,CRITICAL,5.41,2.29,8.53,5.35,4.5,0.8542,0.8173,0.5151,1.0,14720.7,OK,DEPLOYED,7.6273,27.5857,14400.0,SIMULATED
2026-09-11 09:45:20,45.333333333333336,3,severe_disturbance_lid_open,7.6875,27.5625,67.0,OPEN,0.08217,0.25386,8.484,8.5092,85.56,CRITICAL,3.87,0.77,6.98,3.8,4.33,0.8958,0.8217,0.5077,1.0,14668.9,OK,DEPLOYED,7.6411,27.6,14400.0,SIMULATED
2026-09-11 09:45:30,45.5,3,severe_disturbance_lid_open,7.625,27.6875,67.0,OPEN,0.08226,0.24786,8.4295,8.4476,84.63,CRITICAL,4.61,1.5,7.72,4.56,4.17,0.875,0.8226,0.4957,1.0,14660.1,OK,DEPLOYED,7.655,27.6143,14400.0,SIMULATED
2026-09-11 09:45:40,45.666666666666664,3,severe_disturbance_lid_open,7.625,27.6875,67.0,OPEN,0.0824,0.24289,8.4302,8.449,84.58,CRITICAL,4.61,1.49,7.72,4.55,4.0,0.875,0.824,0.4858,1.0,14647.4,OK,DEPLOYED,7.6688,27.6286,14400.0,SIMULATED
2026-09-11 09:45:50,45.833333333333336,3,severe_disturbance_lid_open,7.625,27.625,66.0,OPEN,0.08249,0.23561,8.4291,8.4499,84.46,CRITICAL,4.61,1.51,7.72,4.55,3.83,0.875,0.8249,0.4712,1.0,14622.3,OK,DEPLOYED,7.6827,27.6429,14400.0,SIMULATED
2026-09-11 09:46:00,46.0,3,severe_disturbance_lid_open,7.8125,27.6875,67.0,OPEN,0.08302,0.22946,8.615,8.6427,87.0,CRITICAL,2.3,0.0,5.41,2.26,3.67,0.9375,0.8302,0.4589,1.0,14557.7,OK,DEPLOYED,7.6965,27.6571,14400.0,SIMULATED
2026-09-11 09:46:10,46.166666666666664,3,severe_disturbance_lid_open,7.75,27.8125,67.0,OPEN,0.08322,0.22392,8.5613,8.5822,86.11,CRITICAL,3.04,0.0,6.16,3.0,3.5,0.9167,0.8322,0.4478,1.0,14534.4,OK,DEPLOYED,7.7104,27.6714,14400.0,SIMULATED
2026-09-11 09:46:20,46.333333333333336,3,severe_disturbance_lid_open,7.75,27.625,67.0,OPEN,0.08346,0.21862,8.5571,8.5846,86.08,CRITICAL,3.05,0.0,6.16,3.0,3.33,0.9167,0.8346,0.4372,1.0,14472.8,OK,DEPLOYED,7.7243,27.6857,14400.0,SIMULATED
2026-09-11 09:46:30,46.5,3,severe_disturbance_lid_open,7.75,27.75,67.0,OPEN,0.08346,0.21329,8.5635,8.5846,85.97,CRITICAL,3.03,0.0,6.13,3.0,3.17,0.9167,0.8346,0.4266,1.0,14449.0,OK,DEPLOYED,7.7381,27.7,14400.0,SIMULATED
2026-09-11 09:46:40,46.666666666666664,3,severe_disturbance_lid_open,7.75,27.75,67.0,OPEN,0.08339,0.20775,8.5643,8.5839,85.84,CRITICAL,3.03,0.0,6.13,3.0,3.0,0.9167,0.8339,0.4155,1.0,14434.1,OK,DEPLOYED,7.752,27.7143,14400.0,SIMULATED
2026-09-11 09:46:50,46.833333333333336,3,severe_disturbance_lid_open,7.75,27.75,67.0,OPEN,0.08337,0.20187,8.5649,8.5837,85.72,CRITICAL,3.02,0.0,6.13,3.0,2.83,0.9167,0.8337,0.4037,1.0,14423.8,OK,DEPLOYED,7.7658,27.7286,14400.0,SIMULATED
2026-09-11 09:47:00,47.0,3,severe_disturbance_lid_open,7.8125,27.75,68.0,OPEN,0.08349,0.19842,8.6262,8.6474,86.52,CRITICAL,2.27,0.0,5.38,2.25,2.67,0.9375,0.8349,0.3968,1.0,14399.8,OK,DEPLOYED,7.7797,27.7429,14400.0,SIMULATED
2026-09-11 09:47:10,47.166666666666664,3,severe_disturbance_lid_open,7.75,27.875,67.0,OPEN,0.08344,0.19353,8.5703,8.5844,85.57,CRITICAL,3.0,0.0,6.11,3.0,2.5,0.9167,0.8344,0.3871,1.0,14417.6,OK,DEPLOYED,7.7935,27.7571,14400.0,SIMULATED
2026-09-11 09:47:20,47.333333333333336,3,severe_disturbance_lid_open,7.875,27.8125,67.0,OPEN,0.08374,0.18745,8.6895,8.7124,87.2,CRITICAL,1.51,0.0,4.6,1.49,2.33,0.9583,0.8374,0.3749,1.0,14384.5,OK,DEPLOYED,7.8074,27.7714,14400.0,SIMULATED
2026-09-11 09:47:30,47.5,3,severe_disturbance_lid_open,7.875,27.8125,68.0,OPEN,0.08383,0.18613,8.6911,8.7133,87.21,CRITICAL,1.5,0.0,4.62,1.49,2.17,0.9583,0.8383,0.3723,1.0,14355.8,OK,DEPLOYED,7.8213,27.7857,14400.0,SIMULATED
2026-09-11 09:47:40,47.666666666666664,3,severe_disturbance_lid_open,7.8125,27.875,68.0,OPEN,0.08387,0.18503,8.6338,8.6512,86.36,CRITICAL,2.25,0.0,5.33,2.24,2.0,0.9375,0.8387,0.3701,1.0,14354.9,OK,DEPLOYED,7.8351,27.8,14400.0,SIMULATED
2026-09-11 09:47:50,47.833333333333336,3,severe_disturbance_lid_open,7.75,27.8125,67.0,OPEN,0.08344,0.18387,8.5703,8.5844,85.37,CRITICAL,3.0,0.0,6.07,3.0,1.83,0.9167,0.8344,0.3677,1.0,14373.0,OK,DEPLOYED,7.849,27.8143,14400.0,SIMULATED
2026-09-11 09:48:00,48.0,3,severe_disturbance_lid_open,7.875,27.75,67.0,OPEN,0.08331,0.18259,8.6884,8.7081,86.98,CRITICAL,1.51,0.0,4.59,1.5,1.67,0.9583,0.8331,0.3652,1.0,14358.1,OK,DEPLOYED,7.8628,27.8286,14400.0,SIMULATED
2026-09-11 09:48:10,48.166666666666664,3,severe_disturbance_lid_open,7.8125,27.8125,67.0,OPEN,0.08316,0.17816,8.63,8.6441,86.01,CRITICAL,2.26,0.0,5.27,2.25,1.5,0.9375,0.8316,0.3563,1.0,14376.2,OK,DEPLOYED,7.8767,27.8429,14400.0,SIMULATED
2026-09-11 09:48:20,48.333333333333336,3,severe_disturbance_lid_open,7.9375,27.875,68.0,OPEN,0.08289,0.17716,8.7517,8.7664,87.58,CRITICAL,0.75,0.0,3.82,0.75,1.33,0.9792,0.8289,0.3543,1.0,14389.9,OK,DEPLOYED,7.8906,27.8571,14400.0,SIMULATED
2026-09-11 09:48:30,48.5,3,severe_disturbance_lid_open,7.875,27.8125,66.0,OPEN,0.08302,0.1697,8.6889,8.7052,86.63,CRITICAL,1.51,0.0,4.54,1.51,1.17,0.9583,0.8302,0.3394,1.0,14394.8,OK,DEPLOYED,7.9044,27.8714,14400.0,SIMULATED
2026-09-11 09:48:40,48.666666666666664,3,severe_disturbance_lid_open,7.875,27.9375,68.0,OPEN,0.0828,0.16629,8.6921,8.703,86.5,CRITICAL,1.5,0.0,4.51,1.51,1.0,0.9583,0.828,0.3326,1.0,14430.8,OK,DEPLOYED,7.9183,27.8857,14400.0,SIMULATED
2026-09-11 09:48:50,48.833333333333336,3,severe_disturbance_lid_open,7.875,27.9375,67.0,OPEN,0.08243,0.16267,8.6897,8.6993,86.32,CRITICAL,1.51,0.0,4.5,1.52,0.83,0.9583,0.8243,0.3253,1.0,14473.8,OK,DEPLOYED,7.9322,27.9,14400.0,SIMULATED
2026-09-11 09:49:00,49.0,3,severe_disturbance_lid_open,7.9375,27.9375,67.0,OPEN,0.08226,0.15879,8.7481,8.7601,87.02,CRITICAL,0.76,0.0,3.77,0.76,0.67,0.9792,0.8226,0.3176,1.0,14502.5,OK,DEPLOYED,7.946,27.9143,14400.0,SIMULATED
2026-09-11 09:49:10,49.166666666666664,3,severe_disturbance_lid_open,7.9375,27.875,67.0,OPEN,0.08232,0.15466,8.7451,8.7607,86.95,CRITICAL,0.76,0.0,3.76,0.76,0.5,0.9792,0.8232,0.3093,1.0,14510.0,OK,DEPLOYED,7.9599,27.9286,14400.0,SIMULATED
2026-09-11 09:49:20,49.333333333333336,3,severe_disturbance_lid_open,7.9375,27.9375,67.0,OPEN,0.08229,0.15024,8.7467,8.7604,86.86,CRITICAL,0.76,0.0,3.72,0.76,0.33,0.9792,0.8229,0.3005,1.0,14528.3,OK,DEPLOYED,7.9737,27.9429,14400.0,SIMULATED
2026-09-11 09:49:30,49.5,3,severe_disturbance_lid_open,8.0,28.0,68.0,OPEN,0.08211,0.14543,8.808,8.8211,87.54,CRITICAL,0.0,0.0,2.97,0.0,0.17,1.0,0.8211,0.2909,1.0,14549.8,OK,DEPLOYED,7.9876,27.9571,14400.0,SIMULATED
2026-09-11 09:49:40,49.666666666666664,3,severe_disturbance_lid_open,7.9375,28.0,68.0,OPEN,0.08194,0.14007,8.7461,8.7569,86.55,CRITICAL,0.76,0.0,3.72,0.76,0.0,0.9792,0.8194,0.2801,1.0,14585.2,OK,DEPLOYED,8.0015,27.9714,14400.0,SIMULATED
2026-09-11 09:49:50,49.833333333333336,3,severe_disturbance_lid_open,8.0,27.8125,67.0,OPEN,0.08187,0.13412,8.7994,8.8187,87.24,CRITICAL,0.0,0.0,2.98,0.0,0.0,1.0,0.8187,0.2682,1.0,14569.1,OK,DEPLOYED,8.0153,27.9857,14400.0,SIMULATED
2026-09-11 09:50:00,50.0,3,severe_disturbance_lid_open,8.0625,27.9375,67.0,OPEN,0.08216,0.12768,8.8651,8.8841,87.2,CRITICAL,0.0,0.0,2.99,0.0,0.0,1.0,0.8216,0.2554,1.0,14555.6,OK,DEPLOYED,8.0292,28.0,14400.0,SIMULATED
2026-09-11 09:50:10,50.166666666666664,3,severe_disturbance_lid_open,8.0625,28.0,67.0,OPEN,0.08262,0.12079,8.8687,8.8887,87.2,CRITICAL,0.0,0.0,3.0,0.0,0.0,1.0,0.8262,0.2416,1.0,14536.4,OK,DEPLOYED,8.0431,28.0143,14400.0,SIMULATED
2026-09-11 09:50:20,50.333333333333336,3,severe_disturbance_lid_open,8.0,28.0,68.0,OPEN,0.08295,0.11634,8.8097,8.8295,87.21,CRITICAL,0.0,0.0,2.97,0.0,0.0,1.0,0.8295,0.2327,1.0,14518.8,OK,DEPLOYED,8.0569,28.0286,14400.0,SIMULATED
2026-09-11 09:50:30,50.5,3,severe_disturbance_lid_open,8.125,28.0625,68.0,OPEN,0.08329,0.11637,8.9343,8.9579,87.31,CRITICAL,0.0,0.0,2.94,0.0,0.0,1.0,0.8329,0.2327,1.0,14479.7,OK,DEPLOYED,8.0708,28.0429,14400.0,SIMULATED
2026-09-11 09:50:40,50.666666666666664,3,severe_disturbance_lid_open,8.0625,28.0,68.0,OPEN,0.08337,0.11649,8.8736,8.8962,87.34,CRITICAL,0.0,0.0,2.93,0.0,0.0,1.0,0.8337,0.233,1.0,14447.0,OK,DEPLOYED,8.0846,28.0571,14400.0,SIMULATED
2026-09-11 09:50:50,50.833333333333336,3,severe_disturbance_lid_open,8.125,28.0,67.0,OPEN,0.08354,0.11362,8.9359,8.9604,87.33,CRITICAL,0.0,0.0,2.9,0.0,0.0,1.0,0.8354,0.2272,1.0,14403.9,OK,DEPLOYED,8.0985,28.0714,14400.0,SIMULATED
2026-09-11 09:51:00,51.0,3,severe_disturbance_lid_open,8.0625,28.0,67.0,OPEN,0.08352,0.10562,8.8771,8.8977,87.17,CRITICAL,0.0,0.0,2.89,0.0,0.0,1.0,0.8352,0.2112,1.0,14383.7,OK,DEPLOYED,8.1124,28.0857,14400.0,SIMULATED
2026-09-11 09:51:10,51.166666666666664,3,severe_disturbance_lid_open,8.1875,28.0625,68.0,OPEN,0.08382,0.09963,9.0017,9.0257,87.14,CRITICAL,0.0,0.0,2.87,0.0,0.0,1.0,0.8382,0.1993,1.0,14344.3,OK,DEPLOYED,8.1262,28.1,14400.0,SIMULATED
2026-09-11 09:51:20,51.333333333333336,3,severe_disturbance_lid_open,8.1875,28.125,68.0,OPEN,0.08428,0.09782,9.0064,9.0303,87.24,CRITICAL,0.0,0.0,2.85,0.0,0.0,1.0,0.8428,0.1956,1.0,14306.8,OK,DEPLOYED,8.1401,28.1143,14400.0,SIMULATED
2026-09-11 09:51:30,51.5,3,severe_disturbance_lid_open,8.1875,28.0625,67.0,OPEN,0.08475,0.09303,9.0071,9.035,87.29,CRITICAL,0.0,0.0,2.81,0.0,0.0,1.0,0.8475,0.1861,1.0,14247.9,OK,DEPLOYED,8.154,28.1286,14400.0,SIMULATED
2026-09-11 09:51:40,51.666666666666664,3,severe_disturbance_lid_open,8.125,28.1875,67.0,OPEN,0.08497,0.08902,8.9535,8.9747,87.27,CRITICAL,0.0,0.0,2.77,0.0,0.0,1.0,0.8497,0.178,1.0,14227.6,OK,DEPLOYED,8.1678,28.1429,14400.0,SIMULATED
2026-09-11 09:51:50,51.833333333333336,3,severe_disturbance_lid_open,8.1875,28.1875,68.0,OPEN,0.08512,0.08839,9.0152,9.0387,87.3,CRITICAL,0.0,0.0,2.72,0.0,0.0,1.0,0.8512,0.1768,1.0,14195.1,OK,DEPLOYED,8.1817,28.1571,14400.0,SIMULATED
2026-09-11 09:52:00,52.0,3,severe_disturbance_lid_open,8.25,28.1875,67.0,OPEN,0.08531,0.08719,9.0776,9.1031,87.34,CRITICAL,0.0,0.0,2.69,0.0,0.0,1.0,0.8531,0.1744,1.0,14151.7,OK,DEPLOYED,8.1956,28.1714,14400.0,SIMULATED
2026-09-11 09:52:10,52.166666666666664,3,severe_disturbance_lid_open,8.3125,28.1875,68.0,OPEN,0.08581,0.08845,9.1412,9.1706,87.51,CRITICAL,0.0,0.0,2.65,0.0,0.0,1.0,0.8581,0.1769,1.0,14087.9,OK,DEPLOYED,8.2094,28.1857,14400.0,SIMULATED
2026-09-11 09:52:20,52.333333333333336,3,severe_disturbance_lid_open,8.3125,28.25,68.0,OPEN,0.08644,0.09133,9.1474,9.1769,87.76,CRITICAL,0.0,0.0,2.6,0.0,0.0,1.0,0.8644,0.1827,1.0,14025.8,OK,DEPLOYED,8.2233,28.2,14400.0,SIMULATED
2026-09-11 09:52:30,52.5,3,severe_disturbance_lid_open,8.25,28.1875,68.0,OPEN,0.08688,0.0923,9.0887,9.1188,87.91,CRITICAL,0.0,0.0,2.52,0.0,0.0,1.0,0.8688,0.1846,1.0,13961.7,OK,DEPLOYED,8.2372,28.2143,14400.0,SIMULATED
2026-09-11 09:52:40,52.666666666666664,3,severe_disturbance_lid_open,8.1875,28.1875,68.0,OPEN,0.08675,0.09469,9.0307,9.055,87.92,CRITICAL,0.0,0.0,2.45,0.0,0.0,1.0,0.8675,0.1894,1.0,13929.5,OK,DEPLOYED,8.251,28.2286,14400.0,SIMULATED
2026-09-11 09:52:50,52.833333333333336,3,severe_disturbance_lid_open,8.25,28.25,67.0,OPEN,0.0865,0.09512,9.094,9.115,87.85,CRITICAL,0.0,0.0,2.38,0.0,0.0,1.0,0.865,0.1902,1.0,13915.5,OK,DEPLOYED,8.2649,28.2429,14400.0,SIMULATED
2026-09-11 09:53:00,53.0,3,severe_disturbance_lid_open,8.3125,28.25,67.0,OPEN,0.08625,0.09124,9.1546,9.175,87.7,CRITICAL,0.0,0.0,2.32,0.0,0.0,1.0,0.8625,0.1825,1.0,13903.9,OK,DEPLOYED,8.2788,28.2571,14400.0,SIMULATED
2026-09-11 09:53:10,53.166666666666664,3,severe_disturbance_lid_open,8.3125,28.25,67.0,OPEN,0.08611,0.08719,9.1548,9.1736,87.58,CRITICAL,0.0,0.0,2.25,0.0,0.0,1.0,0.8611,0.1744,1.0,13900.8,OK,DEPLOYED,8.2927,28.2714,14400.0,SIMULATED
2026-09-11 09:53:20,53.333333333333336,3,severe_disturbance_lid_open,8.3125,28.3125,68.0,OPEN,0.08596,0.08588,9.1565,9.1721,87.51,CRITICAL,0.0,0.0,2.18,0.0,0.0,1.0,0.8596,0.1718,1.0,13915.5,OK,DEPLOYED,8.3065,28.2857,14400.0,SIMULATED
2026-09-11 09:53:30,53.5,3,severe_disturbance_lid_open,8.1875,28.25,67.0,OPEN,0.08536,0.08353,9.0314,9.0411,87.28,CRITICAL,0.0,0.0,2.09,0.0,0.0,1.0,0.8536,0.1671,1.0,13962.0,OK,DEPLOYED,8.3204,28.3,14400.0,SIMULATED
2026-09-11 09:53:40,53.666666666666664,3,severe_disturbance_lid_open,8.375,28.375,68.0,OPEN,0.08491,0.08331,9.2138,9.2241,87.14,CRITICAL,0.0,0.0,2.03,0.0,0.0,1.0,0.8491,0.1666,1.0,14004.5,OK,DEPLOYED,8.3343,28.3143,14400.0,SIMULATED
2026-09-11 09:53:50,53.833333333333336,3,severe_disturbance_lid_open,8.1875,28.4375,68.0,OPEN,0.08413,0.0845,9.0303,9.0288,86.93,CRITICAL,0.0,0.0,1.96,0.0,0.0,1.0,0.8413,0.169,1.0,14113.9,OK,DEPLOYED,8.3481,28.3286,14400.0,SIMULATED
2026-09-11 09:54:00,54.0,3,severe_disturbance_lid_open,8.4375,28.375,67.0,OPEN,0.08376,0.08371,9.2649,9.2751,86.8,CRITICAL,0.0,0.0,1.88,0.0,0.0,1.0,0.8376,0.1674,1.0,14156.0,OK,DEPLOYED,8.362,28.3429,14400.0,SIMULATED
2026-09-11 09:54:10,54.166666666666664,3,severe_disturbance_lid_open,8.3125,28.3125,68.0,OPEN,0.08323,0.08439,9.1387,9.1448,86.66,CRITICAL,0.0,0.0,1.82,0.0,0.0,1.0,0.8323,0.1688,1.0,14221.5,OK,DEPLOYED,8.3759,28.3571,14400.0,SIMULATED
2026-09-11 09:54:20,54.333333333333336,3,severe_disturbance_lid_open,8.4375,28.3125,68.0,OPEN,0.08306,0.08601,9.2567,9.2681,86.64,CRITICAL,0.0,0.0,1.78,0.0,0.0,1.0,0.8306,0.172,1.0,14255.5,OK,DEPLOYED,8.3897,28.3714,14400.0,SIMULATED
2026-09-11 09:54:30,54.5,3,severe_disturbance_lid_open,8.375,28.375,67.0,OPEN,0.08306,0.08239,9.1966,9.2056,86.56,CRITICAL,0.0,0.0,1.71,0.0,0.0,1.0,0.8306,0.1648,1.0,14303.6,OK,DEPLOYED,8.4036,28.3857,14400.0,SIMULATED
2026-09-11 09:54:40,54.666666666666664,3,severe_disturbance_lid_open,8.4375,28.375,67.0,OPEN,0.0831,0.07795,9.2552,9.2685,86.49,CRITICAL,0.0,0.0,1.66,0.0,0.0,1.0,0.831,0.1559,1.0,14326.7,OK,DEPLOYED,8.4175,28.4,14400.0,SIMULATED
2026-09-11 09:54:50,54.833333333333336,3,severe_disturbance_lid_open,8.375,28.375,67.0,OPEN,0.08309,0.07293,9.1937,9.2059,86.39,CRITICAL,0.0,0.0,1.58,0.0,0.0,1.0,0.8309,0.1459,1.0,14355.6,OK,DEPLOYED,8.4314,28.4143,14400.0,SIMULATED
2026-09-11 09:55:00,55.0,3,severe_disturbance_lid_open,8.4375,28.5,68.0,OPEN,0.08297,0.07038,9.2566,9.2672,86.3,CRITICAL,0.0,0.0,1.52,0.0,0.0,1.0,0.8297,0.1408,1.0,14393.8,OK,DEPLOYED,8.4452,28.4286,14400.0,SIMULATED
2026-09-11 09:55:10,55.166666666666664,3,severe_disturbance_lid_open,8.4375,28.5,68.0,OPEN,0.08288,0.06944,9.2548,9.2663,86.25,CRITICAL,0.0,0.0,1.42,0.0,0.0,1.0,0.8288,0.1389,1.0,14426.5,OK,DEPLOYED,8.4591,28.4429,14400.0,SIMULATED
2026-09-11 09:55:20,55.333333333333336,3,severe_disturbance_lid_open,8.5,28.4375,68.0,OPEN,0.08271,0.06955,9.3117,9.3271,86.21,CRITICAL,0.0,0.0,1.37,0.0,0.0,1.0,0.8271,0.1391,1.0,14435.5,OK,DEPLOYED,8.473,28.4571,14400.0,SIMULATED
2026-09-11 09:55:30,55.5,3,severe_disturbance_lid_open,8.5,28.4375,68.0,OPEN,0.08279,0.07029,9.3115,9.3279,86.24,CRITICAL,0.0,0.0,1.29,0.0,0.0,1.0,0.8279,0.1406,1.0,14439.1,OK,DEPLOYED,8.4868,28.4714,14400.0,SIMULATED
2026-09-11 09:55:40,55.666666666666664,3,severe_disturbance_lid_open,8.5,28.5625,67.0,OPEN,0.08276,0.06853,9.3151,9.3276,86.2,CRITICAL,0.0,0.0,1.2,0.0,0.0,1.0,0.8276,0.1371,1.0,14465.7,OK,DEPLOYED,8.5007,28.4857,14400.0,SIMULATED
2026-09-11 09:55:50,55.833333333333336,3,severe_disturbance_lid_open,8.5,28.5,67.0,OPEN,0.08258,0.06501,9.3117,9.3258,86.07,CRITICAL,0.0,0.0,1.09,0.0,0.0,1.0,0.8258,0.13,1.0,14482.2,OK,DEPLOYED,8.5146,28.5,14400.0,SIMULATED
2026-09-11 09:56:00,56.0,3,severe_disturbance_lid_open,8.4375,28.4375,68.0,OPEN,0.08203,0.06016,9.2472,9.2578,85.81,CRITICAL,0.0,0.0,1.07,0.0,0.0,1.0,0.8203,0.1203,1.0,14518.8,OK,DEPLOYED,8.5285,28.5143,14400.0,SIMULATED
2026-09-11 09:56:10,56.166666666666664,3,severe_disturbance_lid_open,8.5,28.5625,67.0,OPEN,0.08188,0.0543,9.3097,9.3188,85.65,CRITICAL,0.0,0.0,1.03,0.0,0.0,1.0,0.8188,0.1086,1.0,14564.5,OK,DEPLOYED,8.5423,28.5286,14400.0,SIMULATED
2026-09-11 09:56:20,56.333333333333336,3,severe_disturbance_lid_open,8.5625,28.5625,68.0,OPEN,0.08193,0.05057,9.3686,9.3818,85.59,CRITICAL,0.0,0.0,1.0,0.0,0.0,1.0,0.8193,0.1011,1.0,14584.9,OK,DEPLOYED,8.5562,28.5429,14400.0,SIMULATED
2026-09-11 09:56:30,56.5,3,severe_disturbance_lid_open,8.625,28.625,68.0,OPEN,0.08223,0.04825,9.431,9.4473,85.63,CRITICAL,0.0,0.0,1.0,0.0,0.0,1.0,0.8223,0.0965,1.0,14586.9,OK,DEPLOYED,8.5701,28.5571,14400.0,SIMULATED
2026-09-11 09:56:40,56.666666666666664,3,severe_disturbance_lid_open,8.5625,28.5625,68.0,OPEN,0.08244,0.04682,9.3689,9.3869,85.67,CRITICAL,0.0,0.0,1.0,0.0,0.0,1.0,0.8244,0.0936,1.0,14579.1,OK,DEPLOYED,8.584,28.5714,14400.0,SIMULATED
2026-09-11 09:56:50,56.833333333333336,3,severe_disturbance_lid_open,8.5625,28.5625,68.0,OPEN,0.08251,0.04591,9.3694,9.3876,85.67,CRITICAL,0.0,0.0,1.0,0.0,0.0,1.0,0.8251,0.0918,1.0,14570.1,OK,DEPLOYED,8.5978,28.5857,14400.0,SIMULATED
2026-09-11 09:57:00,57.0,3,severe_disturbance_lid_open,8.625,28.625,68.0,OPEN,0.08258,0.04527,9.4324,9.4508,85.68,CRITICAL,0.0,0.0,1.0,0.0,0.0,1.0,0.8258,0.0905,1.0,14560.2,OK,DEPLOYED,8.6117,28.6,14400.0,SIMULATED
2026-09-11 09:57:10,57.166666666666664,3,severe_disturbance_lid_open,8.5625,28.625,68.0,OPEN,0.08258,0.04768,9.3722,9.3883,85.73,CRITICAL,0.0,0.0,1.0,0.0,0.0,1.0,0.8258,0.0954,1.0,14564.3,OK,DEPLOYED,8.6256,28.6143,14400.0,SIMULATED
2026-09-11 09:57:20,57.333333333333336,3,severe_disturbance_lid_open,8.625,28.625,67.0,OPEN,0.08245,0.04642,9.4323,9.4495,85.66,CRITICAL,0.0,0.0,1.0,0.0,0.0,1.0,0.8245,0.0928,1.0,14561.8,OK,DEPLOYED,8.6395,28.6286,14400.0,SIMULATED
2026-09-11 09:57:30,57.5,3,severe_disturbance_lid_open,8.6875,28.625,68.0,OPEN,0.08269,0.04544,9.4936,9.5144,85.72,CRITICAL,0.0,0.0,1.0,0.0,0.0,1.0,0.8269,0.0909,1.0,14538.1,OK,DEPLOYED,8.6533,28.6429,14400.0,SIMULATED
2026-09-11 09:57:40,57.666666666666664,3,severe_disturbance_lid_open,8.625,28.625,67.0,OPEN,0.08293,0.04466,9.4346,9.4543,85.77,CRITICAL,0.0,0.0,1.0,0.0,0.0,1.0,0.8293,0.0893,1.0,14520.9,OK,DEPLOYED,8.6672,28.6571,14400.0,SIMULATED
2026-09-11 09:57:50,57.833333333333336,3,severe_disturbance_lid_open,8.6875,28.8125,68.0,OPEN,0.08311,0.04697,9.502,9.5186,85.87,CRITICAL,0.0,0.0,1.0,0.0,0.0,1.0,0.8311,0.0939,1.0,14523.0,OK,DEPLOYED,8.6811,28.6714,14400.0,SIMULATED
2026-09-11 09:58:00,58.0,3,severe_disturbance_lid_open,8.75,28.6875,67.0,OPEN,0.08314,0.04563,9.5587,9.5814,85.85,CRITICAL,0.0,0.0,1.0,0.0,0.0,1.0,0.8314,0.0913,1.0,14489.5,OK,DEPLOYED,8.695,28.6857,14400.0,SIMULATED
2026-09-11 09:58:10,58.166666666666664,3,severe_disturbance_lid_open,8.6875,28.625,68.0,OPEN,0.08317,0.0446,9.4977,9.5192,85.84,CRITICAL,0.0,0.0,1.0,0.0,0.0,1.0,0.8317,0.0892,1.0,14463.1,OK,DEPLOYED,8.7089,28.7,14400.0,SIMULATED
2026-09-11 09:58:20,58.333333333333336,3,severe_disturbance_lid_open,8.8125,28.6875,68.0,OPEN,0.08329,0.04369,9.6221,9.6454,85.86,CRITICAL,0.0,0.0,1.0,0.0,0.0,1.0,0.8329,0.0874,1.0,14426.9,OK,DEPLOYED,8.7227,28.7143,14400.0,SIMULATED
2026-09-11 09:58:30,58.5,3,severe_disturbance_lid_open,8.6875,28.625,68.0,OPEN,0.08339,0.04572,9.5008,9.5214,85.93,CRITICAL,0.0,0.0,1.0,0.0,0.0,1.0,0.8339,0.0914,1.0,14406.6,OK,DEPLOYED,8.7366,28.7286,14400.0,SIMULATED
2026-09-11 09:58:40,58.666666666666664,3,severe_disturbance_lid_open,8.75,28.6875,68.0,OPEN,0.0834,0.0439,9.5642,9.584,85.9,CRITICAL,0.0,0.0,1.0,0.0,0.0,1.0,0.834,0.0878,1.0,14390.8,OK,DEPLOYED,8.7505,28.7429,14400.0,SIMULATED
2026-09-11 09:58:50,58.833333333333336,3,severe_disturbance_lid_open,8.8125,28.75,68.0,OPEN,0.08344,0.0451,9.6274,9.6469,85.94,CRITICAL,0.0,0.0,1.0,0.0,0.0,1.0,0.8344,0.0902,1.0,14377.1,OK,DEPLOYED,8.7644,28.7571,14400.0,SIMULATED
2026-09-11 09:59:00,59.0,3,severe_disturbance_lid_open,8.8125,28.6875,67.0,OPEN,0.08342,0.04261,9.626,9.6467,85.88,CRITICAL,0.0,0.0,1.0,0.0,0.0,1.0,0.8342,0.0852,1.0,14356.5,OK,DEPLOYED,8.7782,28.7714,14400.0,SIMULATED
2026-09-11 09:59:10,59.166666666666664,3,severe_disturbance_lid_open,8.75,28.8125,68.0,OPEN,0.08327,0.0404,9.5698,9.5827,85.79,CRITICAL,0.0,0.0,1.0,0.0,0.0,1.0,0.8327,0.0808,1.0,14381.5,OK,DEPLOYED,8.7921,28.7857,14400.0,SIMULATED
2026-09-11 09:59:20,59.333333333333336,3,severe_disturbance_lid_open,8.75,28.8125,67.0,OPEN,0.08295,0.03542,9.568,9.5795,85.59,CRITICAL,0.0,0.0,1.0,0.0,0.0,1.0,0.8295,0.0708,1.0,14414.1,OK,DEPLOYED,8.806,28.8,14400.0,SIMULATED
2026-09-11 09:59:30,59.5,3,severe_disturbance_lid_open,8.875,28.8125,67.0,OPEN,0.08279,0.0285,9.6874,9.7029,85.41,CRITICAL,0.0,0.0,1.0,0.0,0.0,1.0,0.8279,0.057,1.0,14423.0,OK,DEPLOYED,8.8199,28.8143,14400.0,SIMULATED
2026-09-11 09:59:40,59.666666666666664,3,severe_disturbance_lid_open,8.875,28.875,67.0,OPEN,0.08284,0.02319,9.6891,9.7034,85.32,CRITICAL,0.0,0.0,1.0,0.0,0.0,1.0,0.8284,0.0464,1.0,14438.8,OK,DEPLOYED,8.8338,28.8286,14400.0,SIMULATED
2026-09-11 09:59:50,59.833333333333336,3,severe_disturbance_lid_open,8.8125,28.875,68.0,OPEN,0.08259,0.02194,9.6272,9.6384,85.21,CRITICAL,0.0,0.0,1.0,0.0,0.0,1.0,0.8259,0.0439,1.0,14473.0,OK,DEPLOYED,8.8476,28.8429,14400.0,SIMULATED
2026-09-11 10:00:00,60.0,3,severe_disturbance_lid_open,8.875,28.875,67.0,OPEN,0.0824,0.01774,9.686,9.699,85.08,CRITICAL,0.0,0.0,1.0,0.0,0.0,1.0,0.824,0.0355,1.0,14495.3,OK,DEPLOYED,8.8615,28.8571,14400.0,SIMULATED
2026-09-11 10:00:10,60.166666666666664,3,severe_disturbance_lid_open,8.9375,28.8125,68.0,OPEN,0.08255,0.01432,9.7441,9.763,85.05,CRITICAL,0.0,0.0,1.0,0.0,0.0,1.0,0.8255,0.0286,1.0,14482.9,OK,DEPLOYED,8.8754,28.8714,14400.0,SIMULATED
2026-09-11 10:00:20,60.333333333333336,3,severe_disturbance_lid_open,8.9375,28.9375,68.0,OPEN,0.08284,0.01136,9.7491,9.7659,85.08,CRITICAL,0.0,0.0,1.0,0.0,0.0,1.0,0.8284,0.0227,1.0,14483.4,OK,DEPLOYED,8.8893,28.8857,14400.0,SIMULATED
2026-09-11 10:00:30,60.5,3,severe_disturbance_lid_open,9.0625,28.9375,68.0,OPEN,0.08333,0.01157,9.8714,9.8958,85.23,CRITICAL,0.0,0.0,1.0,0.0,0.0,1.0,0.8333,0.0231,1.0,14440.3,OK,DEPLOYED,8.9032,28.9,14400.0,SIMULATED
2026-09-11 10:00:40,60.666666666666664,3,severe_disturbance_lid_open,8.8125,28.9375,68.0,OPEN,0.0835,0.014,9.6313,9.6475,85.33,CRITICAL,0.0,0.0,1.0,0.0,0.0,1.0,0.835,0.028,1.0,14445.4,OK,DEPLOYED,8.9171,28.9143,14400.0,SIMULATED
2026-09-11 10:00:50,60.833333333333336,3,severe_disturbance_lid_open,8.8125,29.0,68.0,OPEN,0.08321,0.01799,9.6323,9.6446,85.32,CRITICAL,0.0,0.0,1.0,0.0,0.0,1.0,0.8321,0.036,1.0,14473.4,OK,DEPLOYED,8.9309,28.9286,14400.0,SIMULATED
2026-09-11 10:01:00,61.0,3,severe_disturbance_lid_open,9.0,28.9375,67.0,OPEN,0.08323,0.01725,9.811,9.8323,85.31,CRITICAL,0.0,0.0,1.0,0.0,0.0,1.0,0.8323,0.0345,1.0,14448.2,OK,DEPLOYED,8.9448,28.9429,14400.0,SIMULATED
2026-09-11 10:01:10,61.166666666666664,3,severe_disturbance_lid_open,9.0,29.0,68.0,OPEN,0.08321,0.01608,9.8139,9.8321,85.29,CRITICAL,0.0,0.0,1.0,0.0,0.0,1.0,0.8321,0.0322,1.0,14441.4,OK,DEPLOYED,8.9587,28.9571,14400.0,SIMULATED
2026-09-11 10:01:20,61.333333333333336,3,severe_disturbance_lid_open,8.9375,28.9375,68.0,OPEN,0.08327,0.01744,9.7518,9.7702,85.33,CRITICAL,0.0,0.0,1.0,0.0,0.0,1.0,0.8327,0.0349,1.0,14434.0,OK,DEPLOYED,8.9726,28.9714,14400.0,SIMULATED
2026-09-11 10:01:30,61.5,3,severe_disturbance_lid_open,9.0,29.0625,67.0,OPEN,0.08347,0.01773,9.8171,9.8347,85.4,CRITICAL,0.0,0.0,1.0,0.0,0.0,1.0,0.8347,0.0355,1.0,14430.6,OK,DEPLOYED,8.9865,28.9857,14400.0,SIMULATED
2026-09-11 10:01:40,61.666666666666664,3,severe_disturbance_lid_open,9.0625,29.0625,68.0,OPEN,0.0839,0.01726,9.8788,9.9015,85.51,CRITICAL,0.0,0.0,1.0,0.0,0.0,1.0,0.839,0.0345,1.0,14398.9,OK,DEPLOYED,9.0004,29.0,14400.0,SIMULATED
2026-09-11 10:01:50,61.833333333333336,3,severe_disturbance_lid_open,9.0625,29.0625,67.0,OPEN,0.0842,0.01332,9.8808,9.9045,85.53,CRITICAL,0.0,0.0,1.0,0.0,0.0,1.0,0.842,0.0266,1.0,14362.3,OK,DEPLOYED,9.0142,29.0143,14400.0,SIMULATED
2026-09-11 10:02:00,62.0,3,severe_disturbance_lid_open,9.0625,29.0,68.0,OPEN,0.08451,0.01275,9.8811,9.9076,85.61,CRITICAL,0.0,0.0,1.0,0.0,0.0,1.0,0.8451,0.0255,1.0,14310.7,OK,DEPLOYED,9.0281,29.0286,14400.0,SIMULATED
2026-09-11 10:02:10,62.166666666666664,3,severe_disturbance_lid_open,9.0625,28.9375,67.0,OPEN,0.08493,0.00874,9.8823,9.9118,85.65,CRITICAL,0.0,0.0,1.0,0.0,0.0,1.0,0.8493,0.0175,1.0,14243.4,OK,DEPLOYED,9.042,29.0429,14400.0,SIMULATED
2026-09-11 10:02:20,62.333333333333336,3,severe_disturbance_lid_open,9.0625,29.0625,68.0,OPEN,0.08553,0.00811,9.8905,9.9178,85.82,CRITICAL,0.0,0.0,1.0,0.0,0.0,1.0,0.8553,0.0162,1.0,14190.1,OK,DEPLOYED,9.0559,29.0571,14400.0,SIMULATED
2026-09-11 10:02:30,62.5,3,severe_disturbance_lid_open,9.0625,29.0625,68.0,OPEN,0.08619,0.00987,9.8944,9.9244,86.05,CRITICAL,0.0,0.0,1.0,0.0,0.0,1.0,0.8619,0.0197,1.0,14123.2,OK,DEPLOYED,9.0698,29.0714,14400.0,SIMULATED
2026-09-11 10:02:40,62.666666666666664,3,severe_disturbance_lid_open,9.125,29.125,68.0,OPEN,0.08681,0.01329,9.9612,9.9931,86.31,CRITICAL,0.0,0.0,1.0,0.0,0.0,1.0,0.8681,0.0266,1.0,14048.1,OK,DEPLOYED,9.0837,29.0857,14400.0,SIMULATED
2026-09-11 10:02:50,62.833333333333336,3,severe_disturbance_lid_open,9.0625,29.125,68.0,OPEN,0.08696,0.01787,9.9044,9.9321,86.45,CRITICAL,0.0,0.0,1.0,0.0,0.0,1.0,0.8696,0.0357,1.0,13996.6,OK,DEPLOYED,9.0975,29.1,14400.0,SIMULATED
2026-09-11 10:03:00,63.0,3,severe_disturbance_lid_open,9.0625,29.125,69.0,OPEN,0.08688,0.02317,9.9065,9.9313,86.53,CRITICAL,0.0,0.0,1.0,0.0,0.0,1.0,0.8688,0.0463,1.0,13961.1,OK,DEPLOYED,9.1114,29.1143,14400.0,SIMULATED
2026-09-11 10:03:10,63.166666666666664,3,severe_disturbance_lid_open,9.125,29.125,68.0,OPEN,0.08693,0.02593,9.9686,9.9943,86.6,CRITICAL,0.0,0.0,1.0,0.0,0.0,1.0,0.8693,0.0519,1.0,13921.8,OK,DEPLOYED,9.1253,29.1286,14400.0,SIMULATED
2026-09-11 10:03:20,63.333333333333336,3,severe_disturbance_lid_open,9.1875,29.1875,67.0,OPEN,0.08716,0.02396,10.0334,10.0591,86.63,CRITICAL,0.0,0.0,1.0,0.0,0.0,1.0,0.8716,0.0479,1.0,13883.1,OK,DEPLOYED,9.1392,29.1429,14400.0,SIMULATED
2026-09-11 10:03:30,63.5,3,severe_disturbance_lid_open,9.1875,29.125,67.0,OPEN,0.08745,0.02162,10.0338,10.062,86.67,CRITICAL,0.0,0.0,1.0,0.0,0.0,1.0,0.8745,0.0432,1.0,13832.2,OK,DEPLOYED,9.1531,29.1571,14400.0,SIMULATED
2026-09-11 10:03:40,63.666666666666664,3,severe_disturbance_lid_open,9.1875,29.1875,69.0,OPEN,0.08731,0.02189,10.0378,10.0606,86.63,CRITICAL,0.0,0.0,1.0,0.0,0.0,1.0,0.8731,0.0438,1.0,13810.1,OK,DEPLOYED,9.167,29.1714,14400.0,SIMULATED
2026-09-11 10:03:50,63.833333333333336,3,severe_disturbance_lid_open,9.0625,29.125,68.0,OPEN,0.08699,0.02389,9.9151,9.9324,86.57,CRITICAL,0.0,0.0,1.0,0.0,0.0,1.0,0.8699,0.0478,1.0,13817.2,OK,DEPLOYED,9.1809,29.1857,14400.0,SIMULATED
2026-09-11 10:04:00,64.0,3,severe_disturbance_lid_open,9.125,29.1875,68.0,OPEN,0.08609,0.0271,9.9751,9.9859,86.37,CRITICAL,0.0,0.0,1.0,0.0,0.0,1.0,0.8609,0.0542,1.0,13858.7,OK,DEPLOYED,9.1948,29.2,14400.0,SIMULATED
2026-09-11 10:04:10,64.16666666666667,3,severe_disturbance_lid_open,9.125,29.1875,68.0,OPEN,0.08543,0.0282,9.9716,9.9793,86.19,CRITICAL,0.0,0.0,1.0,0.0,0.0,1.0,0.8543,0.0564,1.0,13916.6,OK,DEPLOYED,9.2086,29.2143,14400.0,SIMULATED
2026-09-11 10:04:20,64.33333333333333,3,severe_disturbance_lid_open,9.1875,29.25,68.0,OPEN,0.08469,0.03069,10.0297,10.0344,86.02,CRITICAL,0.0,0.0,1.0,0.0,0.0,1.0,0.8469,0.0614,1.0,13990.7,OK,DEPLOYED,9.2225,29.2286,14400.0,SIMULATED
2026-09-11 10:04:30,64.5,3,severe_disturbance_lid_open,9.3125,29.3125,68.0,OPEN,0.08454,0.03414,10.1491,10.1579,86.04,CRITICAL,0.0,0.0,1.0,0.0,0.0,1.0,0.8454,0.0683,1.0,14041.7,OK,DEPLOYED,9.2364,29.2429,14400.0,SIMULATED
2026-09-11 10:04:40,64.66666666666667,3,severe_disturbance_lid_open,9.3125,29.3125,68.0,OPEN,0.08453,0.03532,10.1468,10.1578,86.06,CRITICAL,0.0,0.0,1.0,0.0,0.0,1.0,0.8453,0.0706,1.0,14080.4,OK,DEPLOYED,9.2503,29.2571,14400.0,SIMULATED
2026-09-11 10:04:50,64.83333333333333,3,severe_disturbance_lid_open,9.25,29.375,68.0,OPEN,0.08453,0.03482,10.0866,10.0953,86.06,CRITICAL,0.0,0.0,1.0,0.0,0.0,1.0,0.8453,0.0696,1.0,14131.5,OK,DEPLOYED,9.2642,29.2714,14400.0,SIMULATED
2026-09-11 10:05:00,65.0,3,severe_disturbance_lid_open,9.25,29.25,68.0,OPEN,0.08428,0.03303,10.0799,10.0928,85.95,CRITICAL,0.0,0.0,1.0,0.0,0.0,1.0,0.8428,0.0661,1.0,14158.0,OK,DEPLOYED,9.2781,29.2857,14400.0,SIMULATED
2026-09-11 10:05:10,65.16666666666667,3,severe_disturbance_lid_open,9.375,29.3125,68.0,OPEN,0.08432,0.03321,10.2019,10.2182,85.96,CRITICAL,0.0,0.0,1.0,0.0,0.0,1.0,0.8432,0.0664,1.0,14165.4,OK,DEPLOYED,9.292,29.3,14400.0,SIMULATED
2026-09-11 10:05:20,65.33333333333333,3,severe_disturbance_lid_open,9.375,29.375,68.0,OPEN,0.08446,0.03477,10.2038,10.2196,86.03,CRITICAL,0.0,0.0,1.0,0.0,0.0,1.0,0.8446,0.0695,1.0,14175.9,OK,DEPLOYED,9.3059,29.3143,14400.0,SIMULATED
2026-09-11 10:05:30,65.5,3,severe_disturbance_lid_open,9.25,29.3125,68.0,OPEN,0.08442,0.03728,10.0802,10.0942,86.07,CRITICAL,0.0,0.0,1.0,0.0,0.0,1.0,0.8442,0.0746,1.0,14196.7,OK,DEPLOYED,9.3198,29.3286,14400.0,SIMULATED
2026-09-11 10:05:40,65.66666666666667,3,severe_disturbance_lid_open,9.375,29.4375,68.0,OPEN,0.08453,0.04047,10.2046,10.2203,86.17,CRITICAL,0.0,0.0,1.0,0.0,0.0,1.0,0.8453,0.0809,1.0,14207.6,OK,DEPLOYED,9.3336,29.3429,14400.0,SIMULATED
2026-09-11 10:05:50,65.83333333333333,3,severe_disturbance_lid_open,9.375,29.4375,68.0,OPEN,0.08467,0.04118,10.2045,10.2217,86.22,CRITICAL,0.0,0.0,1.0,0.0,0.0,1.0,0.8467,0.0824,1.0,14209.9,OK,DEPLOYED,9.3475,29.3571,14400.0,SIMULATED
2026-09-11 10:06:00,66.0,3,severe_disturbance_lid_open,9.375,29.375,68.0,OPEN,0.08474,0.04006,10.2026,10.2224,86.22,CRITICAL,0.0,0.0,1.0,0.0,0.0,1.0,0.8474,0.0801,1.0,14197.5,OK,DEPLOYED,9.3614,29.3714,14400.0,SIMULATED
2026-09-11 10:06:10,66.16666666666667,3,severe_disturbance_lid_open,9.4375,29.3125,67.0,OPEN,0.08468,0.03765,10.2616,10.2843,86.16,CRITICAL,0.0,0.0,1.0,0.0,0.0,1.0,0.8468,0.0753,1.0,14168.6,OK,DEPLOYED,9.3753,29.3857,14400.0,SIMULATED
2026-09-11 10:06:20,66.33333333333333,3,severe_disturbance_lid_open,9.3125,29.5,68.0,OPEN,0.08426,0.03435,10.1466,10.1551,85.96,CRITICAL,0.0,0.0,1.0,0.0,0.0,1.0,0.8426,0.0687,1.0,14220.3,OK,DEPLOYED,9.3892,29.4,14400.0,SIMULATED
2026-09-11 10:06:30,66.5,3,severe_disturbance_lid_open,9.375,29.4375,68.0,OPEN,0.08387,0.03328,10.202,10.2137,85.83,CRITICAL,0.0,0.0,1.0,0.0,0.0,1.0,0.8387,0.0666,1.0,14253.5,OK,DEPLOYED,9.4031,29.4143,14400.0,SIMULATED
2026-09-11 10:06:40,66.66666666666667,3,severe_disturbance_lid_open,9.5625,29.4375,67.0,OPEN,0.08414,0.03091,10.3829,10.4039,85.86,CRITICAL,0.0,0.0,1.0,0.0,0.0,1.0,0.8414,0.0618,1.0,14233.3,OK,DEPLOYED,9.417,29.4286,14400.0,SIMULATED
2026-09-11 10:06:50,66.83333333333333,3,severe_disturbance_lid_open,9.4375,29.5,69.0,OPEN,0.08425,0.03344,10.2649,10.28,85.94,CRITICAL,0.0,0.0,1.0,0.0,0.0,1.0,0.8425,0.0669,1.0,14247.1,OK,DEPLOYED,9.4309,29.4429,14400.0,SIMULATED
2026-09-11 10:07:00,67.0,3,severe_disturbance_lid_open,9.4375,29.5,68.0,OPEN,0.08416,0.03645,10.2641,10.2791,85.98,CRITICAL,0.0,0.0,1.0,0.0,0.0,1.0,0.8416,0.0729,1.0,14261.2,OK,DEPLOYED,9.4448,29.4571,14400.0,SIMULATED
2026-09-11 10:07:10,67.16666666666667,3,severe_disturbance_lid_open,9.375,29.5,68.0,OPEN,0.08385,0.03979,10.2022,10.2135,85.95,CRITICAL,0.0,0.0,1.0,0.0,0.0,1.0,0.8385,0.0796,1.0,14296.2,OK,DEPLOYED,9.4587,29.4714,14400.0,SIMULATED
2026-09-11 10:07:20,67.33333333333333,3,severe_disturbance_lid_open,9.4375,29.4375,68.0,OPEN,0.08331,0.04337,10.258,10.2706,85.86,CRITICAL,0.0,0.0,1.0,0.0,0.0,1.0,0.8331,0.0867,1.0,14323.0,OK,DEPLOYED,9.4726,29.4857,14400.0,SIMULATED
2026-09-11 10:07:30,67.5,3,severe_disturbance_lid_open,9.5,29.5,68.0,OPEN,0.08289,0.04416,10.3184,10.3289,85.75,CRITICAL,0.0,0.0,1.0,0.0,0.0,1.0,0.8289,0.0883,1.0,14361.3,OK,DEPLOYED,9.4865,29.5,14400.0,SIMULATED
2026-09-11 10:07:40,67.66666666666667,3,severe_disturbance_lid_open,9.5,29.5,68.0,OPEN,0.08266,0.04586,10.3162,10.3266,85.72,CRITICAL,0.0,0.0,1.0,0.0,0.0,1.0,0.8266,0.0917,1.0,14400.2,OK,DEPLOYED,9.5003,29.5143,14400.0,SIMULATED
2026-09-11 10:07:50,67.83333333333333,3,severe_disturbance_lid_open,9.625,29.5,69.0,OPEN,0.08265,0.04809,10.4357,10.4515,85.76,CRITICAL,0.0,0.0,1.0,0.0,0.0,1.0,0.8265,0.0962,1.0,14407.1,OK,DEPLOYED,9.5142,29.5286,14400.0,SIMULATED
2026-09-11 10:08:00,68.0,3,severe_disturbance_lid_open,9.5,29.5,68.0,OPEN,0.08254,0.05061,10.314,10.3254,85.77,CRITICAL,0.0,0.0,1.0,0.0,0.0,1.0,0.8254,0.1012,1.0,14440.1,OK,DEPLOYED,9.5281,29.5429,14400.0,SIMULATED
2026-09-11 10:08:10,68.16666666666667,3,severe_disturbance_lid_open,9.5625,29.5625,68.0,OPEN,0.08262,0.05037,10.3753,10.3887,85.79,CRITICAL,0.0,0.0,1.0,0.0,0.0,1.0,0.8262,0.1007,1.0,14461.0,OK,DEPLOYED,9.542,29.5571,14400.0,SIMULATED
2026-09-11 10:08:20,68.33333333333333,3,severe_disturbance_lid_open,9.5,29.5625,68.0,OPEN,0.08242,0.05106,10.3134,10.3242,85.75,CRITICAL,0.0,0.0,1.0,0.0,0.0,1.0,0.8242,0.1021,1.0,14497.0,OK,DEPLOYED,9.5559,29.5714,14400.0,SIMULATED
2026-09-11 10:08:30,68.5,3,severe_disturbance_lid_open,9.5,29.5625,68.0,OPEN,0.0823,0.0524,10.3116,10.323,85.74,CRITICAL,0.0,0.0,1.0,0.0,0.0,1.0,0.823,0.1048,1.0,14529.4,OK,DEPLOYED,9.5698,29.5857,14400.0,SIMULATED
2026-09-11 10:08:40,68.66666666666667,3,severe_disturbance_lid_open,9.5,29.625,69.0,OPEN,0.08181,0.05705,10.311,10.3181,85.68,CRITICAL,0.0,0.0,1.0,0.0,0.0,1.0,0.8181,0.1141,1.0,14587.2,OK,DEPLOYED,9.5837,29.6,14400.0,SIMULATED
2026-09-11 10:08:50,68.83333333333333,3,severe_disturbance_lid_open,9.5625,29.5625,67.0,OPEN,0.08133,0.05821,10.3662,10.3758,85.56,CRITICAL,0.0,0.0,1.0,0.0,0.0,1.0,0.8133,0.1164,1.0,14628.9,OK,DEPLOYED,9.5976,29.6143,14400.0,SIMULATED
2026-09-11 10:09:00,69.0,3,severe_disturbance_lid_open,9.5625,29.625,67.0,OPEN,0.08099,0.05702,10.3656,10.3724,85.44,CRITICAL,0.0,0.0,1.0,0.0,0.0,1.0,0.8099,0.114,1.0,14687.5,OK,DEPLOYED,9.6115,29.6286,14400.0,SIMULATED
2026-09-11 10:09:10,69.16666666666667,3,severe_disturbance_lid_open,9.625,29.6875,68.0,OPEN,0.08083,0.0542,10.4253,10.4333,85.33,CRITICAL,0.0,0.0,1.0,0.0,0.0,1.0,0.8083,0.1084,1.0,14738.6,OK,DEPLOYED,9.6254,29.6429,14400.0,SIMULATED
2026-09-11 10:09:20,69.33333333333333,3,severe_disturbance_lid_open,9.625,29.625,68.0,OPEN,0.08055,0.05307,10.4207,10.4305,85.23,CRITICAL,0.0,0.0,1.0,0.0,0.0,1.0,0.8055,0.1061,1.0,14778.3,OK,DEPLOYED,9.6393,29.6571,14400.0,SIMULATED
2026-09-11 10:09:30,69.5,3,severe_disturbance_lid_open,9.75,29.6875,68.0,OPEN,0.08046,0.05019,10.5421,10.5546,85.14,CRITICAL,0.0,0.0,1.0,0.0,0.0,1.0,0.8046,0.1004,1.0,14800.7,OK,DEPLOYED,9.6532,29.6714,14400.0,SIMULATED
2026-09-11 10:09:40,69.66666666666667,3,severe_disturbance_lid_open,9.6875,29.6875,68.0,OPEN,0.08059,0.04599,10.4809,10.4934,85.1,CRITICAL,0.0,0.0,1.0,0.0,0.0,1.0,0.8059,0.092,1.0,14823.2,OK,DEPLOYED,9.6671,29.6857,14400.0,SIMULATED
2026-09-11 10:09:50,69.83333333333333,3,severe_disturbance_lid_open,9.6875,29.6875,68.0,OPEN,0.0808,0.04076,10.4805,10.4955,85.05,CRITICAL,0.0,0.0,1.0,0.0,0.0,1.0,0.808,0.0815,1.0,14830.4,OK,DEPLOYED,9.681,29.7,14400.0,SIMULATED
2026-09-11 10:10:00,70.0,3,severe_disturbance_lid_open,9.6875,29.75,68.0,OPEN,0.0808,0.03767,10.4821,10.4955,84.99,CRITICAL,0.0,0.0,1.0,0.0,0.0,1.0,0.808,0.0753,1.0,14847.3,OK,DEPLOYED,9.6949,29.7143,14400.0,SIMULATED
2026-09-11 10:10:10,70.16666666666667,3,severe_disturbance_lid_open,9.625,29.75,68.0,OPEN,0.08058,0.03313,10.4203,10.4308,84.84,CRITICAL,0.0,0.0,1.0,0.0,0.0,1.0,0.8058,0.0663,1.0,14881.6,OK,DEPLOYED,9.7088,29.7286,14400.0,SIMULATED
2026-09-11 10:10:20,70.33333333333333,3,severe_disturbance_lid_open,9.75,29.8125,68.0,OPEN,0.08068,0.03042,10.5423,10.5568,84.81,CRITICAL,0.0,0.0,1.0,0.0,0.0,1.0,0.8068,0.0608,1.0,14891.1,OK,DEPLOYED,9.7227,29.7429,14400.0,SIMULATED
2026-09-11 10:10:30,70.5,3,severe_disturbance_lid_open,9.6875,29.625,68.0,OPEN,0.08074,0.02901,10.4758,10.4949,84.8,CRITICAL,0.0,0.0,1.0,0.0,0.0,1.0,0.8074,0.058,1.0,14872.2,OK,DEPLOYED,9.7366,29.7571,14400.0,SIMULATED
2026-09-11 10:10:40,70.66666666666667,3,severe_disturbance_lid_open,9.75,29.8125,67.0,OPEN,0.08126,0.02563,10.544,10.5626,84.89,CRITICAL,0.0,0.0,1.0,0.0,0.0,1.0,0.8126,0.0513,1.0,14857.6,OK,DEPLOYED,9.7505,29.7714,14400.0,SIMULATED
2026-09-11 10:10:50,70.83333333333333,3,severe_disturbance_lid_open,9.75,29.875,69.0,OPEN,0.08128,0.0267,10.5466,10.5628,84.92,CRITICAL,0.0,0.0,1.0,0.0,0.0,1.0,0.8128,0.0534,1.0,14857.0,OK,DEPLOYED,9.7644,29.7857,14400.0,SIMULATED
2026-09-11 10:11:00,71.0,3,severe_disturbance_lid_open,9.75,29.875,68.0,OPEN,0.08088,0.02792,10.5456,10.5588,84.82,CRITICAL,0.0,0.0,1.0,0.0,0.0,1.0,0.8088,0.0558,1.0,14875.2,OK,DEPLOYED,9.7783,29.8,14400.0,SIMULATED
2026-09-11 10:11:10,71.16666666666667,3,severe_disturbance_lid_open,9.8125,29.8125,68.0,OPEN,0.08082,0.02631,10.6035,10.6207,84.77,CRITICAL,0.0,0.0,1.0,0.0,0.0,1.0,0.8082,0.0526,1.0,14868.4,OK,DEPLOYED,9.7922,29.8143,14400.0,SIMULATED
2026-09-11 10:11:20,71.33333333333333,3,severe_disturbance_lid_open,9.8125,29.8125,67.0,OPEN,0.08092,0.0227,10.604,10.6217,84.73,CRITICAL,0.0,0.0,1.0,0.0,0.0,1.0,0.8092,0.0454,1.0,14858.8,OK,DEPLOYED,9.8061,29.8286,14400.0,SIMULATED
2026-09-11 10:11:30,71.5,3,severe_disturbance_lid_open,9.8125,29.8125,68.0,OPEN,0.08087,0.02065,10.6043,10.6212,84.67,CRITICAL,0.0,0.0,1.0,0.0,0.0,1.0,0.8087,0.0413,1.0,14853.9,OK,DEPLOYED,9.82,29.8429,14400.0,SIMULATED
2026-09-11 10:11:40,71.66666666666667,3,severe_disturbance_lid_open,9.875,29.8125,67.0,OPEN,0.08099,0.01388,10.6654,10.6849,84.58,CRITICAL,0.0,0.0,1.0,0.0,0.0,1.0,0.8099,0.0278,1.0,14832.9,OK,DEPLOYED,9.8339,29.8571,14400.0,SIMULATED
2026-09-11 10:11:50,71.83333333333333,3,severe_disturbance_lid_open,9.875,29.875,68.0,OPEN,0.08134,0.00962,10.6689,10.6884,84.6,CRITICAL,0.0,0.0,1.0,0.0,0.0,1.0,0.8134,0.0192,1.0,14812.8,OK,DEPLOYED,9.8478,29.8714,14400.0,SIMULATED
2026-09-11 10:12:00,72.0,3,severe_disturbance_lid_open,9.875,29.875,68.0,OPEN,0.08177,0.00417,10.6707,10.6927,84.61,CRITICAL,0.0,0.0,1.0,0.0,0.0,1.0,0.8177,0.0083,1.0,14778.3,OK,DEPLOYED,9.8617,29.8857,14400.0,SIMULATED
2026-09-11 10:12:10,72.16666666666667,3,severe_disturbance_lid_open,9.9375,30.0,68.0,OPEN,0.08236,0.00073,10.7379,10.7611,84.72,CRITICAL,0.0,0.0,1.0,0.0,0.0,1.0,0.8236,0.0015,1.0,14737.8,OK,DEPLOYED,9.8756,29.9,14400.0,SIMULATED
2026-09-11 10:12:20,72.33333333333333,3,severe_disturbance_lid_open,9.8125,29.875,68.0,OPEN,0.08261,-0.00425,10.6151,10.6386,84.78,CRITICAL,0.0,0.0,1.0,0.0,0.0,1.0,0.8261,0.0,1.0,14696.0,OK,DEPLOYED,9.8895,29.9143,14400.0,SIMULATED
2026-09-11 10:12:30,72.5,3,severe_disturbance_lid_open,9.9375,29.875,68.0,OPEN,0.08292,-0.00745,10.7387,10.7667,84.88,CRITICAL,0.0,0.0,1.0,0.0,0.0,1.0,0.8292,0.0,1.0,14628.5,OK,DEPLOYED,9.9034,29.9286,14400.0,SIMULATED
2026-09-11 10:12:40,72.66666666666667,3,severe_disturbance_lid_open,10.0,29.875,68.0,OPEN,0.08337,-0.0094,10.8031,10.8337,85.01,CRITICAL,0.0,0.0,1.0,0.0,0.0,1.0,0.8337,0.0,1.0,14547.5,OK,DEPLOYED,9.9173,29.9429,14400.0,SIMULATED
2026-09-11 10:12:50,72.83333333333333,3,severe_disturbance_lid_open,10.0,30.0,67.0,OPEN,0.084,-0.01334,10.8117,10.84,85.2,CRITICAL,0.0,0.0,1.0,0.0,0.0,1.0,0.84,0.0,1.0,14482.1,OK,DEPLOYED,9.9312,29.9571,14400.0,SIMULATED
2026-09-11 10:13:00,73.0,3,severe_disturbance_lid_open,9.875,30.0,68.0,OPEN,0.08414,-0.01572,10.6936,10.7164,85.24,CRITICAL,0.0,0.0,1.0,0.0,0.0,1.0,0.8414,0.0,1.0,14449.5,OK,DEPLOYED,9.9451,29.9714,14400.0,SIMULATED
2026-09-11 10:13:10,73.16666666666667,3,severe_disturbance_lid_open,10.0,29.9375,67.0,OPEN,0.08421,-0.0169,10.8143,10.8421,85.26,CRITICAL,0.0,0.0,1.0,0.0,0.0,1.0,0.8421,0.0,1.0,14388.6,OK,DEPLOYED,9.959,29.9857,14400.0,SIMULATED
2026-09-11 10:13:20,73.33333333333333,3,severe_disturbance_lid_open,10.0,30.0,67.0,OPEN,0.08433,-0.02002,10.8191,10.8433,85.3,CRITICAL,0.0,0.0,1.0,0.0,0.0,1.0,0.8433,0.0,1.0,14348.8,OK,DEPLOYED,9.9729,30.0,14400.0,SIMULATED
2026-09-11 10:13:30,73.5,3,severe_disturbance_lid_open,9.9375,30.0625,68.0,OPEN,0.08441,-0.02448,10.7623,10.7816,85.32,CRITICAL,0.0,0.0,1.0,0.0,0.0,1.0,0.8441,0.0,1.0,14337.8,OK,DEPLOYED,9.9868,30.0143,14400.0,SIMULATED
2026-09-11 10:13:40,73.66666666666667,3,severe_disturbance_lid_open,10.0625,30.0625,68.0,OPEN,0.08475,-0.02999,10.8847,10.91,85.42,CRITICAL,0.0,0.0,1.0,0.0,0.0,1.0,0.8475,0.0,1.0,14293.3,OK,DEPLOYED,10.0007,30.0286,14400.0,SIMULATED
2026-09-11 10:13:50,73.83333333333333,3,severe_disturbance_lid_open,9.9375,30.0,68.0,OPEN,0.08482,-0.03042,10.7637,10.7857,85.45,CRITICAL,0.0,0.0,1.0,0.0,0.0,1.0,0.8482,0.0,1.0,14267.9,OK,DEPLOYED,10.0146,30.0429,14400.0,SIMULATED
2026-09-11 10:14:00,74.0,3,severe_disturbance_lid_open,10.0,30.0625,68.0,OPEN,0.08445,-0.03014,10.8264,10.8445,85.34,CRITICAL,0.0,0.0,1.0,0.0,0.0,1.0,0.8445,0.0,1.0,14264.4,OK,DEPLOYED,10.0285,30.0571,14400.0,SIMULATED
2026-09-11 10:14:10,74.16666666666667,3,severe_disturbance_lid_open,10.0,30.0625,69.0,OPEN,0.08386,-0.02653,10.8251,10.8386,85.16,CRITICAL,0.0,0.0,1.0,0.0,0.0,1.0,0.8386,0.0,1.0,14286.6,OK,DEPLOYED,10.0424,30.0714,14400.0,SIMULATED
2026-09-11 10:14:20,74.33333333333333,3,severe_disturbance_lid_open,10.0625,30.0625,68.0,OPEN,0.08322,-0.02352,10.8832,10.8947,84.97,CRITICAL,0.0,0.0,1.0,0.0,0.0,1.0,0.8322,0.0,1.0,14319.8,OK,DEPLOYED,10.0563,30.0857,14400.0,SIMULATED
2026-09-11 10:14:30,74.5,3,severe_disturbance_lid_open,10.0625,30.0625,69.0,OPEN,0.08264,-0.01808,10.8804,10.8889,84.79,CRITICAL,0.0,0.0,1.0,0.0,0.0,1.0,0.8264,0.0,1.0,14370.3,OK,DEPLOYED,10.0702,30.1,14400.0,SIMULATED
2026-09-11 10:14:40,74.66666666666667,3,severe_disturbance_lid_open,10.125,30.1875,68.0,OPEN,0.08255,-0.01389,10.9425,10.9505,84.77,CRITICAL,0.0,0.0,1.0,0.0,0.0,1.0,0.8255,0.0,1.0,14423.1,OK,DEPLOYED,10.0841,30.1143,14400.0,SIMULATED
2026-09-11 10:14:50,74.83333333333333,3,severe_disturbance_lid_open,10.0625,30.1875,68.0,OPEN,0.08256,-0.01058,10.8797,10.8881,84.77,CRITICAL,0.0,0.0,1.0,0.0,0.0,1.0,0.8256,0.0,1.0,14473.6,OK,DEPLOYED,10.098,30.1286,14400.0,SIMULATED
2026-09-11 10:15:00,75.0,3,severe_disturbance_lid_open,10.0,30.125,68.0,OPEN,0.08221,-0.00788,10.8143,10.8221,84.66,CRITICAL,0.0,0.0,1.0,0.0,0.0,1.0,0.8221,0.0,1.0,14527.1,OK,DEPLOYED,10.1119,30.1429,14400.0,SIMULATED
2026-09-11 10:15:10,75.16666666666667,3,severe_disturbance_lid_open,10.125,30.125,67.0,OPEN,0.08189,-0.00847,10.9325,10.9439,84.57,CRITICAL,0.0,0.0,1.0,0.0,0.0,1.0,0.8189,0.0,1.0,14559.0,OK,DEPLOYED,10.1258,30.1571,14400.0,SIMULATED
2026-09-11 10:15:20,75.33333333333333,3,severe_disturbance_lid_open,10.125,30.1875,68.0,OPEN,0.08187,-0.0084,10.933,10.9437,84.56,CRITICAL,0.0,0.0,1.0,0.0,0.0,1.0,0.8187,0.0,1.0,14595.2,OK,DEPLOYED,10.1397,30.1714,14400.0,SIMULATED
2026-09-11 10:15:30,75.5,3,severe_disturbance_lid_open,10.1875,30.0625,68.0,OPEN,0.08217,-0.00788,10.9891,11.0092,84.65,CRITICAL,0.0,0.0,1.0,0.0,0.0,1.0,0.8217,0.0,1.0,14574.6,OK,DEPLOYED,10.1536,30.1857,14400.0,SIMULATED
2026-09-11 10:15:40,75.66666666666667,3,severe_disturbance_lid_open,10.125,30.1875,68.0,OPEN,0.08207,-0.00704,10.9329,10.9457,84.62,CRITICAL,0.0,0.0,1.0,0.0,0.0,1.0,0.8207,0.0,1.0,14597.8,OK,DEPLOYED,10.1675,30.2,14400.0,SIMULATED
2026-09-11 10:15:50,75.83333333333333,3,severe_disturbance_lid_open,10.125,30.1875,68.0,OPEN,0.08198,-0.00598,10.9317,10.9448,84.59,CRITICAL,0.0,0.0,1.0,0.0,0.0,1.0,0.8198,0.0,1.0,14619.3,OK,DEPLOYED,10.1815,30.2143,14400.0,SIMULATED
2026-09-11 10:16:00,76.0,3,severe_disturbance_lid_open,10.1875,30.25,68.0,OPEN,0.082,-0.00475,10.9934,11.0075,84.6,CRITICAL,0.0,0.0,1.0,0.0,0.0,1.0,0.82,0.0,1.0,14634.6,OK,DEPLOYED,10.1954,30.2286,14400.0,SIMULATED
2026-09-11 10:16:10,76.16666666666667,3,severe_disturbance_lid_open,10.125,30.25,67.0,OPEN,0.08184,-0.00628,10.9318,10.9434,84.55,CRITICAL,0.0,0.0,1.0,0.0,0.0,1.0,0.8184,0.0,1.0,14664.7,OK,DEPLOYED,10.2093,30.2429,14400.0,SIMULATED
2026-09-11 10:16:20,76.33333333333333,3,severe_disturbance_lid_open,10.1875,30.3125,68.0,OPEN,0.08184,-0.00973,10.9931,11.0059,84.55,CRITICAL,0.0,0.0,1.0,0.0,0.0,1.0,0.8184,0.0,1.0,14686.9,OK,DEPLOYED,10.2232,30.2571,14400.0,SIMULATED
2026-09-11 10:16:30,76.5,3,severe_disturbance_lid_open,10.25,30.3125,68.0,OPEN,0.08171,-0.01166,11.0525,11.0671,84.51,CRITICAL,0.0,0.0,1.0,0.0,0.0,1.0,0.8171,0.0,1.0,14698.3,OK,DEPLOYED,10.2371,30.2714,14400.0,SIMULATED
2026-09-11 10:16:40,76.66666666666667,3,severe_disturbance_lid_open,10.25,30.3125,68.0,OPEN,0.08156,-0.01254,11.0517,11.0656,84.47,CRITICAL,0.0,0.0,1.0,0.0,0.0,1.0,0.8156,0.0,1.0,14713.4,OK,DEPLOYED,10.251,30.2857,14400.0,SIMULATED
2026-09-11 10:16:50,76.83333333333333,3,severe_disturbance_lid_open,10.25,30.3125,67.0,OPEN,0.08188,-0.01849,11.0518,11.0688,84.57,CRITICAL,0.0,0.0,1.0,0.0,0.0,1.0,0.8188,0.0,1.0,14710.2,OK,DEPLOYED,10.2649,30.3,14400.0,SIMULATED
2026-09-11 10:17:00,77.0,3,severe_disturbance_lid_open,10.25,30.3125,68.0,OPEN,0.0821,-0.01922,11.0525,11.071,84.63,CRITICAL,0.0,0.0,1.0,0.0,0.0,1.0,0.821,0.0,1.0,14698.2,OK,DEPLOYED,10.2788,30.3143,14400.0,SIMULATED
2026-09-11 10:17:10,77.16666666666667,3,severe_disturbance_lid_open,10.375,30.3125,68.0,OPEN,0.08251,-0.01917,11.1752,11.2001,84.75,CRITICAL,0.0,0.0,1.0,0.0,0.0,1.0,0.8251,0.0,1.0,14648.0,OK,DEPLOYED,10.2927,30.3286,14400.0,SIMULATED
2026-09-11 10:17:20,77.33333333333333,3,severe_disturbance_lid_open,10.3125,30.3125,68.0,OPEN,0.08262,-0.01856,11.1168,11.1387,84.79,CRITICAL,0.0,0.0,1.0,0.0,0.0,1.0,0.8262,0.0,1.0,14617.0,OK,DEPLOYED,10.3066,30.3429,14400.0,SIMULATED
2026-09-11 10:17:30,77.5,3,severe_disturbance_lid_open,10.375,30.25,68.0,OPEN,0.08279,-0.01756,11.1772,11.2029,84.84,CRITICAL,0.0,0.0,1.0,0.0,0.0,1.0,0.8279,0.0,1.0,14563.9,OK,DEPLOYED,10.3205,30.3571,14400.0,SIMULATED
2026-09-11 10:17:40,77.66666666666667,3,severe_disturbance_lid_open,10.375,30.375,68.0,OPEN,0.08309,-0.01629,11.1839,11.2059,84.93,CRITICAL,0.0,0.0,1.0,0.0,0.0,1.0,0.8309,0.0,1.0,14533.6,OK,DEPLOYED,10.3344,30.3714,14400.0,SIMULATED
2026-09-11 10:17:50,77.83333333333333,3,severe_disturbance_lid_open,10.375,30.4375,68.0,OPEN,0.0834,-0.01483,11.1878,11.209,85.02,CRITICAL,0.0,0.0,1.0,0.0,0.0,1.0,0.834,0.0,1.0,14508.7,OK,DEPLOYED,10.3484,30.3857,14400.0,SIMULATED
2026-09-11 10:18:00,78.0,3,severe_disturbance_lid_open,10.3125,30.375,68.0,OPEN,0.08382,-0.01029,11.1273,11.1507,85.15,CRITICAL,0.0,0.0,1.0,0.0,0.0,1.0,0.8382,0.0,1.0,14471.7,OK,DEPLOYED,10.3623,30.4,14400.0,SIMULATED
2026-09-11 10:18:10,78.16666666666667,3,severe_disturbance_lid_open,10.4375,30.375,68.0,OPEN,0.08425,-0.00644,11.251,11.28,85.28,CRITICAL,0.0,0.0,1.0,0.0,0.0,1.0,0.8425,0.0,1.0,14403.4,OK,DEPLOYED,10.3762,30.4143,14400.0,SIMULATED
2026-09-11 10:18:20,78.33333333333333,3,severe_disturbance_lid_open,10.4375,30.4375,68.0,OPEN,0.08478,-0.00308,11.257,11.2853,85.43,CRITICAL,0.0,0.0,1.0,0.0,0.0,1.0,0.8478,0.0,1.0,14341.2,OK,DEPLOYED,10.3901,30.4286,14400.0,SIMULATED
2026-09-11 10:18:30,78.5,3,severe_disturbance_lid_open,10.3125,30.5,69.0,OPEN,0.08475,0.00279,11.1404,11.16,85.48,CRITICAL,0.0,0.0,1.0,0.0,0.0,1.0,0.8475,0.0056,1.0,14329.0,OK,DEPLOYED,10.404,30.4429,14400.0,SIMULATED
2026-09-11 10:18:40,78.66666666666667,3,severe_disturbance_lid_open,10.4375,30.4375,69.0,OPEN,0.08461,0.01033,11.2597,11.2836,85.59,CRITICAL,0.0,0.0,1.0,0.0,0.0,1.0,0.8461,0.0207,1.0,14292.5,OK,DEPLOYED,10.4179,30.4571,14400.0,SIMULATED
2026-09-11 10:18:50,78.83333333333333,3,severe_disturbance_lid_open,10.5,30.4375,68.0,OPEN,0.08448,0.01904,11.3215,11.3448,85.72,CRITICAL,0.0,0.0,1.0,0.0,0.0,1.0,0.8448,0.0381,1.0,14259.4,OK,DEPLOYED,10.4318,30.4714,14400.0,SIMULATED
2026-09-11 10:19:00,79.0,3,severe_disturbance_lid_open,10.5,30.5,69.0,OPEN,0.08445,0.0256,11.3248,11.3445,85.85,CRITICAL,0.0,0.0,1.0,0.0,0.0,1.0,0.8445,0.0512,1.0,14247.0,OK,DEPLOYED,10.4457,30.4857,14400.0,SIMULATED
2026-09-11 10:19:10,79.16666666666667,3,severe_disturbance_lid_open,10.4375,30.5625,68.0,OPEN,0.08422,0.02763,11.2662,11.2797,85.82,CRITICAL,0.0,0.0,1.0,0.0,0.0,1.0,0.8422,0.0553,1.0,14269.6,OK,DEPLOYED,10.4596,30.5,14400.0,SIMULATED
2026-09-11 10:19:20,79.33333333333333,3,severe_disturbance_lid_open,10.5,30.5,68.0,OPEN,0.08413,0.02934,11.3236,11.3413,85.83,CRITICAL,0.0,0.0,1.0,0.0,0.0,1.0,0.8413,0.0587,1.0,14268.0,OK,DEPLOYED,10.4736,30.5143,14400.0,SIMULATED
2026-09-11 10:19:30,79.5,3,severe_disturbance_lid_open,10.5,30.5,68.0,OPEN,0.08406,0.03082,11.3235,11.3406,85.83,CRITICAL,0.0,0.0,1.0,0.0,0.0,1.0,0.8406,0.0616,1.0,14270.0,OK,DEPLOYED,10.4875,30.5286,14400.0,SIMULATED
2026-09-11 10:19:40,79.66666666666667,3,severe_disturbance_lid_open,10.5625,30.5,68.0,OPEN,0.08446,0.03214,11.3849,11.4071,85.98,CRITICAL,0.0,0.0,1.0,0.0,0.0,1.0,0.8446,0.0643,1.0,14243.5,OK,DEPLOYED,10.5014,30.5429,14400.0,SIMULATED
2026-09-11 10:19:50,79.83333333333333,3,severe_disturbance_lid_open,10.5625,30.5625,68.0,OPEN,0.08493,0.03335,11.3891,11.4118,86.15,CRITICAL,0.0,0.0,1.0,0.0,0.0,1.0,0.8493,0.0667,1.0,14215.0,OK,DEPLOYED,10.5153,30.5571,14400.0,SIMULATED
2026-09-11 10:20:00,80.0,3,severe_disturbance_lid_open,10.4375,30.5,67.0,OPEN,0.08501,0.03162,11.2675,11.2876,86.13,CRITICAL,0.0,0.0,1.0,0.0,0.0,1.0,0.8501,0.0632,1.0,14201.4,OK,DEPLOYED,10.5292,30.5714,14400.0,SIMULATED
2026-09-11 10:20:10,80.16666666666667,3,severe_disturbance_lid_open,10.5,30.5625,69.0,OPEN,0.08492,0.03365,11.3303,11.3492,86.15,CRITICAL,0.0,0.0,1.0,0.0,0.0,1.0,0.8492,0.0673,1.0,14194.8,OK,DEPLOYED,10.5431,30.5857,14400.0,SIMULATED
2026-09-11 10:20:20,80.33333333333333,3,severe_disturbance_lid_open,10.5,30.5,68.0,OPEN,0.08445,0.03536,11.3276,11.3445,86.04,CRITICAL,0.0,0.0,1.0,0.0,0.0,1.0,0.8445,0.0707,1.0,14198.3,OK,DEPLOYED,10.557,30.6,14400.0,SIMULATED
2026-09-11 10:20:30,80.5,3,severe_disturbance_lid_open,10.625,30.6875,68.0,OPEN,0.08437,0.03684,11.4542,11.4687,86.05,CRITICAL,0.0,0.0,1.0,0.0,0.0,1.0,0.8437,0.0737,1.0,14215.7,OK,DEPLOYED,10.5709,30.6143,14400.0,SIMULATED
2026-09-11 10:20:40,80.66666666666667,3,severe_disturbance_lid_open,10.625,30.6875,68.0,OPEN,0.08428,0.03816,11.4532,11.4678,86.05,CRITICAL,0.0,0.0,1.0,0.0,0.0,1.0,0.8428,0.0763,1.0,14232.7,OK,DEPLOYED,10.5849,30.6286,14400.0,SIMULATED
2026-09-11 10:20:50,80.83333333333333,3,severe_disturbance_lid_open,10.6875,30.625,68.0,OPEN,0.08446,0.03642,11.5115,11.5321,86.07,CRITICAL,0.0,0.0,1.0,0.0,0.0,1.0,0.8446,0.0728,1.0,14215.6,OK,DEPLOYED,10.5988,30.6429,14400.0,SIMULATED
2026-09-11 10:21:00,81.0,3,severe_disturbance_lid_open,10.625,30.6875,67.0,OPEN,0.08456,0.03549,11.4539,11.4706,86.08,CRITICAL,0.0,0.0,1.0,0.0,0.0,1.0,0.8456,0.071,1.0,14220.6,OK,DEPLOYED,10.6127,30.6571,14400.0,SIMULATED
2026-09-11 10:21:10,81.16666666666667,3,severe_disturbance_lid_open,10.6875,30.6875,68.0,OPEN,0.0847,0.03522,11.5145,11.5345,86.11,CRITICAL,0.0,0.0,1.0,0.0,0.0,1.0,0.847,0.0704,1.0,14207.3,OK,DEPLOYED,10.6266,30.6714,14400.0,SIMULATED
2026-09-11 10:21:20,81.33333333333333,3,severe_disturbance_lid_open,10.6875,30.6875,68.0,OPEN,0.08497,0.03541,11.5157,11.5372,86.2,CRITICAL,0.0,0.0,1.0,0.0,0.0,1.0,0.8497,0.0708,1.0,14186.3,OK,DEPLOYED,10.6405,30.6857,14400.0,SIMULATED
2026-09-11 10:21:30,81.5,3,severe_disturbance_lid_open,10.6875,30.6875,67.0,OPEN,0.08524,0.03012,11.5173,11.5399,86.17,CRITICAL,0.0,0.0,1.0,0.0,0.0,1.0,0.8524,0.0602,1.0,14159.3,OK,DEPLOYED,10.6544,30.7,14400.0,SIMULATED
2026-09-11 10:21:40,81.66666666666667,3,severe_disturbance_lid_open,10.625,30.75,68.0,OPEN,0.08525,0.02679,11.4599,11.4775,86.11,CRITICAL,0.0,0.0,1.0,0.0,0.0,1.0,0.8525,0.0536,1.0,14160.6,OK,DEPLOYED,10.6683,30.7143,14400.0,SIMULATED
2026-09-11 10:21:50,81.83333333333333,3,severe_disturbance_lid_open,10.6875,30.75,68.0,OPEN,0.08536,0.0219,11.5207,11.5411,86.05,CRITICAL,0.0,0.0,1.0,0.0,0.0,1.0,0.8536,0.0438,1.0,14145.9,OK,DEPLOYED,10.6823,30.7286,14400.0,SIMULATED
2026-09-11 10:22:00,82.0,3,severe_disturbance_lid_open,10.6875,30.75,68.0,OPEN,0.08547,0.01875,11.5216,11.5422,86.02,CRITICAL,0.0,0.0,1.0,0.0,0.0,1.0,0.8547,0.0375,1.0,14130.3,OK,DEPLOYED,10.6962,30.7429,14400.0,SIMULATED
2026-09-11 10:22:10,82.16666666666667,3,severe_disturbance_lid_open,10.75,30.8125,69.0,OPEN,0.08568,0.0197,11.5852,11.6068,86.1,CRITICAL,0.0,0.0,1.0,0.0,0.0,1.0,0.8568,0.0394,1.0,14110.1,OK,DEPLOYED,10.7101,30.7571,14400.0,SIMULATED
2026-09-11 10:22:20,82.33333333333333,3,severe_disturbance_lid_open,10.75,30.8125,68.0,OPEN,0.08606,0.02055,11.587,11.6106,86.23,CRITICAL,0.0,0.0,1.0,0.0,0.0,1.0,0.8606,0.0411,1.0,14079.5,OK,DEPLOYED,10.724,30.7714,14400.0,SIMULATED
2026-09-11 10:22:30,82.5,3,severe_disturbance_lid_open,10.75,30.875,68.0,OPEN,0.08611,0.02133,11.5904,11.6111,86.26,CRITICAL,0.0,0.0,1.0,0.0,0.0,1.0,0.8611,0.0427,1.0,14065.4,OK,DEPLOYED,10.7379,30.7857,14400.0,SIMULATED
2026-09-11 10:22:40,82.66666666666667,3,severe_disturbance_lid_open,10.75,30.75,68.0,OPEN,0.08621,0.02207,11.5873,11.6121,86.3,CRITICAL,0.0,0.0,1.0,0.0,0.0,1.0,0.8621,0.0441,1.0,14029.0,OK,DEPLOYED,10.7518,30.8,14400.0,SIMULATED
2026-09-11 10:22:50,82.83333333333333,3,severe_disturbance_lid_open,10.75,30.875,68.0,OPEN,0.08645,0.02278,11.5935,11.6145,86.39,CRITICAL,0.0,0.0,1.0,0.0,0.0,1.0,0.8645,0.0456,1.0,14013.6,OK,DEPLOYED,10.7658,30.8143,14400.0,SIMULATED
2026-09-11 10:23:00,83.0,3,severe_disturbance_lid_open,10.75,30.875,68.0,OPEN,0.08672,0.02051,11.5948,11.6172,86.43,CRITICAL,0.0,0.0,1.0,0.0,0.0,1.0,0.8672,0.041,1.0,13991.2,OK,DEPLOYED,10.7797,30.8286,14400.0,SIMULATED
2026-09-11 10:23:10,83.16666666666667,3,severe_disturbance_lid_open,10.75,30.875,68.0,OPEN,0.08657,0.01902,11.5954,11.6157,86.35,CRITICAL,0.0,0.0,1.0,0.0,0.0,1.0,0.8657,0.038,1.0,13980.3,OK,DEPLOYED,10.7936,30.8429,14400.0,SIMULATED
2026-09-11 10:23:20,83.33333333333333,3,severe_disturbance_lid_open,10.875,30.9375,68.0,OPEN,0.08677,0.01513,11.7194,11.7427,86.33,CRITICAL,0.0,0.0,1.0,0.0,0.0,1.0,0.8677,0.0303,1.0,13953.4,OK,DEPLOYED,10.8075,30.8571,14400.0,SIMULATED
2026-09-11 10:23:30,83.5,3,severe_disturbance_lid_open,10.9375,30.875,68.0,OPEN,0.08731,0.00945,11.7804,11.8106,86.38,CRITICAL,0.0,0.0,1.0,0.0,0.0,1.0,0.8731,0.0189,1.0,13890.4,OK,DEPLOYED,10.8214,30.8714,14400.0,SIMULATED
2026-09-11 10:23:40,83.66666666666667,3,severe_disturbance_lid_open,10.75,30.9375,67.0,OPEN,0.08728,0.00252,11.6036,11.6228,86.23,CRITICAL,0.0,0.0,1.0,0.0,0.0,1.0,0.8728,0.005,1.0,13887.4,OK,DEPLOYED,10.8354,30.8857,14400.0,SIMULATED
2026-09-11 10:23:50,83.83333333333333,3,severe_disturbance_lid_open,10.8125,30.9375,68.0,OPEN,0.08731,-0.00233,11.6643,11.6856,86.19,CRITICAL,0.0,0.0,1.0,0.0,0.0,1.0,0.8731,0.0,1.0,13873.0,OK,DEPLOYED,10.8493,30.9,14400.0,SIMULATED
2026-09-11 10:24:00,84.0,3,severe_disturbance_lid_open,10.875,30.9375,68.0,OPEN,0.08713,-0.00572,11.7251,11.7463,86.14,CRITICAL,0.0,0.0,1.0,0.0,0.0,1.0,0.8713,0.0,1.0,13858.5,OK,DEPLOYED,10.8632,30.9143,14400.0,SIMULATED
2026-09-11 10:24:10,84.16666666666667,3,severe_disturbance_lid_open,10.9375,30.9375,68.0,OPEN,0.08708,-0.0081,11.7861,11.8083,86.12,CRITICAL,0.0,0.0,1.0,0.0,0.0,1.0,0.8708,0.0,1.0,13839.0,OK,DEPLOYED,10.8771,30.9286,14400.0,SIMULATED
2026-09-11 10:24:20,84.33333333333333,3,severe_disturbance_lid_open,10.875,30.9375,68.0,OPEN,0.08685,-0.00681,11.7259,11.7435,86.05,CRITICAL,0.0,0.0,1.0,0.0,0.0,1.0,0.8685,0.0,1.0,13844.3,OK,DEPLOYED,10.891,30.9429,14400.0,SIMULATED
2026-09-11 10:24:30,84.5,3,severe_disturbance_lid_open,10.9375,30.9375,68.0,OPEN,0.08677,-0.00582,11.786,11.8052,86.03,CRITICAL,0.0,0.0,1.0,0.0,0.0,1.0,0.8677,0.0,1.0,13840.8,OK,DEPLOYED,10.905,30.9571,14400.0,SIMULATED
2026-09-11 10:24:40,84.66666666666667,3,severe_disturbance_lid_open,10.9375,30.875,68.0,OPEN,0.08671,-0.00207,11.784,11.8046,86.01,CRITICAL,0.0,0.0,1.0,0.0,0.0,1.0,0.8671,0.0,1.0,13829.5,OK,DEPLOYED,10.9189,30.9714,14400.0,SIMULATED
2026-09-11 10:24:50,84.83333333333333,3,severe_disturbance_lid_open,10.875,31.0,68.0,OPEN,0.0866,0.00074,11.7277,11.741,85.99,CRITICAL,0.0,0.0,1.0,0.0,0.0,1.0,0.866,0.0015,1.0,13858.2,OK,DEPLOYED,10.9328,30.9857,14400.0,SIMULATED
2026-09-11 10:25:00,85.0,3,severe_disturbance_lid_open,10.9375,31.0,68.0,OPEN,0.08636,0.0029,11.7864,11.8011,85.97,CRITICAL,0.0,0.0,1.0,0.0,0.0,1.0,0.8636,0.0058,1.0,13878.3,OK,DEPLOYED,10.9467,31.0,14400.0,SIMULATED
2026-09-11 10:25:10,85.16666666666667,3,severe_disturbance_lid_open,10.9375,31.0625,68.0,OPEN,0.08577,0.0046,11.786,11.7952,85.82,CRITICAL,0.0,0.0,1.0,0.0,0.0,1.0,0.8577,0.0092,1.0,13928.3,OK,DEPLOYED,10.9606,31.0143,14400.0,SIMULATED
2026-09-11 10:25:20,85.33333333333333,3,severe_disturbance_lid_open,10.9375,31.0,67.0,OPEN,0.08522,0.00017,11.7805,11.7897,85.57,CRITICAL,0.0,0.0,1.0,0.0,0.0,1.0,0.8522,0.0003,1.0,13977.6,OK,DEPLOYED,10.9746,31.0286,14400.0,SIMULATED
2026-09-11 10:25:30,85.5,3,severe_disturbance_lid_open,10.9375,31.0,68.0,OPEN,0.08461,-0.00273,11.7768,11.7836,85.38,CRITICAL,0.0,0.0,1.0,0.0,0.0,1.0,0.8461,0.0,1.0,14040.0,OK,DEPLOYED,10.9885,31.0429,14400.0,SIMULATED
2026-09-11 10:25:40,85.66666666666667,3,severe_disturbance_lid_open,11.0625,31.125,68.0,OPEN,0.08443,-0.00458,11.8986,11.9068,85.33,CRITICAL,0.0,0.0,1.0,0.0,0.0,1.0,0.8443,0.0,1.0,14094.5,OK,DEPLOYED,11.0024,31.0571,14400.0,SIMULATED
2026-09-11 10:25:50,85.83333333333333,3,severe_disturbance_lid_open,11.0,31.0625,68.0,OPEN,0.0841,-0.00568,11.833,11.841,85.23,CRITICAL,0.0,0.0,1.0,0.0,0.0,1.0,0.841,0.0,1.0,14149.3,OK,DEPLOYED,11.0163,31.0714,14400.0,SIMULATED
2026-09-11 10:26:00,86.0,3,severe_disturbance_lid_open,10.9375,31.1875,68.0,OPEN,0.0834,-0.00626,11.7722,11.7715,85.02,CRITICAL,0.0,0.0,1.0,0.0,0.0,1.0,0.834,0.0,1.0,14253.9,OK,DEPLOYED,11.0302,31.0857,14400.0,SIMULATED
2026-09-11 10:26:10,86.16666666666667,3,severe_disturbance_lid_open,11.0,31.0625,68.0,OPEN,0.08274,-0.00648,11.8228,11.8274,84.82,CRITICAL,0.0,0.0,1.0,0.0,0.0,1.0,0.8274,0.0,1.0,14327.7,OK,DEPLOYED,11.0442,31.1,14400.0,SIMULATED
2026-09-11 10:26:20,86.33333333333333,3,severe_disturbance_lid_open,11.0,31.0625,68.0,OPEN,0.08183,-0.00939,11.8175,11.8183,84.55,CRITICAL,0.0,0.0,1.0,0.0,0.0,1.0,0.8183,0.0,1.0,14423.2,OK,DEPLOYED,11.0581,31.1143,14400.0,SIMULATED
2026-09-11 10:26:30,86.5,3,severe_disturbance_lid_open,11.1875,31.125,68.0,OPEN,0.0814,-0.01133,11.9961,12.0015,84.42,CRITICAL,0.0,0.0,1.0,0.0,0.0,1.0,0.814,0.0,1.0,14491.6,OK,DEPLOYED,11.072,31.1286,14400.0,SIMULATED
2026-09-11 10:26:40,86.66666666666667,3,severe_disturbance_lid_open,11.0625,31.125,68.0,OPEN,0.08102,-0.0126,11.8712,11.8727,84.31,CRITICAL,0.0,0.0,1.0,0.0,0.0,1.0,0.8102,0.0,1.0,14583.2,OK,DEPLOYED,11.0859,31.1429,14400.0,SIMULATED
2026-09-11 10:26:50,86.83333333333333,3,severe_disturbance_lid_open,11.0625,31.25,68.0,OPEN,0.0806,-0.01339,11.8702,11.8685,84.18,CRITICAL,0.0,0.0,1.0,0.0,0.0,1.0,0.806,0.0,1.0,14694.2,OK,DEPLOYED,11.0999,31.1571,14400.0,SIMULATED
2026-09-11 10:27:00,87.0,3,severe_disturbance_lid_open,11.1875,31.1875,68.0,OPEN,0.08045,-0.0168,11.9847,11.992,84.13,CRITICAL,0.0,0.0,1.0,0.0,0.0,1.0,0.8045,0.0,1.0,14749.8,OK,DEPLOYED,11.1138,31.1714,14400.0,SIMULATED
2026-09-11 10:27:10,87.16666666666667,3,severe_disturbance_lid_open,11.125,31.125,69.0,OPEN,0.0802,-0.01633,11.9194,11.927,84.06,CRITICAL,0.0,0.0,1.0,0.0,0.0,1.0,0.802,0.0,1.0,14803.1,OK,DEPLOYED,11.1277,31.1857,14400.0,SIMULATED
2026-09-11 10:27:20,87.33333333333333,3,severe_disturbance_lid_open,11.125,31.1875,69.0,OPEN,0.08017,-0.01324,11.9191,11.9267,84.05,CRITICAL,0.0,0.0,1.0,0.0,0.0,1.0,0.8017,0.0,1.0,14855.9,OK,DEPLOYED,11.1416,31.2,14400.0,SIMULATED
2026-09-11 10:27:30,87.5,3,severe_disturbance_lid_open,11.1875,31.1875,67.0,OPEN,0.08023,-0.01412,11.9778,11.9898,84.07,CRITICAL,0.0,0.0,1.0,0.0,0.0,1.0,0.8023,0.0,1.0,14881.3,OK,DEPLOYED,11.1556,31.2143,14400.0,SIMULATED
2026-09-11 10:27:40,87.66666666666667,3,severe_disturbance_lid_open,11.1875,31.125,67.0,OPEN,0.08044,-0.01769,11.9755,11.9919,84.13,CRITICAL,0.0,0.0,1.0,0.0,0.0,1.0,0.8044,0.0,1.0,14878.9,OK,DEPLOYED,11.1695,31.2286,14400.0,SIMULATED
2026-09-11 10:27:50,87.83333333333333,3,severe_disturbance_lid_open,11.125,31.1875,68.0,OPEN,0.0805,-0.02019,11.917,11.93,84.15,CRITICAL,0.0,0.0,1.0,0.0,0.0,1.0,0.805,0.0,1.0,14897.4,OK,DEPLOYED,11.1834,31.2429,14400.0,SIMULATED
2026-09-11 10:28:00,88.0,3,severe_disturbance_lid_open,11.25,31.3125,68.0,OPEN,0.08075,-0.02194,12.0418,12.0575,84.22,CRITICAL,0.0,0.0,1.0,0.0,0.0,1.0,0.8075,0.0,1.0,14899.8,OK,DEPLOYED,11.1973,31.2571,14400.0,SIMULATED
2026-09-11 10:28:10,88.16666666666667,3,severe_disturbance_lid_open,11.1875,31.25,68.0,OPEN,0.08068,-0.02316,11.9791,11.9943,84.2,CRITICAL,0.0,0.0,1.0,0.0,0.0,1.0,0.8068,0.0,1.0,14905.0,OK,DEPLOYED,11.2113,31.2714,14400.0,SIMULATED
2026-09-11 10:28:20,88.33333333333333,3,severe_disturbance_lid_open,11.1875,31.3125,68.0,OPEN,0.08067,-0.02402,11.9807,11.9942,84.2,CRITICAL,0.0,0.0,1.0,0.0,0.0,1.0,0.8067,0.0,1.0,14920.8,OK,DEPLOYED,11.2252,31.2857,14400.0,SIMULATED
2026-09-11 10:28:30,88.5,3,severe_disturbance_lid_open,11.1875,31.25,68.0,OPEN,0.08064,-0.02462,11.9782,11.9939,84.19,CRITICAL,0.0,0.0,1.0,0.0,0.0,1.0,0.8064,0.0,1.0,14922.7,OK,DEPLOYED,11.2391,31.3,14400.0,SIMULATED
2026-09-11 10:28:40,88.66666666666667,3,severe_disturbance_lid_open,11.25,31.3125,68.0,OPEN,0.08032,-0.02209,12.0398,12.0532,84.1,CRITICAL,0.0,0.0,1.0,0.0,0.0,1.0,0.8032,0.0,1.0,14938.8,OK,DEPLOYED,11.253,31.3143,14400.0,SIMULATED
2026-09-11 10:28:50,88.83333333333333,3,severe_disturbance_lid_open,11.25,31.25,68.0,OPEN,0.08009,-0.01727,12.0368,12.0509,84.03,CRITICAL,0.0,0.0,1.0,0.0,0.0,1.0,0.8009,0.0,1.0,14950.1,OK,DEPLOYED,11.267,31.3286,14400.0,SIMULATED
2026-09-11 10:29:00,89.0,3,severe_disturbance_lid_open,11.3125,31.3125,67.0,OPEN,0.0802,-0.01656,12.0991,12.1145,84.06,CRITICAL,0.0,0.0,1.0,0.0,0.0,1.0,0.802,0.0,1.0,14953.4,OK,DEPLOYED,11.2809,31.3429,14400.0,SIMULATED
2026-09-11 10:29:10,89.16666666666667,3,severe_disturbance_lid_open,11.25,31.375,67.0,OPEN,0.08029,-0.01569,12.0404,12.0529,84.09,CRITICAL,0.0,0.0,1.0,0.0,0.0,1.0,0.8029,0.0,1.0,14974.8,OK,DEPLOYED,11.2948,31.3571,14400.0,SIMULATED
2026-09-11 10:29:20,89.33333333333333,3,severe_disturbance_lid_open,11.25,31.4375,68.0,OPEN,0.08012,-0.0146,12.041,12.0512,84.04,CRITICAL,0.0,0.0,1.0,0.0,0.0,1.0,0.8012,0.0,1.0,15010.6,OK,DEPLOYED,11.3087,31.3714,14400.0,SIMULATED
2026-09-11 10:29:30,89.5,3,severe_disturbance_lid_open,11.3125,31.4375,68.0,OPEN,0.08005,-0.01336,12.1001,12.113,84.01,CRITICAL,0.0,0.0,1.0,0.0,0.0,1.0,0.8005,0.0,1.0,15029.2,OK,DEPLOYED,11.3227,31.3857,14400.0,SIMULATED
2026-09-11 10:29:40,89.66666666666667,3,severe_disturbance_lid_open,11.3125,31.375,68.0,OPEN,0.07997,-0.01202,12.0974,12.1122,83.99,CRITICAL,0.0,0.0,1.0,0.0,0.0,1.0,0.7997,0.0,1.0,15035.2,OK,DEPLOYED,11.3366,31.4,14400.0,SIMULATED
2026-09-11 10:29:50,89.83333333333333,3,severe_disturbance_lid_open,11.3125,31.375,68.0,OPEN,0.07999,-0.0106,12.0972,12.1124,84.0,CRITICAL,0.0,0.0,1.0,0.0,0.0,1.0,0.7999,0.0,1.0,15038.7,OK,DEPLOYED,11.3505,31.4143,14400.0,SIMULATED
2026-09-11 10:30:00,90.0,3,severe_disturbance_lid_open,11.375,31.5,68.0,OPEN,0.08019,-0.00913,12.1619,12.1769,84.06,CRITICAL,0.0,0.0,1.0,0.0,0.0,1.0,0.8019,0.0,1.0,15043.6,OK,DEPLOYED,11.3645,31.4286,14400.0,SIMULATED
2026-09-11 10:30:10,90.16666666666667,3,severe_disturbance_lid_open,11.4375,31.4375,68.0,OPEN,0.08024,-0.01058,12.2206,12.2399,84.07,CRITICAL,0.0,0.0,1.0,0.0,0.0,1.0,0.8024,0.0,1.0,15021.4,OK,DEPLOYED,11.3784,31.4429,14400.0,SIMULATED
2026-09-11 10:30:20,90.33333333333333,3,severe_disturbance_lid_open,11.4375,31.4375,68.0,OPEN,0.08029,-0.00826,12.2216,12.2404,84.09,CRITICAL,0.0,0.0,1.0,0.0,0.0,1.0,0.8029,0.0,1.0,15002.5,OK,DEPLOYED,11.3923,31.4571,14400.0,SIMULATED
2026-09-11 10:30:30,90.5,3,severe_disturbance_lid_open,11.375,31.4375,68.0,OPEN,0.08006,-0.00617,12.1611,12.1756,84.02,CRITICAL,0.0,0.0,1.0,0.0,0.0,1.0,0.8006,0.0,1.0,15010.9,OK,DEPLOYED,11.4062,31.4714,14400.0,SIMULATED
2026-09-11 10:30:40,90.66666666666667,3,severe_disturbance_lid_open,11.4375,31.5,68.0,OPEN,0.0801,-0.00422,12.2234,12.2385,84.03,CRITICAL,0.0,0.0,1.0,0.0,0.0,1.0,0.801,0.0,1.0,15015.2,OK,DEPLOYED,11.4202,31.4857,14400.0,SIMULATED
2026-09-11 10:30:50,90.83333333333333,3,severe_disturbance_lid_open,11.4375,31.4375,68.0,OPEN,0.08025,-0.00238,12.2217,12.24,84.08,CRITICAL,0.0,0.0,1.0,0.0,0.0,1.0,0.8025,0.0,1.0,14999.6,OK,DEPLOYED,11.4341,31.5,14400.0,SIMULATED
2026-09-11 10:31:00,91.0,3,severe_disturbance_lid_open,11.4375,31.5,68.0,OPEN,0.08059,-0.00062,12.225,12.2434,84.18,CRITICAL,0.0,0.0,1.0,0.0,0.0,1.0,0.8059,0.0,1.0,14983.7,OK,DEPLOYED,11.448,31.5143,14400.0,SIMULATED
2026-09-11 10:31:10,91.16666666666667,3,severe_disturbance_lid_open,11.4375,31.5625,68.0,OPEN,0.08081,-0.00186,12.228,12.2456,84.24,CRITICAL,0.0,0.0,1.0,0.0,0.0,1.0,0.8081,0.0,1.0,14973.5,OK,DEPLOYED,11.462,31.5286,14400.0,SIMULATED
2026-09-11 10:31:20,91.33333333333333,3,severe_disturbance_lid_open,11.5,31.5625,68.0,OPEN,0.08122,-0.00235,12.29,12.3122,84.37,CRITICAL,0.0,0.0,1.0,0.0,0.0,1.0,0.8122,0.0,1.0,14935.4,OK,DEPLOYED,11.4759,31.5429,14400.0,SIMULATED
2026-09-11 10:31:30,91.5,3,severe_disturbance_lid_open,11.4375,31.5,68.0,OPEN,0.08151,-0.00231,12.2297,12.2526,84.45,CRITICAL,0.0,0.0,1.0,0.0,0.0,1.0,0.8151,0.0,1.0,14893.5,OK,DEPLOYED,11.4898,31.5571,14400.0,SIMULATED
2026-09-11 10:31:40,91.66666666666667,3,severe_disturbance_lid_open,11.5,31.5625,68.0,OPEN,0.08183,-0.00485,12.2946,12.3183,84.55,CRITICAL,0.0,0.0,1.0,0.0,0.0,1.0,0.8183,0.0,1.0,14847.7,OK,DEPLOYED,11.5038,31.5714,14400.0,SIMULATED
2026-09-11 10:31:50,91.83333333333333,3,severe_disturbance_lid_open,11.4375,31.5625,68.0,OPEN,0.08173,-0.00635,12.2355,12.2548,84.52,CRITICAL,0.0,0.0,1.0,0.0,0.0,1.0,0.8173,0.0,1.0,14829.4,OK,DEPLOYED,11.5177,31.5857,14400.0,SIMULATED
2026-09-11 10:32:00,92.0,3,severe_disturbance_lid_open,11.5,31.625,68.0,OPEN,0.08161,-0.00711,12.2985,12.3161,84.48,CRITICAL,0.0,0.0,1.0,0.0,0.0,1.0,0.8161,0.0,1.0,14820.9,OK,DEPLOYED,11.5316,31.6,14400.0,SIMULATED
2026-09-11 10:32:10,92.16666666666667,3,severe_disturbance_lid_open,11.5625,31.5625,68.0,OPEN,0.08159,-0.00736,12.3575,12.3784,84.48,CRITICAL,0.0,0.0,1.0,0.0,0.0,1.0,0.8159,0.0,1.0,14792.5,OK,DEPLOYED,11.5455,31.6143,14400.0,SIMULATED
2026-09-11 10:32:20,92.33333333333333,3,severe_disturbance_lid_open,11.625,31.625,68.0,OPEN,0.08192,-0.00429,12.4219,12.4442,84.58,CRITICAL,0.0,0.0,1.0,0.0,0.0,1.0,0.8192,0.0,1.0,14756.6,OK,DEPLOYED,11.5595,31.6286,14400.0,SIMULATED
2026-09-11 10:32:30,92.5,3,severe_disturbance_lid_open,11.5,31.625,68.0,OPEN,0.08204,-0.00177,12.3024,12.3204,84.61,CRITICAL,0.0,0.0,1.0,0.0,0.0,1.0,0.8204,0.0,1.0,14746.9,OK,DEPLOYED,11.5734,31.6429,14400.0,SIMULATED
2026-09-11 10:32:40,92.66666666666667,3,severe_disturbance_lid_open,11.5625,31.6875,67.0,OPEN,0.08214,-0.00247,12.3655,12.3839,84.64,CRITICAL,0.0,0.0,1.0,0.0,0.0,1.0,0.8214,0.0,1.0,14735.5,OK,DEPLOYED,11.5873,31.6571,14400.0,SIMULATED
2026-09-11 10:32:50,92.83333333333333,3,severe_disturbance_lid_open,11.5625,31.6875,68.0,OPEN,0.08213,-0.00249,12.3659,12.3838,84.64,CRITICAL,0.0,0.0,1.0,0.0,0.0,1.0,0.8213,0.0,1.0,14727.1,OK,DEPLOYED,11.6013,31.6714,14400.0,SIMULATED
2026-09-11 10:33:00,93.0,3,severe_disturbance_lid_open,11.625,31.6875,68.0,OPEN,0.08216,-0.00203,12.427,12.4466,84.65,CRITICAL,0.0,0.0,1.0,0.0,0.0,1.0,0.8216,0.0,1.0,14708.2,OK,DEPLOYED,11.6152,31.6857,14400.0,SIMULATED
2026-09-11 10:33:10,93.16666666666667,3,severe_disturbance_lid_open,11.6875,31.6875,68.0,OPEN,0.0823,-0.00123,12.4887,12.5105,84.69,CRITICAL,0.0,0.0,1.0,0.0,0.0,1.0,0.823,0.0,1.0,14676.3,OK,DEPLOYED,11.6291,31.7,14400.0,SIMULATED
2026-09-11 10:33:20,93.33333333333333,3,severe_disturbance_lid_open,11.5,31.6875,69.0,OPEN,0.0819,0.00266,12.3071,12.319,84.62,CRITICAL,0.0,0.0,1.0,0.0,0.0,1.0,0.819,0.0053,1.0,14704.5,OK,DEPLOYED,11.6431,31.7143,14400.0,SIMULATED
2026-09-11 10:33:30,93.5,3,severe_disturbance_lid_open,11.6875,31.75,68.0,OPEN,0.08195,0.00576,12.4899,12.507,84.7,CRITICAL,0.0,0.0,1.0,0.0,0.0,1.0,0.8195,0.0115,1.0,14700.4,OK,DEPLOYED,11.657,31.7286,14400.0,SIMULATED
2026-09-11 10:33:40,93.66666666666667,3,severe_disturbance_lid_open,11.75,31.8125,68.0,OPEN,0.08261,0.00832,12.5541,12.5761,84.95,CRITICAL,0.0,0.0,1.0,0.0,0.0,1.0,0.8261,0.0166,1.0,14668.1,OK,DEPLOYED,11.6709,31.7429,14400.0,SIMULATED
2026-09-11 10:33:50,93.83333333333333,3,severe_disturbance_lid_open,11.6875,31.6875,67.0,OPEN,0.08288,0.00468,12.4916,12.5163,84.96,CRITICAL,0.0,0.0,1.0,0.0,0.0,1.0,0.8288,0.0094,1.0,14620.8,OK,DEPLOYED,11.6849,31.7571,14400.0,SIMULATED
2026-09-11 10:34:00,94.0,3,severe_disturbance_lid_open,11.625,31.75,69.0,OPEN,0.08279,0.00537,12.4347,12.4529,84.95,CRITICAL,0.0,0.0,1.0,0.0,0.0,1.0,0.8279,0.0107,1.0,14611.7,OK,DEPLOYED,11.6988,31.7714,14400.0,SIMULATED
2026-09-11 10:34:10,94.16666666666667,3,severe_disturbance_lid_open,11.6875,31.75,69.0,OPEN,0.08275,0.00899,12.4955,12.515,85.0,CRITICAL,0.0,0.0,1.0,0.0,0.0,1.0,0.8275,0.018,1.0,14595.6,OK,DEPLOYED,11.7127,31.7857,14400.0,SIMULATED
2026-09-11 10:34:20,94.33333333333333,3,severe_disturbance_lid_open,11.625,31.8125,68.0,OPEN,0.08265,0.01172,12.4372,12.4515,85.03,CRITICAL,0.0,0.0,1.0,0.0,0.0,1.0,0.8265,0.0234,1.0,14610.3,OK,DEPLOYED,11.7267,31.8,14400.0,SIMULATED
2026-09-11 10:34:30,94.5,3,severe_disturbance_lid_open,11.75,31.875,67.0,OPEN,0.08264,0.01097,12.5597,12.5764,85.01,CRITICAL,0.0,0.0,1.0,0.0,0.0,1.0,0.8264,0.0219,1.0,14610.8,OK,DEPLOYED,11.7406,31.8143,14400.0,SIMULATED
2026-09-11 10:34:40,94.66666666666667,3,severe_disturbance_lid_open,11.75,31.8125,69.0,OPEN,0.08277,0.01358,12.5581,12.5777,85.1,CRITICAL,0.0,0.0,1.0,0.0,0.0,1.0,0.8277,0.0272,1.0,14593.8,OK,DEPLOYED,11.7546,31.8286,14400.0,SIMULATED
2026-09-11 10:34:50,94.83333333333333,3,severe_disturbance_lid_open,11.6875,31.875,68.0,OPEN,0.08276,0.0156,12.5001,12.5151,85.14,CRITICAL,0.0,0.0,1.0,0.0,0.0,1.0,0.8276,0.0312,1.0,14604.3,OK,DEPLOYED,11.7685,31.8429,14400.0,SIMULATED
2026-09-11 10:35:00,95.0,3,severe_disturbance_lid_open,11.75,31.875,68.0,OPEN,0.08257,0.0172,12.5598,12.5757,85.11,CRITICAL,0.0,0.0,1.0,0.0,0.0,1.0,0.8257,0.0344,1.0,14609.2,OK,DEPLOYED,11.7824,31.8571,14400.0,SIMULATED
2026-09-11 10:35:10,95.16666666666667,3,severe_disturbance_lid_open,11.8125,31.8125,68.0,OPEN,0.08253,0.01851,12.6182,12.6378,85.13,CRITICAL,0.0,0.0,1.0,0.0,0.0,1.0,0.8253,0.037,1.0,14592.0,OK,DEPLOYED,11.7964,31.8714,14400.0,SIMULATED
2026-09-11 10:35:20,95.33333333333333,3,severe_disturbance_lid_open,11.8125,31.875,68.0,OPEN,0.08251,0.01962,12.6208,12.6376,85.15,CRITICAL,0.0,0.0,1.0,0.0,0.0,1.0,0.8251,0.0392,1.0,14591.2,OK,DEPLOYED,11.8103,31.8857,14400.0,SIMULATED
2026-09-11 10:35:30,95.5,3,severe_disturbance_lid_open,11.8125,31.875,68.0,OPEN,0.08243,0.01764,12.6206,12.6368,85.08,CRITICAL,0.0,0.0,1.0,0.0,0.0,1.0,0.8243,0.0353,1.0,14594.2,OK,DEPLOYED,11.8242,31.9,14400.0,SIMULATED
2026-09-11 10:35:40,95.66666666666667,3,severe_disturbance_lid_open,11.8125,31.875,69.0,OPEN,0.08222,0.0192,12.62,12.6347,85.05,CRITICAL,0.0,0.0,1.0,0.0,0.0,1.0,0.8222,0.0384,1.0,14605.9,OK,DEPLOYED,11.8382,31.9143,14400.0,SIMULATED
2026-09-11 10:35:50,95.83333333333333,3,severe_disturbance_lid_open,11.9375,31.8125,68.0,OPEN,0.08256,0.02029,12.7396,12.7631,85.17,CRITICAL,0.0,0.0,1.0,0.0,0.0,1.0,0.8256,0.0406,1.0,14565.5,OK,DEPLOYED,11.8521,31.9286,14400.0,SIMULATED
2026-09-11 10:36:00,96.0,3,severe_disturbance_lid_open,11.875,32.0,67.0,OPEN,0.08284,0.0182,12.687,12.7034,85.22,CRITICAL,0.0,0.0,1.0,0.0,0.0,1.0,0.8284,0.0364,1.0,14568.4,OK,DEPLOYED,11.866,31.9429,14400.0,SIMULATED
2026-09-11 10:36:10,96.16666666666667,3,severe_disturbance_lid_open,11.9375,32.0,68.0,OPEN,0.08298,0.01684,12.7478,12.7673,85.23,CRITICAL,0.0,0.0,1.0,0.0,0.0,1.0,0.8298,0.0337,1.0,14552.7,OK,DEPLOYED,11.88,31.9571,14400.0,SIMULATED
2026-09-11 10:36:20,96.33333333333333,3,severe_disturbance_lid_open,11.875,32.0,68.0,OPEN,0.08295,0.01597,12.6878,12.7045,85.2,CRITICAL,0.0,0.0,1.0,0.0,0.0,1.0,0.8295,0.0319,1.0,14553.7,OK,DEPLOYED,11.8939,31.9714,14400.0,SIMULATED
2026-09-11 10:36:30,96.5,3,severe_disturbance_lid_open,11.9375,32.0,68.0,OPEN,0.08289,0.01546,12.7482,12.7664,85.18,CRITICAL,0.0,0.0,1.0,0.0,0.0,1.0,0.8289,0.0309,1.0,14546.1,OK,DEPLOYED,11.9079,31.9857,14400.0,SIMULATED
2026-09-11 10:36:40,96.66666666666667,3,severe_disturbance_lid_open,11.9375,32.0,68.0,OPEN,0.08326,0.0152,12.7494,12.7701,85.28,CRITICAL,0.0,0.0,1.0,0.0,0.0,1.0,0.8326,0.0304,1.0,14523.9,OK,DEPLOYED,11.9218,32.0,14400.0,SIMULATED
2026-09-11 10:36:50,96.83333333333333,3,severe_disturbance_lid_open,11.875,32.0,68.0,OPEN,0.08333,0.01512,12.6899,12.7083,85.3,CRITICAL,0.0,0.0,1.0,0.0,0.0,1.0,0.8333,0.0302,1.0,14515.5,OK,DEPLOYED,11.9357,32.0143,14400.0,SIMULATED
2026-09-11 10:37:00,97.0,3,severe_disturbance_lid_open,12.0,32.0,68.0,OPEN,0.08346,0.01515,12.8117,12.8346,85.34,CRITICAL,0.0,0.0,1.0,0.0,0.0,1.0,0.8346,0.0303,1.0,14481.2,OK,DEPLOYED,11.9497,32.0286,14400.0,SIMULATED
2026-09-11 10:37:10,97.16666666666667,3,severe_disturbance_lid_open,11.9375,32.0625,69.0,OPEN,0.08374,0.01813,12.7551,12.7749,85.48,CRITICAL,0.0,0.0,1.0,0.0,0.0,1.0,0.8374,0.0363,1.0,14465.9,OK,DEPLOYED,11.9636,32.0429,14400.0,SIMULATED
2026-09-11 10:37:20,97.33333333333333,3,severe_disturbance_lid_open,11.875,32.0625,67.0,OPEN,0.08368,0.0203,12.6951,12.7118,85.51,CRITICAL,0.0,0.0,1.0,0.0,0.0,1.0,0.8368,0.0406,1.0,14468.2,OK,DEPLOYED,11.9775,32.0571,14400.0,SIMULATED
2026-09-11 10:37:30,97.5,3,severe_disturbance_lid_open,11.9375,32.0,68.0,OPEN,0.0835,0.02497,12.7532,12.7725,85.55,CRITICAL,0.0,0.0,1.0,0.0,0.0,1.0,0.835,0.0499,1.0,14455.3,OK,DEPLOYED,11.9915,32.0714,14400.0,SIMULATED
2026-09-11 10:37:40,97.66666666666667,3,severe_disturbance_lid_open,12.0,32.0625,67.0,OPEN,0.08351,0.02271,12.8163,12.8351,85.51,CRITICAL,0.0,0.0,1.0,0.0,0.0,1.0,0.8351,0.0454,1.0,14445.0,OK,DEPLOYED,12.0054,32.0857,14400.0,SIMULATED
2026-09-11 10:37:50,97.83333333333333,3,severe_disturbance_lid_open,11.9375,32.1875,68.0,OPEN,0.08341,0.01847,12.7597,12.7716,85.39,CRITICAL,0.0,0.0,1.0,0.0,0.0,1.0,0.8341,0.0369,1.0,14475.4,OK,DEPLOYED,12.0194,32.1,14400.0,SIMULATED
2026-09-11 10:38:00,98.0,3,severe_disturbance_lid_open,12.0,32.125,68.0,OPEN,0.08315,0.01569,12.8165,12.8315,85.26,CRITICAL,0.0,0.0,1.0,0.0,0.0,1.0,0.8315,0.0314,1.0,14487.2,OK,DEPLOYED,12.0333,32.1143,14400.0,SIMULATED
2026-09-11 10:38:10,98.16666666666667,3,severe_disturbance_lid_open,12.0625,32.1875,69.0,OPEN,0.08324,0.01679,12.8787,12.8949,85.31,CRITICAL,0.0,0.0,1.0,0.0,0.0,1.0,0.8324,0.0336,1.0,14492.0,OK,DEPLOYED,12.0472,32.1286,14400.0,SIMULATED
2026-09-11 10:38:20,98.33333333333333,3,severe_disturbance_lid_open,12.0625,32.1875,69.0,OPEN,0.08331,0.02051,12.8787,12.8956,85.4,CRITICAL,0.0,0.0,1.0,0.0,0.0,1.0,0.8331,0.041,1.0,14492.4,OK,DEPLOYED,12.0612,32.1429,14400.0,SIMULATED
2026-09-11 10:38:30,98.5,3,severe_disturbance_lid_open,12.1875,32.1875,68.0,OPEN,0.08365,0.02311,13.0006,13.024,85.56,CRITICAL,0.0,0.0,1.0,0.0,0.0,1.0,0.8365,0.0462,1.0,14455.7,OK,DEPLOYED,12.0751,32.1571,14400.0,SIMULATED
2026-09-11 10:38:40,98.66666666666667,3,severe_disturbance_lid_open,12.0625,32.1875,69.0,OPEN,0.08372,0.02779,12.8812,12.8997,85.67,CRITICAL,0.0,0.0,1.0,0.0,0.0,1.0,0.8372,0.0556,1.0,14447.5,OK,DEPLOYED,12.0891,32.1714,14400.0,SIMULATED
2026-09-11 10:38:50,98.83333333333333,3,severe_disturbance_lid_open,12.1875,32.25,68.0,OPEN,0.08406,0.03097,13.0054,13.0281,85.84,CRITICAL,0.0,0.0,1.0,0.0,0.0,1.0,0.8406,0.0619,1.0,14415.6,OK,DEPLOYED,12.103,32.1857,14400.0,SIMULATED
2026-09-11 10:39:00,99.0,3,severe_disturbance_lid_open,12.125,32.1875,69.0,OPEN,0.08432,0.03596,12.9448,12.9682,86.02,CRITICAL,0.0,0.0,1.0,0.0,0.0,1.0,0.8432,0.0719,1.0,14380.5,OK,DEPLOYED,12.117,32.2,14400.0,SIMULATED
2026-09-11 10:39:10,99.16666666666667,3,severe_disturbance_lid_open,12.0625,32.1875,68.0,OPEN,0.08445,0.03631,12.8861,12.907,86.06,CRITICAL,0.0,0.0,1.0,0.0,0.0,1.0,0.8445,0.0726,1.0,14359.9,OK,DEPLOYED,12.1309,32.2143,14400.0,SIMULATED
2026-09-11 10:39:20,99.33333333333333,3,severe_disturbance_lid_open,12.0625,32.3125,68.0,OPEN,0.08424,0.03332,12.8903,12.9049,85.94,CRITICAL,0.0,0.0,1.0,0.0,0.0,1.0,0.8424,0.0666,1.0,14375.9,OK,DEPLOYED,12.1448,32.2286,14400.0,SIMULATED
2026-09-11 10:39:30,99.5,3,severe_disturbance_lid_open,12.125,32.3125,69.0,OPEN,0.08387,0.0337,12.9493,12.9637,85.84,CRITICAL,0.0,0.0,1.0,0.0,0.0,1.0,0.8387,0.0674,1.0,14392.2,OK,DEPLOYED,12.1588,32.2429,14400.0,SIMULATED
2026-09-11 10:39:40,99.66666666666667,3,severe_disturbance_lid_open,12.125,32.3125,68.0,OPEN,0.08351,0.03349,12.9477,12.9601,85.72,CRITICAL,0.0,0.0,1.0,0.0,0.0,1.0,0.8351,0.067,1.0,14420.1,OK,DEPLOYED,12.1727,32.2571,14400.0,SIMULATED
2026-09-11 10:39:50,99.83333333333333,3,severe_disturbance_lid_open,12.1875,32.3125,68.0,OPEN,0.08326,0.03286,13.0065,13.0201,85.63,CRITICAL,0.0,0.0,1.0,0.0,0.0,1.0,0.8326,0.0657,1.0,14440.9,OK,DEPLOYED,12.1867,32.2714,14400.0,SIMULATED
2026-09-11 10:40:00,100.0,3,severe_disturbance_lid_open,12.25,32.3125,68.0,OPEN,0.08317,0.03195,13.066,13.0817,85.59,CRITICAL,0.0,0.0,1.0,0.0,0.0,1.0,0.8317,0.0639,1.0,14449.2,OK,DEPLOYED,12.2006,32.2857,14400.0,SIMULATED
2026-09-11 10:40:10,100.16666666666667,3,severe_disturbance_lid_open,12.1875,32.25,68.0,OPEN,0.08311,0.03084,13.003,13.0186,85.55,CRITICAL,0.0,0.0,1.0,0.0,0.0,1.0,0.8311,0.0617,1.0,14458.0,OK,DEPLOYED,12.2145,32.3,14400.0,SIMULATED
2026-09-11 10:40:20,100.33333333333333,3,severe_disturbance_lid_open,12.25,32.3125,68.0,OPEN,0.08336,0.02958,13.0658,13.0836,85.6,CRITICAL,0.0,0.0,1.0,0.0,0.0,1.0,0.8336,0.0592,1.0,14453.7,OK,DEPLOYED,12.2285,32.3143,14400.0,SIMULATED
2026-09-11 10:40:30,100.5,3,severe_disturbance_lid_open,12.25,32.3125,68.0,OPEN,0.08375,0.02823,13.0669,13.0875,85.69,CRITICAL,0.0,0.0,1.0,0.0,0.0,1.0,0.8375,0.0565,1.0,14433.6,OK,DEPLOYED,12.2424,32.3286,14400.0,SIMULATED
2026-09-11 10:40:40,100.66666666666667,3,severe_disturbance_lid_open,12.25,32.3125,68.0,OPEN,0.08397,0.0268,13.0683,13.0897,85.73,CRITICAL,0.0,0.0,1.0,0.0,0.0,1.0,0.8397,0.0536,1.0,14409.0,OK,DEPLOYED,12.2564,32.3429,14400.0,SIMULATED
2026-09-11 10:40:50,100.83333333333333,3,severe_disturbance_lid_open,12.3125,32.375,69.0,OPEN,0.08436,0.02819,13.1327,13.1561,85.87,CRITICAL,0.0,0.0,1.0,0.0,0.0,1.0,0.8436,0.0564,1.0,14373.9,OK,DEPLOYED,12.2703,32.3571,14400.0,SIMULATED
2026-09-11 10:41:00,101.0,3,severe_disturbance_lid_open,12.25,32.3125,69.0,OPEN,0.08461,0.03144,13.0723,13.0961,86.01,CRITICAL,0.0,0.0,1.0,0.0,0.0,1.0,0.8461,0.0629,1.0,14337.3,OK,DEPLOYED,12.2843,32.3714,14400.0,SIMULATED
2026-09-11 10:41:10,101.16666666666667,3,severe_disturbance_lid_open,12.3125,32.3125,68.0,OPEN,0.08485,0.03305,13.1349,13.161,86.12,CRITICAL,0.0,0.0,1.0,0.0,0.0,1.0,0.8485,0.0661,1.0,14288.8,OK,DEPLOYED,12.2982,32.3857,14400.0,SIMULATED
2026-09-11 10:41:20,101.33333333333333,3,severe_disturbance_lid_open,12.25,32.4375,67.0,OPEN,0.08483,0.03065,13.0803,13.0983,86.06,CRITICAL,0.0,0.0,1.0,0.0,0.0,1.0,0.8483,0.0613,1.0,14286.4,OK,DEPLOYED,12.3122,32.4,14400.0,SIMULATED
2026-09-11 10:41:30,101.5,3,severe_disturbance_lid_open,12.3125,32.4375,68.0,OPEN,0.08491,0.02841,13.1411,13.1616,86.04,CRITICAL,0.0,0.0,1.0,0.0,0.0,1.0,0.8491,0.0568,1.0,14270.2,OK,DEPLOYED,12.3261,32.4143,14400.0,SIMULATED
2026-09-11 10:41:40,101.66666666666667,3,severe_disturbance_lid_open,12.3125,32.375,68.0,OPEN,0.0848,0.02626,13.1396,13.1605,85.96,CRITICAL,0.0,0.0,1.0,0.0,0.0,1.0,0.848,0.0525,1.0,14251.6,OK,DEPLOYED,12.34,32.4286,14400.0,SIMULATED
2026-09-11 10:41:50,101.83333333333333,3,severe_disturbance_lid_open,12.5,32.4375,68.0,OPEN,0.08519,0.02419,13.3249,13.3519,86.04,CRITICAL,0.0,0.0,1.0,0.0,0.0,1.0,0.8519,0.0484,1.0,14199.3,OK,DEPLOYED,12.354,32.4429,14400.0,SIMULATED
2026-09-11 10:42:00,102.0,3,severe_disturbance_lid_open,12.25,32.5,68.0,OPEN,0.08494,0.02217,13.0863,13.0994,85.93,CRITICAL,0.0,0.0,1.0,0.0,0.0,1.0,0.8494,0.0443,1.0,14225.5,OK,DEPLOYED,12.3679,32.4571,14400.0,SIMULATED
2026-09-11 10:42:10,102.16666666666667,3,severe_disturbance_lid_open,12.4375,32.4375,68.0,OPEN,0.08489,0.02018,13.2648,13.2864,85.87,CRITICAL,0.0,0.0,1.0,0.0,0.0,1.0,0.8489,0.0404,1.0,14203.3,OK,DEPLOYED,12.3819,32.4714,14400.0,SIMULATED
2026-09-11 10:42:20,102.33333333333333,3,severe_disturbance_lid_open,12.375,32.4375,68.0,OPEN,0.08488,0.01822,13.2052,13.2238,85.83,CRITICAL,0.0,0.0,1.0,0.0,0.0,1.0,0.8488,0.0364,1.0,14197.8,OK,DEPLOYED,12.3958,32.4857,14400.0,SIMULATED
2026-09-11 10:42:30,102.5,3,severe_disturbance_lid_open,12.375,32.4375,68.0,OPEN,0.08502,0.01628,13.2057,13.2252,85.83,CRITICAL,0.0,0.0,1.0,0.0,0.0,1.0,0.8502,0.0326,1.0,14187.8,OK,DEPLOYED,12.4098,32.5,14400.0,SIMULATED
2026-09-11 10:42:40,102.66666666666667,3,severe_disturbance_lid_open,12.4375,32.4375,68.0,OPEN,0.085,0.01434,13.2667,13.2875,85.79,CRITICAL,0.0,0.0,1.0,0.0,0.0,1.0,0.85,0.0287,1.0,14170.2,OK,DEPLOYED,12.4237,32.5143,14400.0,SIMULATED
2026-09-11 10:42:50,102.83333333333333,3,severe_disturbance_lid_open,12.4375,32.5625,68.0,OPEN,0.08496,0.00947,13.2713,13.2871,85.68,CRITICAL,0.0,0.0,1.0,0.0,0.0,1.0,0.8496,0.0189,1.0,14180.6,OK,DEPLOYED,12.4377,32.5286,14400.0,SIMULATED
2026-09-11 10:43:00,103.0,3,severe_disturbance_lid_open,12.4375,32.5625,67.0,OPEN,0.08483,0.00254,13.2705,13.2858,85.5,CRITICAL,0.0,0.0,1.0,0.0,0.0,1.0,0.8483,0.0051,1.0,14194.0,OK,DEPLOYED,12.4516,32.5429,14400.0,SIMULATED
2026-09-11 10:43:10,103.16666666666667,3,severe_disturbance_lid_open,12.5,32.5,68.0,OPEN,0.08491,-0.00289,13.3287,13.3491,85.47,CRITICAL,0.0,0.0,1.0,0.0,0.0,1.0,0.8491,0.0,1.0,14178.7,OK,DEPLOYED,12.4656,32.5571,14400.0,SIMULATED
2026-09-11 10:43:20,103.33333333333333,3,severe_disturbance_lid_open,12.4375,32.5625,68.0,OPEN,0.08506,-0.00726,13.2711,13.2881,85.52,CRITICAL,0.0,0.0,1.0,0.0,0.0,1.0,0.8506,0.0,1.0,14182.9,OK,DEPLOYED,12.4795,32.5714,14400.0,SIMULATED
2026-09-11 10:43:30,103.5,3,severe_disturbance_lid_open,12.5,32.5625,67.0,OPEN,0.08481,-0.01079,13.3309,13.3481,85.44,CRITICAL,0.0,0.0,1.0,0.0,0.0,1.0,0.8481,0.0,1.0,14185.4,OK,DEPLOYED,12.4935,32.5857,14400.0,SIMULATED
2026-09-11 10:43:40,103.66666666666667,3,severe_disturbance_lid_open,12.4375,32.625,68.0,OPEN,0.08457,-0.01365,13.2716,13.2832,85.37,CRITICAL,0.0,0.0,1.0,0.0,0.0,1.0,0.8457,0.0,1.0,14219.6,OK,DEPLOYED,12.5074,32.6,14400.0,SIMULATED
2026-09-11 10:43:50,103.83333333333333,3,severe_disturbance_lid_open,12.4375,32.625,68.0,OPEN,0.08444,-0.01603,13.2698,13.2819,85.33,CRITICAL,0.0,0.0,1.0,0.0,0.0,1.0,0.8444,0.0,1.0,14250.7,OK,DEPLOYED,12.5214,32.6143,14400.0,SIMULATED
2026-09-11 10:44:00,104.0,3,severe_disturbance_lid_open,12.5625,32.5625,68.0,OPEN,0.0845,-0.02102,13.3878,13.4075,85.35,CRITICAL,0.0,0.0,1.0,0.0,0.0,1.0,0.845,0.0,1.0,14238.3,OK,DEPLOYED,12.5353,32.6286,14400.0,SIMULATED
2026-09-11 10:44:10,104.16666666666667,3,severe_disturbance_lid_open,12.5,32.625,67.0,OPEN,0.08424,-0.0249,13.3291,13.3424,85.27,CRITICAL,0.0,0.0,1.0,0.0,0.0,1.0,0.8424,0.0,1.0,14262.0,OK,DEPLOYED,12.5493,32.6429,14400.0,SIMULATED
2026-09-11 10:44:20,104.33333333333333,3,severe_disturbance_lid_open,12.5,32.625,68.0,OPEN,0.08387,-0.02495,13.3272,13.3387,85.16,CRITICAL,0.0,0.0,1.0,0.0,0.0,1.0,0.8387,0.0,1.0,14295.9,OK,DEPLOYED,12.5632,32.6571,14400.0,SIMULATED
2026-09-11 10:44:30,104.5,3,severe_disturbance_lid_open,12.5,32.625,67.0,OPEN,0.08315,-0.02803,13.324,13.3315,84.94,CRITICAL,0.0,0.0,1.0,0.0,0.0,1.0,0.8315,0.0,1.0,14352.5,OK,DEPLOYED,12.5772,32.6714,14400.0,SIMULATED
2026-09-11 10:44:40,104.66666666666667,3,severe_disturbance_lid_open,12.6875,32.75,68.0,OPEN,0.08301,-0.03323,13.5068,13.5176,84.9,CRITICAL,0.0,0.0,1.0,0.0,0.0,1.0,0.8301,0.0,1.0,14389.9,OK,DEPLOYED,12.5911,32.6857,14400.0,SIMULATED
2026-09-11 10:44:50,104.83333333333333,3,severe_disturbance_lid_open,12.625,32.75,68.0,OPEN,0.083,-0.03411,13.4447,13.455,84.9,CRITICAL,0.0,0.0,1.0,0.0,0.0,1.0,0.83,0.0,1.0,14429.4,OK,DEPLOYED,12.6051,32.7,14400.0,SIMULATED
2026-09-11 10:45:00,105.0,3,severe_disturbance_lid_open,12.6875,32.6875,68.0,OPEN,0.083,-0.03483,13.5017,13.5175,84.9,CRITICAL,0.0,0.0,1.0,0.0,0.0,1.0,0.83,0.0,1.0,14436.3,OK,DEPLOYED,12.619,32.7143,14400.0,SIMULATED
2026-09-11 10:45:10,105.16666666666667,3,severe_disturbance_lid_open,12.5625,32.75,68.0,OPEN,0.08274,-0.03542,13.3815,13.3899,84.82,CRITICAL,0.0,0.0,1.0,0.0,0.0,1.0,0.8274,0.0,1.0,14486.8,OK,DEPLOYED,12.633,32.7286,14400.0,SIMULATED
2026-09-11 10:45:20,105.33333333333333,3,severe_disturbance_lid_open,12.625,32.8125,68.0,OPEN,0.08259,-0.03593,13.4415,13.4509,84.78,CRITICAL,0.0,0.0,1.0,0.0,0.0,1.0,0.8259,0.0,1.0,14531.7,OK,DEPLOYED,12.6469,32.7429,14400.0,SIMULATED
2026-09-11 10:45:30,105.5,3,severe_disturbance_lid_open,12.6875,32.8125,68.0,OPEN,0.0826,-0.03638,13.5003,13.5135,84.78,CRITICAL,0.0,0.0,1.0,0.0,0.0,1.0,0.826,0.0,1.0,14553.4,OK,DEPLOYED,12.6609,32.7571,14400.0,SIMULATED
2026-09-11 10:45:40,105.66666666666667,3,severe_disturbance_lid_open,12.6875,32.8125,69.0,OPEN,0.08265,-0.03394,13.4996,13.514,84.8,CRITICAL,0.0,0.0,1.0,0.0,0.0,1.0,0.8265,0.0,1.0,14567.4,OK,DEPLOYED,12.6748,32.7714,14400.0,SIMULATED
2026-09-11 10:45:50,105.83333333333333,3,severe_disturbance_lid_open,12.625,32.8125,68.0,OPEN,0.08247,-0.02947,13.438,13.4497,84.74,CRITICAL,0.0,0.0,1.0,0.0,0.0,1.0,0.8247,0.0,1.0,14597.3,OK,DEPLOYED,12.6888,32.7857,14400.0,SIMULATED
2026-09-11 10:46:00,106.0,3,severe_disturbance_lid_open,12.75,32.8125,68.0,OPEN,0.08277,-0.02644,13.5586,13.5777,84.83,CRITICAL,0.0,0.0,1.0,0.0,0.0,1.0,0.8277,0.0,1.0,14583.9,OK,DEPLOYED,12.7027,32.8,14400.0,SIMULATED
2026-09-11 10:46:10,106.16666666666667,3,severe_disturbance_lid_open,12.75,32.8125,68.0,OPEN,0.08314,-0.02736,13.5601,13.5814,84.94,CRITICAL,0.0,0.0,1.0,0.0,0.0,1.0,0.8314,0.0,1.0,14557.4,OK,DEPLOYED,12.7167,32.8143,14400.0,SIMULATED
2026-09-11 10:46:20,106.33333333333333,3,severe_disturbance_lid_open,12.6875,32.8125,68.0,OPEN,0.0835,-0.02819,13.5014,13.5225,85.05,CRITICAL,0.0,0.0,1.0,0.0,0.0,1.0,0.835,0.0,1.0,14533.4,OK,DEPLOYED,12.7306,32.8286,14400.0,SIMULATED
2026-09-11 10:46:30,106.5,3,severe_disturbance_lid_open,12.75,32.8125,68.0,OPEN,0.08376,-0.02897,13.5636,13.5876,85.13,CRITICAL,0.0,0.0,1.0,0.0,0.0,1.0,0.8376,0.0,1.0,14493.1,OK,DEPLOYED,12.7446,32.8429,14400.0,SIMULATED
2026-09-11 10:46:40,106.66666666666667,3,severe_disturbance_lid_open,12.75,32.875,68.0,OPEN,0.08405,-0.0297,13.5679,13.5905,85.22,CRITICAL,0.0,0.0,1.0,0.0,0.0,1.0,0.8405,0.0,1.0,14461.4,OK,DEPLOYED,12.7585,32.8571,14400.0,SIMULATED
2026-09-11 10:46:50,106.83333333333333,3,severe_disturbance_lid_open,12.75,32.9375,68.0,OPEN,0.08429,-0.0304,13.5717,13.5929,85.29,CRITICAL,0.0,0.0,1.0,0.0,0.0,1.0,0.8429,0.0,1.0,14438.4,OK,DEPLOYED,12.7725,32.8714,14400.0,SIMULATED
2026-09-11 10:47:00,107.0,3,severe_disturbance_lid_open,12.8125,32.875,68.0,OPEN,0.08441,-0.03109,13.6316,13.6566,85.32,CRITICAL,0.0,0.0,1.0,0.0,0.0,1.0,0.8441,0.0,1.0,14393.9,OK,DEPLOYED,12.7864,32.8857,14400.0,SIMULATED
2026-09-11 10:47:10,107.16666666666667,3,severe_disturbance_lid_open,12.8125,32.875,68.0,OPEN,0.08473,-0.03176,13.6342,13.6598,85.42,CRITICAL,0.0,0.0,1.0,0.0,0.0,1.0,0.8473,0.0,1.0,14347.1,OK,DEPLOYED,12.8004,32.9,14400.0,SIMULATED
2026-09-11 10:47:20,107.33333333333333,3,severe_disturbance_lid_open,12.8125,33.0,68.0,OPEN,0.08492,-0.02946,13.6405,13.6617,85.48,CRITICAL,0.0,0.0,1.0,0.0,0.0,1.0,0.8492,0.0,1.0,14326.1,OK,DEPLOYED,12.8143,32.9143,14400.0,SIMULATED
2026-09-11 10:47:30,107.5,3,severe_disturbance_lid_open,12.8125,33.0,69.0,OPEN,0.08476,-0.02805,13.641,13.6601,85.43,CRITICAL,0.0,0.0,1.0,0.0,0.0,1.0,0.8476,0.0,1.0,14317.1,OK,DEPLOYED,12.8283,32.9286,14400.0,SIMULATED
2026-09-11 10:47:40,107.66666666666667,3,severe_disturbance_lid_open,12.875,32.9375,68.0,OPEN,0.08462,-0.02734,13.6997,13.7212,85.39,CRITICAL,0.0,0.0,1.0,0.0,0.0,1.0,0.8462,0.0,1.0,14294.1,OK,DEPLOYED,12.8422,32.9429,14400.0,SIMULATED
2026-09-11 10:47:50,107.83333333333333,3,severe_disturbance_lid_open,12.8125,32.9375,68.0,OPEN,0.08442,-0.03009,13.6396,13.6567,85.33,CRITICAL,0.0,0.0,1.0,0.0,0.0,1.0,0.8442,0.0,1.0,14296.5,OK,DEPLOYED,12.8562,32.9571,14400.0,SIMULATED
2026-09-11 10:48:00,108.0,3,severe_disturbance_lid_open,12.875,32.9375,68.0,OPEN,0.08409,-0.03239,13.6993,13.7159,85.23,CRITICAL,0.0,0.0,1.0,0.0,0.0,1.0,0.8409,0.0,1.0,14301.3,OK,DEPLOYED,12.8701,32.9714,14400.0,SIMULATED
2026-09-11 10:48:10,108.16666666666667,3,severe_disturbance_lid_open,12.875,33.0,67.0,OPEN,0.08376,-0.03724,13.7002,13.7126,85.13,CRITICAL,0.0,0.0,1.0,0.0,0.0,1.0,0.8376,0.0,1.0,14330.1,OK,DEPLOYED,12.8841,32.9857,14400.0,SIMULATED
2026-09-11 10:48:20,108.33333333333333,3,severe_disturbance_lid_open,12.8125,32.9375,68.0,OPEN,0.08336,-0.03796,13.6355,13.6461,85.01,CRITICAL,0.0,0.0,1.0,0.0,0.0,1.0,0.8336,0.0,1.0,14369.1,OK,DEPLOYED,12.8981,33.0,14400.0,SIMULATED
2026-09-11 10:48:30,108.5,3,severe_disturbance_lid_open,12.9375,33.0,69.0,OPEN,0.08319,-0.03286,13.7566,13.7694,84.96,CRITICAL,0.0,0.0,1.0,0.0,0.0,1.0,0.8319,0.0,1.0,14394.5,OK,DEPLOYED,12.912,33.0143,14400.0,SIMULATED
2026-09-11 10:48:40,108.66666666666667,3,severe_disturbance_lid_open,12.9375,33.0,68.0,OPEN,0.08347,-0.02947,13.7562,13.7722,85.04,CRITICAL,0.0,0.0,1.0,0.0,0.0,1.0,0.8347,0.0,1.0,14401.3,OK,DEPLOYED,12.926,33.0286,14400.0,SIMULATED
2026-09-11 10:48:50,108.83333333333333,3,severe_disturbance_lid_open,13.0,33.125,69.0,OPEN,0.0838,-0.02149,13.8211,13.838,85.14,CRITICAL,0.0,0.0,1.0,0.0,0.0,1.0,0.838,0.0,1.0,14403.3,OK,DEPLOYED,12.9399,33.0429,14400.0,SIMULATED
2026-09-11 10:49:00,109.0,3,severe_disturbance_lid_open,12.9375,33.1875,68.0,OPEN,0.08427,-0.01609,13.7635,13.7802,85.28,CRITICAL,0.0,0.0,1.0,0.0,0.0,1.0,0.8427,0.0,1.0,14406.9,OK,DEPLOYED,12.9539,33.0571,14400.0,SIMULATED
2026-09-11 10:49:10,109.16666666666667,3,severe_disturbance_lid_open,12.9375,33.0625,68.0,OPEN,0.08458,-0.00955,13.7603,13.7833,85.38,CRITICAL,0.0,0.0,1.0,0.0,0.0,1.0,0.8458,0.0,1.0,14374.1,OK,DEPLOYED,12.9678,33.0714,14400.0,SIMULATED
2026-09-11 10:49:20,109.33333333333333,3,severe_disturbance_lid_open,12.9375,33.0625,68.0,OPEN,0.08452,-0.00507,13.7615,13.7827,85.36,CRITICAL,0.0,0.0,1.0,0.0,0.0,1.0,0.8452,0.0,1.0,14352.1,OK,DEPLOYED,12.9818,33.0857,14400.0,SIMULATED
2026-09-11 10:49:30,109.5,3,severe_disturbance_lid_open,12.9375,33.0625,68.0,OPEN,0.08412,-0.00202,13.7615,13.7787,85.24,CRITICAL,0.0,0.0,1.0,0.0,0.0,1.0,0.8412,0.0,1.0,14352.8,OK,DEPLOYED,12.9957,33.1,14400.0,SIMULATED
2026-09-11 10:49:40,109.66666666666667,3,severe_disturbance_lid_open,13.0625,33.0625,68.0,OPEN,0.08393,0.00296,13.8821,13.9018,85.24,CRITICAL,0.0,0.0,1.0,0.0,0.0,1.0,0.8393,0.0059,1.0,14339.1,OK,DEPLOYED,13.0097,33.1143,14400.0,SIMULATED
2026-09-11 10:49:50,109.83333333333333,3,severe_disturbance_lid_open,13.0625,33.125,68.0,OPEN,0.0838,0.00645,13.8843,13.9005,85.27,CRITICAL,0.0,0.0,1.0,0.0,0.0,1.0,0.838,0.0129,1.0,14345.4,OK,DEPLOYED,13.0237,33.1286,14400.0,SIMULATED
2026-09-11 10:50:00,110.0,3,severe_disturbance_lid_open,13.0625,33.125,68.0,OPEN,0.08381,0.0089,13.8841,13.9006,85.32,CRITICAL,0.0,0.0,1.0,0.0,0.0,1.0,0.8381,0.0178,1.0,14349.5,OK,DEPLOYED,13.0376,33.1429,14400.0,SIMULATED
2026-09-11 10:50:10,110.16666666666667,3,severe_disturbance_lid_open,13.125,33.125,68.0,OPEN,0.0842,0.01061,13.9454,13.967,85.47,CRITICAL,0.0,0.0,1.0,0.0,0.0,1.0,0.842,0.0212,1.0,14324.9,OK,DEPLOYED,13.0516,33.1571,14400.0,SIMULATED
2026-09-11 10:50:20,110.33333333333333,3,severe_disturbance_lid_open,13.0625,33.125,68.0,OPEN,0.08441,0.0118,13.8864,13.9066,85.56,CRITICAL,0.0,0.0,1.0,0.0,0.0,1.0,0.8441,0.0236,1.0,14308.8,OK,DEPLOYED,13.0655,33.1714,14400.0,SIMULATED
2026-09-11 10:50:30,110.5,3,severe_disturbance_lid_open,13.125,33.25,68.0,OPEN,0.08477,0.01264,13.9524,13.9727,85.68,CRITICAL,0.0,0.0,1.0,0.0,0.0,1.0,0.8477,0.0253,1.0,14292.7,OK,DEPLOYED,13.0795,33.1857,14400.0,SIMULATED
2026-09-11 10:50:40,110.66666666666667,3,severe_disturbance_lid_open,13.0625,33.1875,69.0,OPEN,0.08497,0.01608,13.891,13.9122,85.81,CRITICAL,0.0,0.0,1.0,0.0,0.0,1.0,0.8497,0.0322,1.0,14272.0,OK,DEPLOYED,13.0934,33.2,14400.0,SIMULATED
2026-09-11 10:50:50,110.83333333333333,3,severe_disturbance_lid_open,13.0,33.1875,68.0,OPEN,0.08481,0.0184,13.831,13.8481,85.81,CRITICAL,0.0,0.0,1.0,0.0,0.0,1.0,0.8481,0.0368,1.0,14274.3,OK,DEPLOYED,13.1074,33.2143,14400.0,SIMULATED
2026-09-11 10:51:00,111.0,3,severe_disturbance_lid_open,13.125,33.25,68.0,OPEN,0.08487,0.02287,13.9541,13.9737,85.92,CRITICAL,0.0,0.0,1.0,0.0,0.0,1.0,0.8487,0.0457,1.0,14262.7,OK,DEPLOYED,13.1214,33.2286,14400.0,SIMULATED
2026-09-11 10:51:10,111.16666666666667,3,severe_disturbance_lid_open,13.0625,33.25,67.0,OPEN,0.08463,0.0261,13.8934,13.9088,85.91,CRITICAL,0.0,0.0,1.0,0.0,0.0,1.0,0.8463,0.0522,1.0,14275.0,OK,DEPLOYED,13.1353,33.2429,14400.0,SIMULATED
2026-09-11 10:51:20,111.33333333333333,3,severe_disturbance_lid_open,13.1875,33.1875,68.0,OPEN,0.08466,0.02855,14.0121,14.0341,85.97,CRITICAL,0.0,0.0,1.0,0.0,0.0,1.0,0.8466,0.0571,1.0,14249.9,OK,DEPLOYED,13.1493,33.2571,14400.0,SIMULATED
2026-09-11 10:51:30,111.5,3,severe_disturbance_lid_open,13.125,33.1875,68.0,OPEN,0.08442,0.02751,13.9521,13.9692,85.88,CRITICAL,0.0,0.0,1.0,0.0,0.0,1.0,0.8442,0.055,1.0,14252.2,OK,DEPLOYED,13.1632,33.2714,14400.0,SIMULATED
2026-09-11 10:51:40,111.66666666666667,3,severe_disturbance_lid_open,13.1875,33.3125,68.0,OPEN,0.08428,0.02687,14.0161,14.0303,85.82,CRITICAL,0.0,0.0,1.0,0.0,0.0,1.0,0.8428,0.0537,1.0,14271.1,OK,DEPLOYED,13.1772,33.2857,14400.0,SIMULATED
2026-09-11 10:51:50,111.83333333333333,3,severe_disturbance_lid_open,13.0625,33.3125,67.0,OPEN,0.08376,0.02366,13.8929,13.9001,85.6,CRITICAL,0.0,0.0,1.0,0.0,0.0,1.0,0.8376,0.0473,1.0,14329.7,OK,DEPLOYED,13.1912,33.3,14400.0,SIMULATED
2026-09-11 10:52:00,112.0,3,severe_disturbance_lid_open,13.25,33.3125,68.0,OPEN,0.084,0.02161,14.0727,14.09,85.63,CRITICAL,0.0,0.0,1.0,0.0,0.0,1.0,0.84,0.0432,1.0,14329.9,OK,DEPLOYED,13.2051,33.3143,14400.0,SIMULATED
2026-09-11 10:52:10,112.16666666666667,3,severe_disturbance_lid_open,13.25,33.375,69.0,OPEN,0.08396,0.02322,14.0745,14.0896,85.65,CRITICAL,0.0,0.0,1.0,0.0,0.0,1.0,0.8396,0.0464,1.0,14342.9,OK,DEPLOYED,13.2191,33.3286,14400.0,SIMULATED
2026-09-11 10:52:20,112.33333333333333,3,severe_disturbance_lid_open,13.25,33.3125,68.0,OPEN,0.08418,0.02444,14.0726,14.0918,85.74,CRITICAL,0.0,0.0,1.0,0.0,0.0,1.0,0.8418,0.0489,1.0,14332.1,OK,DEPLOYED,13.233,33.3429,14400.0,SIMULATED
2026-09-11 10:52:30,112.5,3,severe_disturbance_lid_open,13.3125,33.25,68.0,OPEN,0.0845,0.02539,14.1324,14.1575,85.86,CRITICAL,0.0,0.0,1.0,0.0,0.0,1.0,0.845,0.0508,1.0,14288.2,OK,DEPLOYED,13.247,33.3571,14400.0,SIMULATED
2026-09-11 10:52:40,112.66666666666667,3,severe_disturbance_lid_open,13.25,33.375,68.0,OPEN,0.08463,0.02615,14.0779,14.0963,85.91,CRITICAL,0.0,0.0,1.0,0.0,0.0,1.0,0.8463,0.0523,1.0,14283.3,OK,DEPLOYED,13.261,33.3714,14400.0,SIMULATED
2026-09-11 10:52:50,112.83333333333333,3,severe_disturbance_lid_open,13.375,33.375,68.0,OPEN,0.08507,0.02678,14.2002,14.2257,86.06,CRITICAL,0.0,0.0,1.0,0.0,0.0,1.0,0.8507,0.0536,1.0,14239.0,OK,DEPLOYED,13.2749,33.3857,14400.0,SIMULATED
2026-09-11 10:53:00,113.0,3,severe_disturbance_lid_open,13.375,33.5,68.0,OPEN,0.08565,0.02731,14.2074,14.2315,86.24,CRITICAL,0.0,0.0,1.0,0.0,0.0,1.0,0.8565,0.0546,1.0,14203.8,OK,DEPLOYED,13.2889,33.4,14400.0,SIMULATED
2026-09-11 10:53:10,113.16666666666667,3,severe_disturbance_lid_open,13.25,33.4375,67.0,OPEN,0.08587,0.02197,14.0864,14.1087,86.2,CRITICAL,0.0,0.0,1.0,0.0,0.0,1.0,0.8587,0.0439,1.0,14179.1,OK,DEPLOYED,13.3028,33.4143,14400.0,SIMULATED
2026-09-11 10:53:20,113.33333333333333,3,severe_disturbance_lid_open,13.375,33.4375,68.0,OPEN,0.08632,0.01833,14.2096,14.2382,86.26,CRITICAL,0.0,0.0,1.0,0.0,0.0,1.0,0.8632,0.0367,1.0,14120.7,OK,DEPLOYED,13.3168,33.4286,14400.0,SIMULATED
2026-09-11 10:53:30,113.5,3,severe_disturbance_lid_open,13.375,33.4375,68.0,OPEN,0.08665,0.01588,14.2129,14.2415,86.31,CRITICAL,0.0,0.0,1.0,0.0,0.0,1.0,0.8665,0.0318,1.0,14063.6,OK,DEPLOYED,13.3308,33.4429,14400.0,SIMULATED
2026-09-11 10:53:40,113.66666666666667,3,severe_disturbance_lid_open,13.3125,33.4375,68.0,OPEN,0.08681,0.01131,14.1553,14.1806,86.27,CRITICAL,0.0,0.0,1.0,0.0,0.0,1.0,0.8681,0.0226,1.0,14025.1,OK,DEPLOYED,13.3447,33.4571,14400.0,SIMULATED
2026-09-11 10:53:50,113.83333333333333,3,severe_disturbance_lid_open,13.375,33.4375,68.0,OPEN,0.08678,0.0081,14.2174,14.2428,86.2,CRITICAL,0.0,0.0,1.0,0.0,0.0,1.0,0.8678,0.0162,1.0,13986.7,OK,DEPLOYED,13.3587,33.4714,14400.0,SIMULATED
2026-09-11 10:54:00,114.0,3,severe_disturbance_lid_open,13.375,33.4375,68.0,OPEN,0.08652,0.00586,14.2185,14.2402,86.07,CRITICAL,0.0,0.0,1.0,0.0,0.0,1.0,0.8652,0.0117,1.0,13968.4,OK,DEPLOYED,13.3726,33.4857,14400.0,SIMULATED
2026-09-11 10:54:10,114.16666666666667,3,severe_disturbance_lid_open,13.4375,33.375,68.0,OPEN,0.08655,0.00429,14.2779,14.303,86.05,CRITICAL,0.0,0.0,1.0,0.0,0.0,1.0,0.8655,0.0086,1.0,13931.5,OK,DEPLOYED,13.3866,33.5,14400.0,SIMULATED
2026-09-11 10:54:20,114.33333333333333,3,severe_disturbance_lid_open,13.375,33.5625,68.0,OPEN,0.08635,0.00025,14.2246,14.2385,85.91,CRITICAL,0.0,0.0,1.0,0.0,0.0,1.0,0.8635,0.0005,1.0,13955.3,OK,DEPLOYED,13.4006,33.5143,14400.0,SIMULATED
2026-09-11 10:54:30,114.5,3,severe_disturbance_lid_open,13.4375,33.5,68.0,OPEN,0.08608,-0.00268,14.2814,14.2983,85.82,CRITICAL,0.0,0.0,1.0,0.0,0.0,1.0,0.8608,0.0,1.0,13962.4,OK,DEPLOYED,13.4145,33.5286,14400.0,SIMULATED
2026-09-11 10:54:40,114.66666666666667,3,severe_disturbance_lid_open,13.5,33.4375,69.0,OPEN,0.08585,-0.00492,14.339,14.3585,85.76,CRITICAL,0.0,0.0,1.0,0.0,0.0,1.0,0.8585,0.0,1.0,13955.2,OK,DEPLOYED,13.4285,33.5429,14400.0,SIMULATED
2026-09-11 10:54:50,114.83333333333333,3,severe_disturbance_lid_open,13.5625,33.4375,67.0,OPEN,0.08628,-0.00963,14.4009,14.4253,85.89,CRITICAL,0.0,0.0,1.0,0.0,0.0,1.0,0.8628,0.0,1.0,13921.6,OK,DEPLOYED,13.4425,33.5571,14400.0,SIMULATED
2026-09-11 10:55:00,115.0,3,severe_disturbance_lid_open,13.4375,33.625,68.0,OPEN,0.08656,-0.01312,14.288,14.3031,85.97,CRITICAL,0.0,0.0,1.0,0.0,0.0,1.0,0.8656,0.0,1.0,13939.5,OK,DEPLOYED,13.4564,33.5714,14400.0,SIMULATED
2026-09-11 10:55:10,115.16666666666667,3,severe_disturbance_lid_open,13.5,33.5625,68.0,OPEN,0.08701,-0.01575,14.3468,14.3701,86.1,CRITICAL,0.0,0.0,1.0,0.0,0.0,1.0,0.8701,0.0,1.0,13913.5,OK,DEPLOYED,13.4704,33.5857,14400.0,SIMULATED
2026-09-11 10:55:20,115.33333333333333,3,severe_disturbance_lid_open,13.5,33.625,68.0,OPEN,0.08713,-0.01779,14.3502,14.3713,86.14,CRITICAL,0.0,0.0,1.0,0.0,0.0,1.0,0.8713,0.0,1.0,13899.9,OK,DEPLOYED,13.4844,33.6,14400.0,SIMULATED
2026-09-11 10:55:30,115.5,3,severe_disturbance_lid_open,13.4375,33.5625,68.0,OPEN,0.08694,-0.0194,14.2879,14.3069,86.08,CRITICAL,0.0,0.0,1.0,0.0,0.0,1.0,0.8694,0.0,1.0,13897.1,OK,DEPLOYED,13.4983,33.6143,14400.0,SIMULATED
2026-09-11 10:55:40,115.66666666666667,3,severe_disturbance_lid_open,13.5,33.5625,68.0,OPEN,0.08682,-0.02072,14.3482,14.3682,86.05,CRITICAL,0.0,0.0,1.0,0.0,0.0,1.0,0.8682,0.0,1.0,13889.0,OK,DEPLOYED,13.5123,33.6286,14400.0,SIMULATED
2026-09-11 10:55:50,115.83333333333333,3,severe_disturbance_lid_open,13.5,33.6875,68.0,OPEN,0.08667,-0.01888,14.3522,14.3667,86.0,CRITICAL,0.0,0.0,1.0,0.0,0.0,1.0,0.8667,0.0,1.0,13910.6,OK,DEPLOYED,13.5262,33.6429,14400.0,SIMULATED
2026-09-11 10:56:00,116.0,3,severe_disturbance_lid_open,13.625,33.6875,68.0,OPEN,0.0866,-0.01769,14.4721,14.491,85.98,CRITICAL,0.0,0.0,1.0,0.0,0.0,1.0,0.866,0.0,1.0,13908.1,OK,DEPLOYED,13.5402,33.6571,14400.0,SIMULATED
2026-09-11 10:56:10,116.16666666666667,3,severe_disturbance_lid_open,13.5625,33.8125,68.0,OPEN,0.08667,-0.01695,14.4159,14.4292,86.0,CRITICAL,0.0,0.0,1.0,0.0,0.0,1.0,0.8667,0.0,1.0,13935.8,OK,DEPLOYED,13.5542,33.6714,14400.0,SIMULATED
2026-09-11 10:56:20,116.33333333333333,3,severe_disturbance_lid_open,13.625,33.6875,68.0,OPEN,0.08695,-0.01653,14.4718,14.4945,86.08,CRITICAL,0.0,0.0,1.0,0.0,0.0,1.0,0.8695,0.0,1.0,13913.0,OK,DEPLOYED,13.5681,33.6857,14400.0,SIMULATED
2026-09-11 10:56:30,116.5,3,severe_disturbance_lid_open,13.5,33.75,69.0,OPEN,0.08674,-0.01348,14.3533,14.3674,86.02,CRITICAL,0.0,0.0,1.0,0.0,0.0,1.0,0.8674,0.0,1.0,13936.5,OK,DEPLOYED,13.5821,33.7,14400.0,SIMULATED
2026-09-11 10:56:40,116.66666666666667,3,severe_disturbance_lid_open,13.5625,33.6875,68.0,OPEN,0.08649,-0.01153,14.4102,14.4274,85.95,CRITICAL,0.0,0.0,1.0,0.0,0.0,1.0,0.8649,0.0,1.0,13942.9,OK,DEPLOYED,13.5961,33.7143,14400.0,SIMULATED
2026-09-11 10:56:50,116.83333333333333,3,severe_disturbance_lid_open,13.75,33.75,67.0,OPEN,0.08665,-0.01321,14.5938,14.6165,86.0,CRITICAL,0.0,0.0,1.0,0.0,0.0,1.0,0.8665,0.0,1.0,13919.3,OK,DEPLOYED,13.61,33.7286,14400.0,SIMULATED
2026-09-11 10:57:00,117.0,3,severe_disturbance_lid_open,13.625,33.8125,68.0,OPEN,0.08666,-0.01448,14.4758,14.4916,86.0,CRITICAL,0.0,0.0,1.0,0.0,0.0,1.0,0.8666,0.0,1.0,13933.8,OK,DEPLOYED,13.624,33.7429,14400.0,SIMULATED
2026-09-11 10:57:10,117.16666666666667,3,severe_disturbance_lid_open,13.625,33.6875,68.0,OPEN,0.08666,-0.01547,14.4712,14.4916,86.0,CRITICAL,0.0,0.0,1.0,0.0,0.0,1.0,0.8666,0.0,1.0,13923.0,OK,DEPLOYED,13.638,33.7571,14400.0,SIMULATED
2026-09-11 10:57:20,117.33333333333333,3,severe_disturbance_lid_open,13.625,33.8125,68.0,OPEN,0.08658,-0.01625,14.4755,14.4908,85.97,CRITICAL,0.0,0.0,1.0,0.0,0.0,1.0,0.8658,0.0,1.0,13939.8,OK,DEPLOYED,13.6519,33.7714,14400.0,SIMULATED
2026-09-11 10:57:30,117.5,3,severe_disturbance_lid_open,13.6875,33.75,69.0,OPEN,0.08654,-0.01404,14.5332,14.5529,85.96,CRITICAL,0.0,0.0,1.0,0.0,0.0,1.0,0.8654,0.0,1.0,13932.5,OK,DEPLOYED,13.6659,33.7857,14400.0,SIMULATED
2026-09-11 10:57:40,117.66666666666667,3,severe_disturbance_lid_open,13.6875,33.8125,68.0,OPEN,0.08644,-0.00973,14.5352,14.5519,85.93,CRITICAL,0.0,0.0,1.0,0.0,0.0,1.0,0.8644,0.0,1.0,13941.5,OK,DEPLOYED,13.6799,33.8,14400.0,SIMULATED
2026-09-11 10:57:50,117.83333333333333,3,severe_disturbance_lid_open,13.6875,33.8125,68.0,OPEN,0.08641,-0.00681,14.5348,14.5516,85.92,CRITICAL,0.0,0.0,1.0,0.0,0.0,1.0,0.8641,0.0,1.0,13949.6,OK,DEPLOYED,13.6938,33.8143,14400.0,SIMULATED
2026-09-11 10:58:00,118.0,3,severe_disturbance_lid_open,13.625,33.875,68.0,OPEN,0.08599,-0.00487,14.4748,14.4849,85.8,CRITICAL,0.0,0.0,1.0,0.0,0.0,1.0,0.8599,0.0,1.0,13994.7,OK,DEPLOYED,13.7078,33.8286,14400.0,SIMULATED
2026-09-11 10:58:10,118.16666666666667,3,severe_disturbance_lid_open,13.75,33.875,68.0,OPEN,0.08575,-0.0036,14.5933,14.6075,85.72,CRITICAL,0.0,0.0,1.0,0.0,0.0,1.0,0.8575,0.0,1.0,14016.4,OK,DEPLOYED,13.7218,33.8429,14400.0,SIMULATED
2026-09-11 10:58:20,118.33333333333333,3,severe_disturbance_lid_open,13.75,33.8125,69.0,OPEN,0.08556,-0.0029,14.5899,14.6056,85.67,CRITICAL,0.0,0.0,1.0,0.0,0.0,1.0,0.8556,0.0,1.0,14029.7,OK,DEPLOYED,13.7357,33.8571,14400.0,SIMULATED
2026-09-11 10:58:30,118.5,3,severe_disturbance_lid_open,13.6875,33.9375,68.0,OPEN,0.08496,-0.00269,14.5313,14.5371,85.49,CRITICAL,0.0,0.0,1.0,0.0,0.0,1.0,0.8496,0.0,1.0,14097.7,OK,DEPLOYED,13.7497,33.8714,14400.0,SIMULATED
2026-09-11 10:58:40,118.66666666666667,3,severe_disturbance_lid_open,13.8125,33.9375,68.0,OPEN,0.08471,0.00011,14.6488,14.6596,85.41,CRITICAL,0.0,0.0,1.0,0.0,0.0,1.0,0.8471,0.0002,1.0,14137.1,OK,DEPLOYED,13.7637,33.8857,14400.0,SIMULATED
2026-09-11 10:58:50,118.83333333333333,3,severe_disturbance_lid_open,13.75,33.875,67.0,OPEN,0.08444,-0.00097,14.5839,14.5944,85.33,CRITICAL,0.0,0.0,1.0,0.0,0.0,1.0,0.8444,0.0,1.0,14177.8,OK,DEPLOYED,13.7776,33.9,14400.0,SIMULATED
2026-09-11 10:59:00,119.0,3,severe_disturbance_lid_open,13.8125,33.8125,68.0,OPEN,0.08445,0.00113,14.6408,14.657,85.36,CRITICAL,0.0,0.0,1.0,0.0,0.0,1.0,0.8445,0.0023,1.0,14185.6,OK,DEPLOYED,13.7916,33.9143,14400.0,SIMULATED
2026-09-11 10:59:10,119.16666666666667,3,severe_disturbance_lid_open,13.8125,33.875,68.0,OPEN,0.0844,0.0026,14.6423,14.6565,85.37,CRITICAL,0.0,0.0,1.0,0.0,0.0,1.0,0.844,0.0052,1.0,14205.0,OK,DEPLOYED,13.8056,33.9286,14400.0,SIMULATED
2026-09-11 10:59:20,119.33333333333333,3,severe_disturbance_lid_open,13.8125,33.9375,68.0,OPEN,0.08421,0.00363,14.6429,14.6546,85.33,CRITICAL,0.0,0.0,1.0,0.0,0.0,1.0,0.8421,0.0073,1.0,14238.7,OK,DEPLOYED,13.8196,33.9429,14400.0,SIMULATED
2026-09-11 10:59:30,119.5,3,severe_disturbance_lid_open,13.875,33.875,68.0,OPEN,0.08402,0.00435,14.6996,14.7152,85.29,CRITICAL,0.0,0.0,1.0,0.0,0.0,1.0,0.8402,0.0087,1.0,14249.6,OK,DEPLOYED,13.8335,33.9571,14400.0,SIMULATED
2026-09-11 10:59:40,119.66666666666667,3,severe_disturbance_lid_open,13.875,33.9375,68.0,OPEN,0.08375,0.00485,14.7005,14.7125,85.22,CRITICAL,0.0,0.0,1.0,0.0,0.0,1.0,0.8375,0.0097,1.0,14280.6,OK,DEPLOYED,13.8475,33.9714,14400.0,SIMULATED
2026-09-11 10:59:50,119.83333333333333,3,severe_disturbance_lid_open,13.875,34.0,68.0,OPEN,0.08369,0.00521,14.701,14.7119,85.21,CRITICAL,0.0,0.0,1.0,0.0,0.0,1.0,0.8369,0.0104,1.0,14317.4,OK,DEPLOYED,13.8615,33.9857,14400.0,SIMULATED
2026-09-11 11:00:00,120.0,3,severe_disturbance_lid_open,13.875,33.9375,68.0,OPEN,0.08371,0.00545,14.6975,14.7121,85.22,CRITICAL,0.0,0.0,1.0,0.0,0.0,1.0,0.8371,0.0109,1.0,14332.8,OK,DEPLOYED,13.8754,34.0,14400.0,SIMULATED
2026-09-11 09:00:00,0.0,4,refrigeration_failure_low_ambient,4.9375,12.0,45.0,CLOSED,0.0,0.0,4.9481,4.9375,0.0,LOW,240.0,239.0,240.0,240.0,76.67,0.0,0.0,0.0,0.0,400000.0,WARMUP,IDLE,5.0,12.0,144000.0,SIMULATED
2026-09-11 09:00:10,0.16666666666666666,4,refrigeration_failure_low_ambient,5.0625,11.9375,45.0,CLOSED,0.0,0.0,5.0728,5.0625,0.83,LOW,240.0,239.0,240.0,240.0,76.5,0.0208,0.0,0.0,0.0,400000.0,WARMUP,IDLE,5.0005,12.0,144000.0,SIMULATED
2026-09-11 09:00:20,0.3333333333333333,4,refrigeration_failure_low_ambient,5.0625,12.0,45.0,CLOSED,0.0,0.0,5.0729,5.0625,0.83,LOW,240.0,239.0,240.0,240.0,76.33,0.0208,0.0,0.0,0.0,400000.0,WARMUP,IDLE,5.001,12.0,144000.0,SIMULATED
2026-09-11 09:00:30,0.5,4,refrigeration_failure_low_ambient,5.0,12.0625,45.0,CLOSED,0.0,0.0,5.0106,5.0,0.0,LOW,240.0,239.0,240.0,240.0,76.17,0.0,0.0,0.0,0.0,400000.0,WARMUP,IDLE,5.0015,12.0,144000.0,SIMULATED
2026-09-11 09:00:40,0.6666666666666666,4,refrigeration_failure_low_ambient,4.9375,12.0625,45.0,CLOSED,0.0,0.0,4.9482,4.9375,0.0,LOW,240.0,239.0,240.0,240.0,76.0,0.0,0.0,0.0,0.0,400000.0,WARMUP,IDLE,5.0019,12.0,144000.0,SIMULATED
2026-09-11 09:00:50,0.8333333333333334,4,refrigeration_failure_low_ambient,5.0625,12.0,45.0,CLOSED,0.0,0.0,5.0729,5.0625,0.83,LOW,240.0,239.0,240.0,240.0,75.83,0.0208,0.0,0.0,0.0,400000.0,WARMUP,IDLE,5.0024,12.0,144000.0,SIMULATED
2026-09-11 09:01:00,1.0,4,refrigeration_failure_low_ambient,4.9375,12.0,44.0,CLOSED,0.0,0.0,4.9481,4.9375,0.0,LOW,240.0,239.0,240.0,240.0,75.67,0.0,0.0,0.0,0.0,400000.0,WARMUP,IDLE,5.0029,12.0,144000.0,SIMULATED
2026-09-11 09:01:10,1.1666666666666667,4,refrigeration_failure_low_ambient,4.9375,12.0625,45.0,CLOSED,0.0,0.0,4.9482,4.9375,0.0,LOW,240.0,239.0,240.0,240.0,75.5,0.0,0.0,0.0,0.0,400000.0,WARMUP,IDLE,5.0034,12.0,144000.0,SIMULATED
2026-09-11 09:01:20,1.3333333333333333,4,refrigeration_failure_low_ambient,5.0625,11.9375,45.0,CLOSED,0.0,0.0,5.0728,5.0625,0.83,LOW,240.0,239.0,240.0,240.0,75.33,0.0208,0.0,0.0,0.0,400000.0,WARMUP,IDLE,5.0039,12.0,144000.0,SIMULATED
2026-09-11 09:01:30,1.5,4,refrigeration_failure_low_ambient,5.0,12.0625,45.0,CLOSED,0.0,0.0,5.0106,5.0,0.0,LOW,240.0,239.0,240.0,240.0,75.17,0.0,0.0,0.0,0.0,400000.0,WARMUP,IDLE,5.0044,12.0,144000.0,SIMULATED
2026-09-11 09:01:40,1.6666666666666667,4,refrigeration_failure_low_ambient,5.0,12.0,45.0,CLOSED,0.0,0.0,5.0105,5.0,0.0,LOW,240.0,239.0,240.0,240.0,75.0,0.0,0.0,0.0,0.0,400000.0,WARMUP,IDLE,5.0049,12.0,144000.0,SIMULATED
2026-09-11 09:01:50,1.8333333333333333,4,refrigeration_failure_low_ambient,5.0,11.9375,45.0,CLOSED,0.0,0.0,5.0104,5.0,0.0,LOW,240.0,239.0,240.0,240.0,74.83,0.0,0.0,0.0,0.0,400000.0,WARMUP,IDLE,5.0053,12.0,144000.0,SIMULATED
2026-09-11 09:02:00,2.0,4,refrigeration_failure_low_ambient,5.0625,12.0,46.0,CLOSED,0.0,0.0,5.0729,5.0625,0.83,LOW,240.0,239.0,240.0,240.0,74.67,0.0208,0.0,0.0,0.0,400000.0,WARMUP,IDLE,5.0058,12.0,144000.0,SIMULATED
2026-09-11 09:02:10,2.1666666666666665,4,refrigeration_failure_low_ambient,5.0,11.9375,45.0,CLOSED,0.0,0.0,5.0104,5.0,0.0,LOW,240.0,239.0,240.0,240.0,74.5,0.0,0.0,0.0,0.0,400000.0,WARMUP,IDLE,5.0063,12.0,144000.0,SIMULATED
2026-09-11 09:02:20,2.3333333333333335,4,refrigeration_failure_low_ambient,5.0,12.0625,45.0,CLOSED,0.0,0.0,5.0106,5.0,0.0,LOW,240.0,239.0,240.0,240.0,74.33,0.0,0.0,0.0,0.0,400000.0,WARMUP,IDLE,5.0068,12.0,144000.0,SIMULATED
2026-09-11 09:02:30,2.5,4,refrigeration_failure_low_ambient,5.0,11.9375,45.0,CLOSED,0.0,0.0,5.0104,5.0,0.0,LOW,240.0,239.0,240.0,240.0,74.17,0.0,0.0,0.0,0.0,400000.0,WARMUP,IDLE,5.0073,12.0,144000.0,SIMULATED
2026-09-11 09:02:40,2.6666666666666665,4,refrigeration_failure_low_ambient,5.0,12.0,45.0,CLOSED,0.0,0.0,5.0105,5.0,0.0,LOW,240.0,239.0,240.0,240.0,74.0,0.0,0.0,0.0,0.0,400000.0,WARMUP,IDLE,5.0078,12.0,144000.0,SIMULATED
2026-09-11 09:02:50,2.8333333333333335,4,refrigeration_failure_low_ambient,5.0625,12.0625,45.0,CLOSED,0.0,0.0,5.073,5.0625,0.83,LOW,240.0,239.0,240.0,240.0,73.83,0.0208,0.0,0.0,0.0,400000.0,WARMUP,IDLE,5.0083,12.0,144000.0,SIMULATED
2026-09-11 09:03:00,3.0,4,refrigeration_failure_low_ambient,5.0625,12.0625,45.0,CLOSED,0.0,0.0,5.073,5.0625,0.83,LOW,240.0,239.0,240.0,240.0,73.67,0.0208,0.0,0.0,0.0,400000.0,WARMUP,IDLE,5.0087,12.0,144000.0,SIMULATED
2026-09-11 09:03:10,3.1666666666666665,4,refrigeration_failure_low_ambient,5.0,11.9375,45.0,CLOSED,0.0,0.0,5.0104,5.0,0.0,LOW,240.0,239.0,240.0,240.0,73.5,0.0,0.0,0.0,0.0,400000.0,WARMUP,IDLE,5.0092,12.0,144000.0,SIMULATED
2026-09-11 09:03:20,3.3333333333333335,4,refrigeration_failure_low_ambient,5.0,12.0,45.0,CLOSED,0.0,0.0,5.0105,5.0,0.0,LOW,240.0,239.0,240.0,240.0,73.33,0.0,0.0,0.0,0.0,400000.0,WARMUP,IDLE,5.0097,12.0,144000.0,SIMULATED
2026-09-11 09:03:30,3.5,4,refrigeration_failure_low_ambient,5.0,11.875,45.0,CLOSED,0.0,0.0,5.0103,5.0,0.0,LOW,240.0,239.0,240.0,240.0,73.17,0.0,0.0,0.0,0.0,400000.0,WARMUP,IDLE,5.0102,12.0,144000.0,SIMULATED
2026-09-11 09:03:40,3.6666666666666665,4,refrigeration_failure_low_ambient,5.0,12.0625,44.0,CLOSED,0.0,0.0,5.0106,5.0,0.0,LOW,240.0,239.0,240.0,240.0,73.0,0.0,0.0,0.0,0.0,400000.0,WARMUP,IDLE,5.0107,12.0,144000.0,SIMULATED
2026-09-11 09:03:50,3.8333333333333335,4,refrigeration_failure_low_ambient,4.9375,12.0,45.0,CLOSED,0.0,0.0,4.9481,4.9375,0.0,LOW,240.0,239.0,240.0,240.0,72.83,0.0,0.0,0.0,0.0,400000.0,WARMUP,IDLE,5.0112,12.0,144000.0,SIMULATED
2026-09-11 09:04:00,4.0,4,refrigeration_failure_low_ambient,5.0625,12.125,45.0,CLOSED,0.0,0.0,5.0731,5.0625,0.83,LOW,240.0,239.0,240.0,240.0,72.67,0.0208,0.0,0.0,0.0,400000.0,WARMUP,IDLE,5.0117,12.0,144000.0,SIMULATED
2026-09-11 09:04:10,4.166666666666667,4,refrigeration_failure_low_ambient,5.0,12.0,44.0,CLOSED,0.0,0.0,5.0105,5.0,0.0,LOW,240.0,239.0,240.0,240.0,72.5,0.0,0.0,0.0,0.0,400000.0,WARMUP,IDLE,5.0121,12.0,144000.0,SIMULATED
2026-09-11 09:04:20,4.333333333333333,4,refrigeration_failure_low_ambient,5.125,12.0,45.0,CLOSED,0.0,0.0,5.1353,5.125,1.67,LOW,240.0,239.0,240.0,240.0,72.33,0.0417,0.0,0.0,0.0,400000.0,WARMUP,IDLE,5.0126,12.0,144000.0,SIMULATED
2026-09-11 09:04:30,4.5,4,refrigeration_failure_low_ambient,5.125,11.9375,44.0,CLOSED,0.0,0.0,5.1352,5.125,1.67,LOW,240.0,239.0,240.0,240.0,72.17,0.0417,0.0,0.0,0.0,400000.0,WARMUP,IDLE,5.0131,12.0,144000.0,SIMULATED
2026-09-11 09:04:40,4.666666666666667,4,refrigeration_failure_low_ambient,5.0,12.0625,45.0,CLOSED,0.0,0.0,5.0106,5.0,0.0,LOW,240.0,239.0,240.0,240.0,72.0,0.0,0.0,0.0,0.0,400000.0,WARMUP,IDLE,5.0136,12.0,144000.0,SIMULATED
2026-09-11 09:04:50,4.833333333333333,4,refrigeration_failure_low_ambient,5.0,12.0,45.0,CLOSED,0.0,0.0,5.0105,5.0,0.0,LOW,240.0,239.0,240.0,240.0,71.83,0.0,0.0,0.0,0.0,400000.0,WARMUP,IDLE,5.0141,12.0,144000.0,SIMULATED
2026-09-11 09:05:00,5.0,4,refrigeration_failure_low_ambient,5.0625,12.0625,45.0,CLOSED,0.0,0.0,5.073,5.0625,0.83,LOW,240.0,239.0,240.0,240.0,71.67,0.0208,0.0,0.0,0.0,400000.0,WARMUP,IDLE,5.0146,12.0,144000.0,SIMULATED
2026-09-11 09:05:10,5.166666666666667,4,refrigeration_failure_low_ambient,5.0,11.9375,45.0,CLOSED,0.0,0.0,5.0104,5.0,0.0,LOW,240.0,239.0,240.0,240.0,71.5,0.0,0.0,0.0,0.0,400000.0,WARMUP,IDLE,5.0151,12.0,144000.0,SIMULATED
2026-09-11 09:05:20,5.333333333333333,4,refrigeration_failure_low_ambient,5.0625,12.0,45.0,CLOSED,0.0,0.0,5.0729,5.0625,0.83,LOW,240.0,239.0,240.0,240.0,71.33,0.0208,0.0,0.0,0.0,400000.0,WARMUP,IDLE,5.0155,12.0,144000.0,SIMULATED
2026-09-11 09:05:30,5.5,4,refrigeration_failure_low_ambient,5.0,12.0,45.0,CLOSED,0.0,0.0,5.0105,5.0,0.0,LOW,240.0,239.0,240.0,240.0,71.17,0.0,0.0,0.0,0.0,400000.0,WARMUP,IDLE,5.016,12.0,144000.0,SIMULATED
2026-09-11 09:05:40,5.666666666666667,4,refrigeration_failure_low_ambient,5.0625,12.0625,44.0,CLOSED,0.0,0.0,5.073,5.0625,0.83,LOW,240.0,239.0,240.0,240.0,71.0,0.0208,0.0,0.0,0.0,400000.0,WARMUP,IDLE,5.0165,12.0,144000.0,SIMULATED
2026-09-11 09:05:50,5.833333333333333,4,refrigeration_failure_low_ambient,5.0625,12.0,45.0,CLOSED,0.0,0.0,5.0729,5.0625,0.83,LOW,240.0,239.0,240.0,240.0,70.83,0.0208,0.0,0.0,0.0,400000.0,WARMUP,IDLE,5.017,12.0,144000.0,SIMULATED
2026-09-11 09:06:00,6.0,4,refrigeration_failure_low_ambient,5.0,12.0,45.0,CLOSED,0.0,0.0,5.0105,5.0,0.0,LOW,240.0,239.0,240.0,240.0,70.67,0.0,0.0,0.0,0.0,400000.0,WARMUP,IDLE,5.0175,12.0,144000.0,SIMULATED
2026-09-11 09:06:10,6.166666666666667,4,refrigeration_failure_low_ambient,5.0,12.0,45.0,CLOSED,0.0,0.0,5.0105,5.0,0.0,LOW,240.0,239.0,240.0,240.0,70.5,0.0,0.0,0.0,0.0,400000.0,WARMUP,IDLE,5.018,12.0,144000.0,SIMULATED
2026-09-11 09:06:20,6.333333333333333,4,refrigeration_failure_low_ambient,5.0625,12.0,44.0,CLOSED,0.0,0.0,5.0729,5.0625,0.83,LOW,240.0,239.0,240.0,240.0,70.33,0.0208,0.0,0.0,0.0,400000.0,WARMUP,IDLE,5.0184,12.0,144000.0,SIMULATED
2026-09-11 09:06:30,6.5,4,refrigeration_failure_low_ambient,5.0625,12.0,45.0,CLOSED,0.0,0.0,5.0729,5.0625,0.83,LOW,240.0,239.0,240.0,240.0,70.17,0.0208,0.0,0.0,0.0,400000.0,WARMUP,IDLE,5.0189,12.0,144000.0,SIMULATED
2026-09-11 09:06:40,6.666666666666667,4,refrigeration_failure_low_ambient,5.0625,12.0,45.0,CLOSED,0.0,0.0,5.0729,5.0625,0.83,LOW,240.0,239.0,240.0,240.0,70.0,0.0208,0.0,0.0,0.0,400000.0,WARMUP,IDLE,5.0194,12.0,144000.0,SIMULATED
2026-09-11 09:06:50,6.833333333333333,4,refrigeration_failure_low_ambient,5.0,12.0,45.0,CLOSED,0.0,0.0,5.0105,5.0,0.0,LOW,240.0,239.0,240.0,240.0,69.83,0.0,0.0,0.0,0.0,400000.0,WARMUP,IDLE,5.0199,12.0,144000.0,SIMULATED
2026-09-11 09:07:00,7.0,4,refrigeration_failure_low_ambient,5.0,12.0,45.0,CLOSED,0.0,0.0,5.0105,5.0,0.0,LOW,240.0,239.0,240.0,240.0,69.67,0.0,0.0,0.0,0.0,400000.0,WARMUP,IDLE,5.0204,12.0,144000.0,SIMULATED
2026-09-11 09:07:10,7.166666666666667,4,refrigeration_failure_low_ambient,5.0,12.0,45.0,CLOSED,0.0,0.0,5.0105,5.0,0.0,LOW,240.0,239.0,240.0,240.0,69.5,0.0,0.0,0.0,0.0,400000.0,WARMUP,IDLE,5.0209,12.0,144000.0,SIMULATED
2026-09-11 09:07:20,7.333333333333333,4,refrigeration_failure_low_ambient,5.0625,12.125,45.0,CLOSED,0.0,0.0,5.0731,5.0625,0.83,LOW,240.0,239.0,240.0,240.0,69.33,0.0208,0.0,0.0,0.0,400000.0,WARMUP,IDLE,5.0214,12.0,144000.0,SIMULATED
2026-09-11 09:07:30,7.5,4,refrigeration_failure_low_ambient,5.0625,12.0,45.0,CLOSED,0.0,0.0,5.0729,5.0625,0.83,LOW,240.0,239.0,240.0,240.0,69.17,0.0208,0.0,0.0,0.0,400000.0,WARMUP,IDLE,5.0218,12.0,144000.0,SIMULATED
2026-09-11 09:07:40,7.666666666666667,4,refrigeration_failure_low_ambient,4.875,11.9375,45.0,CLOSED,0.0,0.0,4.8856,4.875,0.0,LOW,240.0,239.0,240.0,240.0,69.0,0.0,0.0,0.0,0.0,400000.0,WARMUP,IDLE,5.0223,12.0,144000.0,SIMULATED
2026-09-11 09:07:50,7.833333333333333,4,refrigeration_failure_low_ambient,5.0625,12.0,45.0,CLOSED,0.0,0.0,5.0729,5.0625,0.83,LOW,240.0,239.0,240.0,240.0,68.83,0.0208,0.0,0.0,0.0,400000.0,WARMUP,IDLE,5.0228,12.0,144000.0,SIMULATED
2026-09-11 09:08:00,8.0,4,refrigeration_failure_low_ambient,5.0,12.0625,45.0,CLOSED,0.0,0.0,5.0106,5.0,0.0,LOW,240.0,239.0,240.0,240.0,68.67,0.0,0.0,0.0,0.0,400000.0,WARMUP,IDLE,5.0233,12.0,144000.0,SIMULATED
2026-09-11 09:08:10,8.166666666666666,4,refrigeration_failure_low_ambient,4.9375,12.0625,45.0,CLOSED,0.0,0.0,4.9482,4.9375,0.0,LOW,240.0,239.0,240.0,240.0,68.5,0.0,0.0,0.0,0.0,400000.0,WARMUP,IDLE,5.0238,12.0,144000.0,SIMULATED
2026-09-11 09:08:20,8.333333333333334,4,refrigeration_failure_low_ambient,5.0,11.9375,45.0,CLOSED,0.0,0.0,5.0104,5.0,0.0,LOW,240.0,239.0,240.0,240.0,68.33,0.0,0.0,0.0,0.0,400000.0,WARMUP,IDLE,5.0243,12.0,144000.0,SIMULATED
2026-09-11 09:08:30,8.5,4,refrigeration_failure_low_ambient,5.0,12.0625,46.0,CLOSED,0.0,0.0,5.0106,5.0,0.0,LOW,240.0,239.0,240.0,240.0,68.17,0.0,0.0,0.0,0.0,400000.0,WARMUP,IDLE,5.0247,12.0,144000.0,SIMULATED
2026-09-11 09:08:40,8.666666666666666,4,refrigeration_failure_low_ambient,5.0,11.875,45.0,CLOSED,0.0,0.0,5.0103,5.0,0.0,LOW,240.0,239.0,240.0,240.0,68.0,0.0,0.0,0.0,0.0,400000.0,WARMUP,IDLE,5.0252,12.0,144000.0,SIMULATED
2026-09-11 09:08:50,8.833333333333334,4,refrigeration_failure_low_ambient,5.0,12.0625,46.0,CLOSED,0.0,0.0,5.0106,5.0,0.0,LOW,240.0,239.0,240.0,240.0,67.83,0.0,0.0,0.0,0.0,400000.0,WARMUP,IDLE,5.0257,12.0,144000.0,SIMULATED
2026-09-11 09:09:00,9.0,4,refrigeration_failure_low_ambient,5.0625,12.0625,44.0,CLOSED,0.0,0.0,5.073,5.0625,0.83,LOW,240.0,239.0,240.0,240.0,67.67,0.0208,0.0,0.0,0.0,400000.0,WARMUP,IDLE,5.0262,12.0,144000.0,SIMULATED
2026-09-11 09:09:10,9.166666666666666,4,refrigeration_failure_low_ambient,5.0625,12.0625,45.0,CLOSED,0.0,0.0,5.073,5.0625,0.83,LOW,240.0,239.0,240.0,240.0,67.5,0.0208,0.0,0.0,0.0,400000.0,WARMUP,IDLE,5.0267,12.0,144000.0,SIMULATED
2026-09-11 09:09:20,9.333333333333334,4,refrigeration_failure_low_ambient,4.875,12.0625,45.0,CLOSED,0.0,0.0,4.8858,4.875,0.0,LOW,240.0,239.0,240.0,240.0,67.33,0.0,0.0,0.0,0.0,400000.0,WARMUP,IDLE,5.0272,12.0,144000.0,SIMULATED
2026-09-11 09:09:30,9.5,4,refrigeration_failure_low_ambient,5.0,12.0,46.0,CLOSED,0.0,0.0,5.0105,5.0,0.0,LOW,240.0,239.0,240.0,240.0,67.17,0.0,0.0,0.0,0.0,400000.0,WARMUP,IDLE,5.0277,12.0,144000.0,SIMULATED
2026-09-11 09:09:40,9.666666666666666,4,refrigeration_failure_low_ambient,5.0,12.0,46.0,CLOSED,0.0,0.0,5.0105,5.0,0.0,LOW,240.0,239.0,240.0,240.0,67.0,0.0,0.0,0.0,0.0,400000.0,WARMUP,IDLE,5.0281,12.0,144000.0,SIMULATED
2026-09-11 09:09:50,9.833333333333334,4,refrigeration_failure_low_ambient,5.0,11.9375,46.0,CLOSED,0.0,0.0,5.0104,5.0,0.0,LOW,240.0,239.0,240.0,240.0,66.83,0.0,0.0,0.0,0.0,400000.0,WARMUP,IDLE,5.0286,12.0,144000.0,SIMULATED
2026-09-11 09:10:00,10.0,4,refrigeration_failure_low_ambient,5.0,11.9375,45.0,OPEN,-4e-05,0.02668,5.0104,4.9996,20.53,LOW,240.0,239.0,240.0,240.0,66.67,0.0,0.0,0.0534,1.0,400000.0,OK,IDLE,5.0291,12.0,7200.0,SIMULATED
2026-09-11 09:10:10,10.166666666666666,4,refrigeration_failure_low_ambient,5.0,12.0,45.0,OPEN,-0.00046,0.02962,5.0105,4.9954,20.59,LOW,240.0,239.0,240.0,240.0,66.5,0.0,0.0,0.0592,1.0,400000.0,OK,IDLE,5.0388,12.0,7200.0,SIMULATED
2026-09-11 09:10:20,10.333333333333334,4,refrigeration_failure_low_ambient,5.125,11.9375,45.0,OPEN,-0.0003,0.03178,5.1352,5.122,22.3,LOW,240.0,239.0,240.0,240.0,66.33,0.0417,0.0,0.0636,1.0,400000.0,OK,IDLE,5.0484,12.0,7200.0,SIMULATED
2026-09-11 09:10:30,10.5,4,refrigeration_failure_low_ambient,5.0,12.0,46.0,OPEN,-9e-05,0.03624,5.0105,4.9991,20.72,LOW,240.0,239.0,240.0,240.0,66.17,0.0,0.0,0.0725,1.0,400000.0,OK,IDLE,5.0581,12.0,7200.0,SIMULATED
2026-09-11 09:10:40,10.666666666666666,4,refrigeration_failure_low_ambient,5.0625,11.9375,46.0,OPEN,0.00014,0.04221,5.0728,5.0639,21.72,LOW,240.0,239.0,240.0,240.0,66.0,0.0208,0.0014,0.0844,1.0,400000.0,OK,IDLE,5.0677,12.0,7200.0,SIMULATED
2026-09-11 09:10:50,10.833333333333334,4,refrigeration_failure_low_ambient,5.125,12.0,46.0,OPEN,0.00038,0.04916,5.1353,5.1288,22.76,LOW,240.0,239.0,240.0,240.0,65.83,0.0417,0.0038,0.0983,1.0,400000.0,OK,IDLE,5.0773,12.0,7200.0,SIMULATED
2026-09-11 09:11:00,11.0,4,refrigeration_failure_low_ambient,5.125,12.0,46.0,OPEN,0.00097,0.05668,5.1353,5.1347,23.09,LOW,240.0,239.0,240.0,240.0,65.67,0.0417,0.0097,0.1134,1.0,400000.0,OK,IDLE,5.087,12.0,7200.0,SIMULATED
2026-09-11 09:11:10,11.166666666666666,4,refrigeration_failure_low_ambient,5.0625,11.9375,46.0,OPEN,0.00126,0.06157,5.0728,5.0751,22.44,LOW,240.0,239.0,240.0,240.0,65.5,0.0208,0.0126,0.1231,1.0,400000.0,OK,IDLE,5.0966,12.0,7200.0,SIMULATED
2026-09-11 09:11:20,11.333333333333334,4,refrigeration_failure_low_ambient,5.25,12.0625,46.0,OPEN,0.00187,0.06737,5.2602,5.2687,25.24,LOW,240.0,239.0,240.0,240.0,65.33,0.0833,0.0187,0.1347,1.0,400000.0,OK,IDLE,5.1061,12.0,7200.0,SIMULATED
2026-09-11 09:11:30,11.5,4,refrigeration_failure_low_ambient,5.0625,11.9375,46.0,OPEN,0.00249,0.07372,5.0728,5.0874,23.05,LOW,240.0,239.0,240.0,240.0,65.17,0.0208,0.0249,0.1474,1.0,400000.0,OK,IDLE,5.1157,12.0,7200.0,SIMULATED
2026-09-11 09:11:40,11.666666666666666,4,refrigeration_failure_low_ambient,5.0625,11.9375,46.0,OPEN,0.00294,0.08035,5.0728,5.0919,23.32,LOW,240.0,239.0,240.0,240.0,65.0,0.0208,0.0294,0.1607,1.0,400000.0,OK,IDLE,5.1253,12.0,7200.0,SIMULATED
2026-09-11 09:11:50,11.833333333333334,4,refrigeration_failure_low_ambient,5.0625,12.0,46.0,OPEN,0.00327,0.08709,5.0729,5.0952,23.56,LOW,240.0,239.0,240.0,240.0,64.83,0.0208,0.0327,0.1742,1.0,400000.0,OK,IDLE,5.1348,12.0,7200.0,SIMULATED
2026-09-11 09:12:00,12.0,4,refrigeration_failure_low_ambient,5.1875,12.0,47.0,OPEN,0.00387,0.09666,5.1977,5.2262,25.59,LOW,240.0,239.0,240.0,240.0,64.67,0.0625,0.0387,0.1933,1.0,400000.0,OK,IDLE,5.1443,12.0,7200.0,SIMULATED
2026-09-11 09:12:10,12.166666666666666,4,refrigeration_failure_low_ambient,5.0625,12.0,47.0,OPEN,0.00446,0.11097,5.0729,5.1071,24.39,LOW,240.0,239.0,240.0,240.0,64.5,0.0208,0.0446,0.2219,1.0,400000.0,OK,IDLE,5.1538,12.0,7200.0,SIMULATED
2026-09-11 09:12:20,12.333333333333334,4,refrigeration_failure_low_ambient,5.25,12.0,47.0,OPEN,0.00539,0.12556,5.2601,5.3039,27.46,LOW,240.0,239.0,240.0,240.0,64.33,0.0833,0.0539,0.2511,1.0,400000.0,OK,IDLE,5.1633,12.0,7200.0,SIMULATED
2026-09-11 09:12:30,12.5,4,refrigeration_failure_low_ambient,5.1875,12.0,48.0,OPEN,0.00637,0.143,5.1977,5.2512,27.27,LOW,240.0,239.0,240.0,240.0,64.17,0.0625,0.0637,0.286,1.0,400000.0,OK,IDLE,5.1728,12.0,7200.0,SIMULATED
2026-09-11 09:12:40,12.666666666666666,4,refrigeration_failure_low_ambient,5.1875,11.9375,47.0,OPEN,0.00736,0.15931,5.1976,5.2611,27.89,LOW,240.0,239.0,240.0,240.0,64.0,0.0625,0.0736,0.3186,1.0,400000.0,OK,IDLE,5.1823,12.0,7200.0,SIMULATED
2026-09-11 09:12:50,12.833333333333334,4,refrigeration_failure_low_ambient,5.1875,12.125,48.0,OPEN,0.00833,0.17748,5.1979,5.2708,28.55,LOW,240.0,239.0,240.0,240.0,63.83,0.0625,0.0833,0.355,1.0,400000.0,OK,IDLE,5.1918,12.0,7200.0,SIMULATED
2026-09-11 09:13:00,13.0,4,refrigeration_failure_low_ambient,5.1875,12.0625,48.0,OPEN,0.00947,0.19668,5.1978,5.2822,29.27,LOW,240.0,239.0,240.0,240.0,63.67,0.0625,0.0947,0.3934,1.0,400000.0,OK,IDLE,5.2012,12.0,7200.0,SIMULATED
2026-09-11 09:13:10,13.166666666666666,4,refrigeration_failure_low_ambient,5.25,12.0,48.0,OPEN,0.01088,0.2163,5.2601,5.3588,30.92,MEDIUM,240.0,239.0,240.0,240.0,63.5,0.0833,0.1088,0.4326,1.0,400000.0,OK,IDLE,5.2107,12.0,7200.0,SIMULATED
2026-09-11 09:13:20,13.333333333333334,4,refrigeration_failure_low_ambient,5.25,12.0625,48.0,OPEN,0.01229,0.23594,5.2602,5.3729,31.74,MEDIUM,240.0,239.0,240.0,240.0,63.33,0.0833,0.1229,0.4719,1.0,400000.0,OK,IDLE,5.2201,12.0,7200.0,SIMULATED
2026-09-11 09:13:30,13.5,4,refrigeration_failure_low_ambient,5.3125,12.0625,48.0,OPEN,0.01384,0.2553,5.3226,5.4509,33.43,MEDIUM,240.0,239.0,240.0,240.0,63.17,0.1042,0.1384,0.5106,1.0,400000.0,OK,IDLE,5.2295,12.0,7200.0,SIMULATED
2026-09-11 09:13:40,13.666666666666666,4,refrigeration_failure_low_ambient,5.25,12.0,48.0,OPEN,0.01529,0.27418,5.273,5.4029,33.41,MEDIUM,240.0,239.0,240.0,179.81,63.0,0.0833,0.1529,0.5484,1.0,175889.1,OK,IDLE,5.2389,12.0,7200.0,SIMULATED
2026-09-11 09:13:50,13.833333333333334,4,refrigeration_failure_low_ambient,5.3125,11.9375,48.0,OPEN,0.01683,0.28949,5.3594,5.4808,35.0,MEDIUM,240.0,239.0,240.0,159.71,62.83,0.1042,0.1683,0.579,1.0,84529.1,OK,IDLE,5.2483,12.0,7200.0,SIMULATED
2026-09-11 09:14:00,14.0,4,refrigeration_failure_low_ambient,5.1875,12.0625,49.0,OPEN,0.01785,0.30773,5.2735,5.366,34.01,MEDIUM,240.0,239.0,240.0,157.59,62.67,0.0625,0.1785,0.6155,1.0,47679.3,OK,IDLE,5.2576,12.0,7200.0,SIMULATED
2026-09-11 09:14:10,14.166666666666666,4,refrigeration_failure_low_ambient,5.1875,12.0625,48.0,OPEN,0.01885,0.32478,5.3144,5.376,34.65,MEDIUM,240.0,239.0,240.0,149.18,62.5,0.0625,0.1885,0.6496,1.0,32199.7,OK,IDLE,5.267,12.0,7200.0,SIMULATED
2026-09-11 09:14:20,14.333333333333334,4,refrigeration_failure_low_ambient,5.25,12.0625,49.0,OPEN,0.01983,0.34062,5.3881,5.4483,36.09,MEDIUM,240.0,239.0,240.0,138.68,62.33,0.0833,0.1983,0.6812,1.0,29302.9,OK,IDLE,5.2763,12.0,7200.0,SIMULATED
2026-09-11 09:14:30,14.5,4,refrigeration_failure_low_ambient,5.25,12.125,49.0,OPEN,0.02113,0.35809,5.4019,5.4613,36.84,MEDIUM,228.65,227.19,230.12,130.13,62.17,0.0833,0.2113,0.7162,1.0,26856.9,OK,IDLE,5.2857,12.0,7200.0,SIMULATED
2026-09-11 09:14:40,14.666666666666666,4,refrigeration_failure_low_ambient,5.3125,11.9375,49.0,OPEN,0.02283,0.37336,5.4728,5.5408,38.48,MEDIUM,212.42,208.59,216.24,117.71,62.0,0.1042,0.2283,0.7467,1.0,24495.3,OK,IDLE,5.295,12.0,7200.0,SIMULATED
2026-09-11 09:14:50,14.833333333333334,4,refrigeration_failure_low_ambient,5.3125,11.9375,49.0,OPEN,0.02442,0.38957,5.4873,5.5567,39.28,MEDIUM,194.61,187.68,201.53,110.06,61.83,0.1042,0.2442,0.7791,1.0,22441.3,OK,IDLE,5.3043,12.0,7200.0,SIMULATED
2026-09-11 09:15:00,15.0,4,refrigeration_failure_low_ambient,5.375,11.9375,49.0,OPEN,0.02608,0.40606,5.5633,5.6358,40.94,MEDIUM,175.44,164.74,186.13,100.67,61.67,0.125,0.2608,0.8121,1.0,20606.1,OK,IDLE,5.3136,12.0,7200.0,SIMULATED
2026-09-11 09:15:10,15.166666666666666,4,refrigeration_failure_low_ambient,5.4375,12.0625,49.0,OPEN,0.02811,0.42236,5.6436,5.7186,42.71,MEDIUM,154.78,139.67,169.89,91.16,61.5,0.1458,0.2811,0.8447,1.0,18989.7,OK,IDLE,5.3229,12.0,7200.0,SIMULATED
2026-09-11 09:15:20,15.333333333333334,4,refrigeration_failure_low_ambient,5.25,12.0,49.0,OPEN,0.02965,0.43815,5.4755,5.5465,40.99,MEDIUM,153.98,135.53,172.42,92.73,61.33,0.0833,0.2965,0.8763,1.0,17656.6,OK,IDLE,5.3321,12.0,7200.0,SIMULATED
2026-09-11 09:15:30,15.5,4,refrigeration_failure_low_ambient,5.25,12.0625,49.0,OPEN,0.03101,0.4532,5.4927,5.5601,41.7,MEDIUM,142.49,120.55,164.42,88.67,61.17,0.0833,0.3101,0.9064,1.0,16537.3,OK,IDLE,5.3414,12.0,7200.0,SIMULATED
2026-09-11 09:15:40,15.666666666666666,4,refrigeration_failure_low_ambient,5.3125,12.0,49.0,OPEN,0.03222,0.46735,5.5662,5.6347,43.18,MEDIUM,132.91,107.47,158.34,83.4,61.0,0.1042,0.3222,0.9347,1.0,15516.1,OK,IDLE,5.3506,12.0,7200.0,SIMULATED
2026-09-11 09:15:50,15.833333333333334,4,refrigeration_failure_low_ambient,5.375,12.0,50.0,OPEN,0.03366,0.4804,5.6419,5.7116,44.71,MEDIUM,122.69,93.68,151.7,77.99,60.83,0.125,0.3366,0.9608,1.0,14589.6,OK,IDLE,5.3599,12.0,7200.0,SIMULATED
2026-09-11 09:16:00,16.0,4,refrigeration_failure_low_ambient,5.375,12.125,50.0,OPEN,0.03522,0.49505,5.6618,5.7272,45.47,MEDIUM,113.41,80.81,146.01,74.53,60.67,0.125,0.3522,0.9901,1.0,13817.0,OK,IDLE,5.3691,12.0,7200.0,SIMULATED
2026-09-11 09:16:10,16.166666666666668,4,refrigeration_failure_low_ambient,5.375,12.0,50.0,OPEN,0.03666,0.51035,5.6722,5.7416,46.0,MEDIUM,109.94,74.05,145.83,71.6,60.5,0.125,0.3666,1.0,1.0,13073.5,OK,IDLE,5.3783,12.0,7200.0,SIMULATED
2026-09-11 09:16:20,16.333333333333332,4,refrigeration_failure_low_ambient,5.375,12.0,50.0,OPEN,0.03798,0.52563,5.6874,5.7548,46.39,MEDIUM,104.46,65.4,143.52,69.12,60.33,0.125,0.3798,1.0,1.0,12421.8,OK,IDLE,5.3875,12.0,7200.0,SIMULATED
2026-09-11 09:16:30,16.5,4,refrigeration_failure_low_ambient,5.3125,12.0,50.0,OPEN,0.03918,0.53747,5.642,5.7043,45.92,MEDIUM,101.73,59.74,143.73,68.6,60.17,0.1042,0.3918,1.0,1.0,11876.8,OK,IDLE,5.3967,12.0,7200.0,SIMULATED
2026-09-11 09:16:40,16.666666666666668,4,refrigeration_failure_low_ambient,5.5,12.0625,50.0,OPEN,0.04081,0.54928,5.8388,5.9081,48.91,MEDIUM,90.48,45.34,135.61,61.26,60.0,0.1667,0.4081,1.0,1.0,11319.6,OK,IDLE,5.4058,12.0,7200.0,SIMULATED
2026-09-11 09:16:50,16.833333333333332,4,refrigeration_failure_low_ambient,5.4375,12.0,50.0,OPEN,0.04252,0.5606,5.792,5.8627,48.59,MEDIUM,89.15,41.16,137.15,60.26,59.83,0.1458,0.4252,1.0,1.0,10804.6,OK,IDLE,5.415,12.0,7200.0,SIMULATED
2026-09-11 09:17:00,17.0,4,refrigeration_failure_low_ambient,5.375,12.0,50.0,OPEN,0.0439,0.57108,5.7475,5.814,48.17,MEDIUM,87.18,36.53,137.83,59.8,59.67,0.125,0.439,1.0,1.0,10367.3,OK,IDLE,5.4241,12.0,7200.0,SIMULATED
2026-09-11 09:17:10,17.166666666666668,4,refrigeration_failure_low_ambient,5.375,12.0625,50.0,OPEN,0.04499,0.58052,5.7643,5.8249,48.5,MEDIUM,83.11,29.9,136.33,58.34,59.5,0.125,0.4499,1.0,1.0,10004.9,OK,IDLE,5.4332,12.0,7200.0,SIMULATED
2026-09-11 09:17:20,17.333333333333332,4,refrigeration_failure_low_ambient,5.4375,12.0625,50.0,OPEN,0.04604,0.58874,5.8364,5.8979,49.65,MEDIUM,78.75,23.05,134.46,55.66,59.33,0.1458,0.4604,1.0,1.0,9662.1,OK,IDLE,5.4423,12.0,7200.0,SIMULATED
2026-09-11 09:17:30,17.5,4,refrigeration_failure_low_ambient,5.5625,12.0,50.0,OPEN,0.04755,0.59564,5.9657,6.038,51.77,MEDIUM,73.57,15.42,131.73,51.26,59.17,0.1875,0.4755,1.0,1.0,9277.1,OK,IDLE,5.4515,12.0,7200.0,SIMULATED
2026-09-11 09:17:40,17.666666666666668,4,refrigeration_failure_low_ambient,5.4375,12.0625,50.0,OPEN,0.04899,0.60114,5.8654,5.9274,50.53,MEDIUM,73.25,12.86,133.63,52.31,59.0,0.1458,0.4899,1.0,1.0,8986.4,OK,IDLE,5.4605,12.0,7200.0,SIMULATED
2026-09-11 09:17:50,17.833333333333332,4,refrigeration_failure_low_ambient,5.4375,12.0,50.0,OPEN,0.04978,0.60518,5.874,5.9353,50.77,MEDIUM,71.93,9.47,134.39,51.48,58.83,0.1458,0.4978,1.0,1.0,8717.4,OK,IDLE,5.4696,12.0,7200.0,SIMULATED
2026-09-11 09:18:00,18.0,4,refrigeration_failure_low_ambient,5.4375,12.0,50.0,OPEN,0.05062,0.60772,5.8856,5.9437,51.02,MEDIUM,69.99,5.59,134.4,50.63,58.67,0.1458,0.5062,1.0,1.0,8482.8,OK,IDLE,5.4787,12.0,7200.0,SIMULATED
2026-09-11 09:18:10,18.166666666666668,4,refrigeration_failure_low_ambient,5.4375,12.0625,50.0,OPEN,0.05127,0.60873,5.8995,5.9502,51.21,MEDIUM,67.66,1.41,133.9,49.98,58.5,0.1458,0.5127,1.0,1.0,8300.5,OK,IDLE,5.4877,12.0,7200.0,SIMULATED
2026-09-11 09:18:20,18.333333333333332,4,refrigeration_failure_low_ambient,5.5,12.0625,51.0,OPEN,0.05174,0.61106,5.967,6.0174,52.19,MEDIUM,64.96,0.0,132.96,48.32,58.33,0.1667,0.5174,1.0,1.0,8127.8,OK,IDLE,5.4968,12.0,7200.0,SIMULATED
2026-09-11 09:18:30,18.5,4,refrigeration_failure_low_ambient,5.4375,11.9375,50.0,OPEN,0.05204,0.61089,5.9089,5.9579,51.45,MEDIUM,66.58,0.0,136.1,49.24,58.17,0.1458,0.5204,1.0,1.0,7969.3,OK,IDLE,5.5058,12.0,7200.0,SIMULATED
2026-09-11 09:18:40,18.666666666666668,4,refrigeration_failure_low_ambient,5.5,11.9375,50.0,OPEN,0.05236,0.61143,5.9754,6.0236,52.38,MEDIUM,64.08,0.0,135.06,47.74,58.0,0.1667,0.5236,1.0,1.0,7821.0,OK,IDLE,5.5148,12.0,7200.0,SIMULATED
2026-09-11 09:18:50,18.833333333333332,4,refrigeration_failure_low_ambient,5.5,12.0,51.0,OPEN,0.05265,0.612,5.9862,6.0265,52.46,MEDIUM,62.45,0.0,134.78,47.49,57.83,0.1667,0.5265,1.0,1.0,7717.8,OK,IDLE,5.5238,12.0,7200.0,SIMULATED
2026-09-11 09:19:00,19.0,4,refrigeration_failure_low_ambient,5.5,12.0,51.0,OPEN,0.05286,0.61497,5.9914,6.0286,52.52,MEDIUM,61.76,0.0,135.31,47.3,57.67,0.1667,0.5286,1.0,1.0,7633.0,OK,IDLE,5.5328,12.0,7200.0,SIMULATED
2026-09-11 09:19:10,19.166666666666668,4,refrigeration_failure_low_ambient,5.625,11.875,51.0,OPEN,0.05351,0.61324,6.107,6.1601,54.39,MEDIUM,59.57,0.0,134.26,44.39,57.5,0.2083,0.5351,1.0,1.0,7476.8,OK,IDLE,5.5418,12.0,7200.0,SIMULATED
2026-09-11 09:19:20,19.333333333333332,4,refrigeration_failure_low_ambient,5.625,12.0,51.0,OPEN,0.05442,0.6105,6.1238,6.1692,54.66,MEDIUM,57.21,0.0,132.96,43.64,57.33,0.2083,0.5442,1.0,1.0,7364.9,OK,IDLE,5.5507,12.0,7200.0,SIMULATED
2026-09-11 09:19:30,19.5,4,refrigeration_failure_low_ambient,5.5,11.9375,51.0,OPEN,0.05454,0.6065,6.0083,6.0454,53.03,MEDIUM,59.76,0.0,136.37,45.84,57.17,0.1667,0.5454,1.0,1.0,7294.1,OK,IDLE,5.5597,12.0,7200.0,SIMULATED
2026-09-11 09:19:40,19.666666666666668,4,refrigeration_failure_low_ambient,5.5625,12.0625,51.0,OPEN,0.0546,0.60398,6.0784,6.1085,53.88,MEDIUM,56.84,0.0,134.25,44.64,57.0,0.1875,0.546,1.0,1.0,7256.1,OK,IDLE,5.5686,12.0,7200.0,SIMULATED
2026-09-11 09:19:50,19.833333333333332,4,refrigeration_failure_low_ambient,5.5625,12.0,51.0,OPEN,0.05457,0.60202,6.0764,6.1082,53.87,MEDIUM,57.19,0.0,135.26,44.67,56.83,0.1875,0.5457,1.0,1.0,7211.6,OK,IDLE,5.5776,12.0,7200.0,SIMULATED
2026-09-11 09:20:00,20.0,4,refrigeration_failure_low_ambient,5.6875,12.0625,51.0,OPEN,0.05477,0.59999,6.2003,6.2352,55.6,MEDIUM,53.73,0.0,132.42,42.22,56.67,0.2292,0.5477,1.0,1.0,7154.4,OK,IDLE,5.5865,12.0,7200.0,SIMULATED
2026-09-11 09:20:10,20.166666666666668,4,refrigeration_failure_low_ambient,5.6875,12.0,52.0,OPEN,0.05508,0.59733,6.2001,6.2383,55.69,MEDIUM,53.87,0.0,133.05,41.99,56.5,0.2292,0.5508,1.0,1.0,7085.0,OK,IDLE,5.5954,12.0,7200.0,SIMULATED
2026-09-11 09:20:20,20.333333333333332,4,refrigeration_failure_low_ambient,5.625,11.9375,51.0,OPEN,0.05521,0.5907,6.1415,6.1771,54.9,MEDIUM,55.29,0.0,134.79,43.02,56.33,0.2083,0.5521,1.0,1.0,7028.9,OK,IDLE,5.6043,12.0,7200.0,SIMULATED
2026-09-11 09:20:30,20.5,4,refrigeration_failure_low_ambient,5.6875,11.875,51.0,OPEN,0.0557,0.58074,6.2001,6.2445,55.88,MEDIUM,54.11,0.0,133.84,41.52,56.17,0.2292,0.557,1.0,1.0,6938.0,OK,IDLE,5.6131,12.0,7200.0,SIMULATED
2026-09-11 09:20:40,20.666666666666668,4,refrigeration_failure_low_ambient,5.6875,12.0,51.0,OPEN,0.05603,0.57081,6.2137,6.2478,55.98,MEDIUM,52.42,0.0,132.29,41.27,56.0,0.2292,0.5603,1.0,1.0,6893.4,OK,IDLE,5.622,12.0,7200.0,SIMULATED
2026-09-11 09:20:50,20.833333333333332,4,refrigeration_failure_low_ambient,5.625,12.0,52.0,OPEN,0.05618,0.56329,6.158,6.1868,55.19,MEDIUM,53.38,0.0,133.25,42.27,55.83,0.2083,0.5618,1.0,1.0,6872.1,OK,IDLE,5.6309,12.0,7200.0,SIMULATED
2026-09-11 09:21:00,21.0,4,refrigeration_failure_low_ambient,5.6875,12.0,51.0,OPEN,0.05652,0.55403,6.2184,6.2527,56.12,MEDIUM,51.93,0.0,131.7,40.91,55.67,0.2292,0.5652,1.0,1.0,6829.4,OK,IDLE,5.6397,12.0,7200.0,SIMULATED
2026-09-11 09:21:10,21.166666666666668,4,refrigeration_failure_low_ambient,5.6875,12.0,51.0,OPEN,0.05694,0.54307,6.2217,6.2569,56.25,MEDIUM,51.59,0.0,131.15,40.62,55.5,0.2292,0.5694,1.0,1.0,6785.1,OK,IDLE,5.6485,12.0,7200.0,SIMULATED
2026-09-11 09:21:20,21.333333333333332,4,refrigeration_failure_low_ambient,5.8125,12.0,52.0,OPEN,0.05752,0.53331,6.3423,6.3877,58.09,MEDIUM,48.73,0.0,128.0,38.03,55.33,0.2708,0.5752,1.0,1.0,6702.3,OK,IDLE,5.6573,12.0,7200.0,SIMULATED
2026-09-11 09:21:30,21.5,4,refrigeration_failure_low_ambient,5.6875,12.0,52.0,OPEN,0.05836,0.52381,6.2322,6.2711,56.67,MEDIUM,50.56,0.0,129.37,39.63,55.17,0.2292,0.5836,1.0,1.0,6649.2,OK,IDLE,5.6661,12.0,7200.0,SIMULATED
2026-09-11 09:21:40,21.666666666666668,4,refrigeration_failure_low_ambient,5.75,12.0,52.0,OPEN,0.05895,0.51392,6.2949,6.3395,57.68,MEDIUM,48.92,0.0,127.17,38.17,55.0,0.25,0.5895,1.0,1.0,6577.3,OK,IDLE,5.6749,12.0,7200.0,SIMULATED
2026-09-11 09:21:50,21.833333333333332,4,refrigeration_failure_low_ambient,5.6875,12.0,52.0,OPEN,0.05912,0.50319,6.2413,6.2787,56.9,MEDIUM,49.69,0.0,127.23,39.11,54.83,0.2292,0.5912,1.0,1.0,6534.5,OK,IDLE,5.6837,12.0,7200.0,SIMULATED
2026-09-11 09:22:00,22.0,4,refrigeration_failure_low_ambient,5.625,12.0,52.0,OPEN,0.05877,0.4913,6.1848,6.2127,55.79,MEDIUM,50.71,0.0,127.38,40.41,54.67,0.2083,0.5877,0.9826,1.0,6527.9,OK,IDLE,5.6925,12.0,7200.0,SIMULATED
2026-09-11 09:22:10,22.166666666666668,4,refrigeration_failure_low_ambient,5.625,12.0625,52.0,OPEN,0.05836,0.48098,6.1885,6.2086,55.46,MEDIUM,50.26,0.0,125.93,40.69,54.5,0.2083,0.5836,0.962,1.0,6550.5,OK,IDLE,5.7012,12.0,7200.0,SIMULATED
2026-09-11 09:22:20,22.333333333333332,4,refrigeration_failure_low_ambient,5.6875,11.9375,53.0,OPEN,0.05768,0.47414,6.2355,6.2643,55.95,MEDIUM,50.35,0.0,124.87,40.09,54.33,0.2292,0.5768,0.9483,1.0,6538.1,OK,IDLE,5.71,12.0,7200.0,SIMULATED
2026-09-11 09:22:30,22.5,4,refrigeration_failure_low_ambient,5.75,12.0625,53.0,OPEN,0.05749,0.46916,6.3025,6.3249,56.63,MEDIUM,48.12,0.0,121.36,39.14,54.17,0.25,0.5749,0.9383,1.0,6550.6,OK,IDLE,5.7187,12.0,7200.0,SIMULATED
2026-09-11 09:22:40,22.666666666666668,4,refrigeration_failure_low_ambient,5.625,12.0,53.0,OPEN,0.05704,0.46786,6.1798,6.1954,54.8,MEDIUM,51.19,0.0,122.94,41.64,54.0,0.2083,0.5704,0.9357,1.0,6589.4,OK,IDLE,5.7274,12.0,7200.0,SIMULATED
2026-09-11 09:22:50,22.833333333333332,4,refrigeration_failure_low_ambient,5.625,12.0625,52.0,OPEN,0.05638,0.46286,6.18,6.1888,54.5,MEDIUM,51.06,0.0,121.15,42.13,53.83,0.2083,0.5638,0.9257,1.0,6654.7,OK,IDLE,5.7361,12.0,7200.0,SIMULATED
2026-09-11 09:23:00,23.0,4,refrigeration_failure_low_ambient,5.8125,12.0,52.0,OPEN,0.05606,0.45774,6.3466,6.3731,56.81,MEDIUM,48.33,0.0,116.6,39.02,53.67,0.2708,0.5606,0.9155,1.0,6646.7,OK,IDLE,5.7448,12.0,7200.0,SIMULATED
2026-09-11 09:23:10,23.166666666666668,4,refrigeration_failure_low_ambient,5.75,12.0,52.0,OPEN,0.05574,0.45216,6.2879,6.3074,55.76,MEDIUM,49.59,0.0,115.83,40.37,53.5,0.25,0.5574,0.9043,1.0,6667.0,OK,IDLE,5.7535,12.0,7200.0,SIMULATED
2026-09-11 09:23:20,23.333333333333332,4,refrigeration_failure_low_ambient,5.75,11.9375,53.0,OPEN,0.05555,0.44873,6.2822,6.3055,55.64,MEDIUM,50.25,0.0,114.23,40.5,53.33,0.25,0.5555,0.8975,1.0,6671.1,OK,IDLE,5.7622,12.0,7200.0,SIMULATED
2026-09-11 09:23:30,23.5,4,refrigeration_failure_low_ambient,5.75,11.9375,53.0,OPEN,0.05541,0.44632,6.2817,6.3041,55.55,MEDIUM,50.31,0.0,111.76,40.61,53.17,0.25,0.5541,0.8926,1.0,6678.4,OK,IDLE,5.7708,12.0,7200.0,SIMULATED
2026-09-11 09:23:40,23.666666666666668,4,refrigeration_failure_low_ambient,5.75,12.0625,53.0,OPEN,0.05543,0.44417,6.2894,6.3043,55.51,MEDIUM,49.34,0.0,108.01,40.59,53.0,0.25,0.5543,0.8883,1.0,6717.1,OK,IDLE,5.7795,12.0,7200.0,SIMULATED
2026-09-11 09:23:50,23.833333333333332,4,refrigeration_failure_low_ambient,5.8125,11.875,52.0,OPEN,0.05552,0.43885,6.3336,6.3677,56.27,MEDIUM,49.8,0.0,105.35,39.4,52.83,0.2708,0.5552,0.8777,1.0,6675.6,OK,IDLE,5.7881,12.0,7200.0,SIMULATED
2026-09-11 09:24:00,24.0,4,refrigeration_failure_low_ambient,5.8125,11.875,52.0,OPEN,0.0558,0.43094,6.3366,6.3705,56.19,MEDIUM,49.51,0.0,101.56,39.2,52.67,0.2708,0.558,0.8619,1.0,6636.5,OK,IDLE,5.7967,12.0,7200.0,SIMULATED
2026-09-11 09:24:10,24.166666666666668,4,refrigeration_failure_low_ambient,5.875,12.0625,52.0,OPEN,0.05596,0.42378,6.4099,6.4346,56.93,MEDIUM,46.53,0.0,94.66,37.97,52.5,0.2917,0.5596,0.8476,1.0,6635.9,OK,IDLE,5.8053,12.0,7200.0,SIMULATED
2026-09-11 09:24:20,24.333333333333332,4,refrigeration_failure_low_ambient,5.75,12.0,53.0,OPEN,0.05562,0.41677,6.2883,6.3062,55.02,MEDIUM,49.56,5.97,93.14,40.45,52.33,0.25,0.5562,0.8335,1.0,6662.4,OK,IDLE,5.8139,12.0,7200.0,SIMULATED
2026-09-11 09:24:30,24.5,4,refrigeration_failure_low_ambient,5.9375,12.0625,53.0,OPEN,0.0556,0.41235,6.466,6.4935,57.43,MEDIUM,45.5,6.43,84.57,37.1,52.17,0.3125,0.556,0.8247,1.0,6649.2,OK,IDLE,5.8225,12.0,7200.0,SIMULATED
2026-09-11 09:24:40,24.666666666666668,4,refrigeration_failure_low_ambient,5.8125,11.875,52.0,OPEN,0.05538,0.40648,6.3371,6.3663,55.58,MEDIUM,49.45,14.63,84.27,39.5,52.0,0.2708,0.5538,0.813,1.0,6629.1,OK,IDLE,5.8311,12.0,7200.0,SIMULATED
2026-09-11 09:24:50,24.833333333333332,4,refrigeration_failure_low_ambient,5.875,12.0,52.0,OPEN,0.05532,0.39934,6.4048,6.4282,56.25,MEDIUM,47.1,16.02,78.18,38.41,51.83,0.2917,0.5532,0.7987,1.0,6632.7,OK,IDLE,5.8397,12.0,7200.0,SIMULATED
2026-09-11 09:25:00,25.0,4,refrigeration_failure_low_ambient,5.875,11.9375,53.0,OPEN,0.05533,0.39386,6.4004,6.4283,56.14,MEDIUM,47.6,19.63,75.58,38.41,51.67,0.2917,0.5533,0.7877,1.0,6618.1,OK,IDLE,5.8482,12.0,7200.0,SIMULATED
2026-09-11 09:25:10,25.166666666666668,4,refrigeration_failure_low_ambient,5.8125,11.9375,52.0,OPEN,0.05533,0.38631,6.3429,6.3658,55.16,MEDIUM,48.78,23.11,74.45,39.53,51.5,0.2708,0.5533,0.7726,1.0,6624.0,OK,IDLE,5.8567,12.0,7200.0,SIMULATED
2026-09-11 09:25:20,25.333333333333332,4,refrigeration_failure_low_ambient,5.8125,12.0625,53.0,OPEN,0.05548,0.37988,6.3511,6.3673,55.08,MEDIUM,47.8,24.75,70.86,39.43,51.33,0.2708,0.5548,0.7598,1.0,6657.7,OK,IDLE,5.8653,12.0,7200.0,SIMULATED
2026-09-11 09:25:30,25.5,4,refrigeration_failure_low_ambient,5.8125,12.0,53.0,OPEN,0.05514,0.37386,6.3443,6.3639,54.85,MEDIUM,48.54,27.79,69.3,39.67,51.17,0.2708,0.5514,0.7477,1.0,6676.6,OK,IDLE,5.8738,12.0,7200.0,SIMULATED
2026-09-11 09:25:40,25.666666666666668,4,refrigeration_failure_low_ambient,5.9375,12.0,53.0,OPEN,0.05475,0.36774,6.4592,6.485,56.28,MEDIUM,46.21,27.48,64.94,37.67,51.0,0.3125,0.5475,0.7355,1.0,6668.3,OK,IDLE,5.8823,12.0,7200.0,SIMULATED
2026-09-11 09:25:50,25.833333333333332,4,refrigeration_failure_low_ambient,5.875,12.0,53.0,OPEN,0.05428,0.36117,6.4001,6.4178,55.18,MEDIUM,47.53,30.52,64.55,39.15,50.83,0.2917,0.5428,0.7223,1.0,6693.7,OK,IDLE,5.8908,12.0,7200.0,SIMULATED
2026-09-11 09:26:00,26.0,4,refrigeration_failure_low_ambient,5.9375,12.0,53.0,OPEN,0.05406,0.35686,6.4566,6.4781,55.86,MEDIUM,46.45,30.84,62.06,38.15,50.67,0.3125,0.5406,0.7137,1.0,6702.4,OK,IDLE,5.8993,12.0,7200.0,SIMULATED
2026-09-11 09:26:10,26.166666666666668,4,refrigeration_failure_low_ambient,5.9375,12.0,53.0,OPEN,0.05396,0.35384,6.4559,6.4771,55.76,MEDIUM,46.52,32.31,60.72,38.22,50.5,0.3125,0.5396,0.7077,1.0,6712.1,OK,IDLE,5.9077,12.0,7200.0,SIMULATED
2026-09-11 09:26:20,26.333333333333332,4,refrigeration_failure_low_ambient,6.0,12.0,53.0,OPEN,0.05407,0.35144,6.5141,6.5407,56.58,MEDIUM,45.27,32.33,58.21,36.99,50.33,0.3333,0.5407,0.7029,1.0,6698.7,OK,IDLE,5.9162,12.0,7200.0,SIMULATED
2026-09-11 09:26:30,26.5,4,refrigeration_failure_low_ambient,5.9375,11.9375,53.0,OPEN,0.05408,0.34919,6.4523,6.4783,55.71,MEDIUM,46.95,35.34,58.56,38.14,50.17,0.3125,0.5408,0.6984,1.0,6688.1,OK,IDLE,5.9246,12.0,7200.0,SIMULATED
2026-09-11 09:26:40,26.666666666666668,4,refrigeration_failure_low_ambient,5.9375,12.0,53.0,OPEN,0.0538,0.34676,6.4563,6.4755,55.57,MEDIUM,46.48,35.71,57.25,38.34,50.0,0.3125,0.538,0.6935,1.0,6706.5,OK,IDLE,5.9331,12.0,7200.0,SIMULATED
2026-09-11 09:26:50,26.833333333333332,4,refrigeration_failure_low_ambient,5.9375,12.0,54.0,OPEN,0.05379,0.34677,6.4553,6.4754,55.57,MEDIUM,46.58,36.69,56.47,38.34,49.83,0.3125,0.5379,0.6935,1.0,6720.5,OK,IDLE,5.9415,12.0,7200.0,SIMULATED
2026-09-11 09:27:00,27.0,4,refrigeration_failure_low_ambient,5.875,11.9375,54.0,OPEN,0.05358,0.34811,6.3915,6.4108,54.7,MEDIUM,48.46,39.5,57.43,39.66,49.67,0.2917,0.5358,0.6962,1.0,6737.6,OK,IDLE,5.9499,12.0,7200.0,SIMULATED
2026-09-11 09:27:10,27.166666666666668,4,refrigeration_failure_low_ambient,6.0,12.125,53.0,OPEN,0.05335,0.34715,6.5191,6.5335,56.28,MEDIUM,44.64,36.43,52.85,37.48,49.5,0.3333,0.5335,0.6943,1.0,6775.2,OK,IDLE,5.9583,12.0,7200.0,SIMULATED
2026-09-11 09:27:20,27.333333333333332,4,refrigeration_failure_low_ambient,5.9375,12.0625,53.0,OPEN,0.05288,0.34428,6.4534,6.4663,55.25,MEDIUM,46.66,39.1,54.22,39.0,49.33,0.3125,0.5288,0.6886,1.0,6818.7,OK,IDLE,5.9667,12.0,7200.0,SIMULATED
2026-09-11 09:27:30,27.5,4,refrigeration_failure_low_ambient,5.875,11.9375,53.0,OPEN,0.05219,0.3398,6.383,6.3969,54.12,MEDIUM,49.32,42.24,56.39,40.72,49.17,0.2917,0.5219,0.6796,1.0,6856.6,OK,IDLE,5.975,12.0,7200.0,SIMULATED
2026-09-11 09:27:40,27.666666666666668,4,refrigeration_failure_low_ambient,5.875,12.0,53.0,OPEN,0.05167,0.33391,6.3837,6.3917,53.84,MEDIUM,49.15,42.6,55.7,41.13,49.0,0.2917,0.5167,0.6678,1.0,6920.7,OK,IDLE,5.9834,12.0,7200.0,SIMULATED
2026-09-11 09:27:50,27.833333333333332,4,refrigeration_failure_low_ambient,5.9375,12.0625,53.0,OPEN,0.05105,0.32673,6.4413,6.448,54.35,MEDIUM,47.84,41.79,53.88,40.41,48.83,0.3125,0.5105,0.6535,1.0,6990.4,OK,IDLE,5.9918,12.0,7200.0,SIMULATED
2026-09-11 09:28:00,28.0,4,refrigeration_failure_low_ambient,6.0,12.0,54.0,OPEN,0.05049,0.32124,6.4912,6.5049,54.9,MEDIUM,47.48,41.9,53.05,39.62,48.67,0.3333,0.5049,0.6425,1.0,7025.4,OK,IDLE,6.0001,12.0,7200.0,SIMULATED
2026-09-11 09:28:10,28.166666666666668,4,refrigeration_failure_low_ambient,6.0625,12.0,52.0,OPEN,0.05009,0.31082,6.5471,6.5634,55.41,MEDIUM,46.39,41.2,51.58,38.68,48.5,0.3542,0.5009,0.6216,1.0,7047.0,OK,IDLE,6.0084,12.0,7200.0,SIMULATED
2026-09-11 09:28:20,28.333333333333332,4,refrigeration_failure_low_ambient,6.0,12.0,54.0,OPEN,0.04958,0.30248,6.4862,6.4958,54.26,MEDIUM,47.98,43.11,52.86,40.34,48.33,0.3333,0.4958,0.605,1.0,7100.4,OK,IDLE,6.0167,12.0,7200.0,SIMULATED
2026-09-11 09:28:30,28.5,4,refrigeration_failure_low_ambient,6.0,12.0625,53.0,OPEN,0.04912,0.29531,6.4862,6.4912,53.97,MEDIUM,47.88,43.46,52.31,40.72,48.17,0.3333,0.4912,0.5906,1.0,7176.8,OK,IDLE,6.025,12.0,7200.0,SIMULATED
2026-09-11 09:28:40,28.666666666666668,4,refrigeration_failure_low_ambient,6.0625,11.9375,54.0,OPEN,0.04863,0.28867,6.5326,6.5488,54.53,MEDIUM,47.98,43.92,52.05,39.84,48.0,0.3542,0.4863,0.5773,1.0,7194.7,OK,IDLE,6.0333,12.0,7200.0,SIMULATED
2026-09-11 09:28:50,28.833333333333332,4,refrigeration_failure_low_ambient,6.0625,12.0625,54.0,OPEN,0.04825,0.28203,6.5384,6.545,54.28,MEDIUM,47.19,43.44,50.95,40.15,47.83,0.3542,0.4825,0.5641,1.0,7261.2,OK,IDLE,6.0416,12.0,7200.0,SIMULATED
2026-09-11 09:29:00,29.0,4,refrigeration_failure_low_ambient,6.0625,12.0,54.0,OPEN,0.0479,0.27795,6.5307,6.5415,54.1,MEDIUM,48.09,44.66,51.52,40.45,47.67,0.3542,0.479,0.5559,1.0,7305.2,OK,IDLE,6.0499,12.0,7200.0,SIMULATED
2026-09-11 09:29:10,29.166666666666668,4,refrigeration_failure_low_ambient,6.0,12.0625,54.0,OPEN,0.04733,0.27538,6.4721,6.4733,53.04,MEDIUM,49.37,46.2,52.55,42.25,47.5,0.3333,0.4733,0.5508,1.0,7400.1,OK,IDLE,6.0581,12.0,7200.0,SIMULATED
2026-09-11 09:29:20,29.333333333333332,4,refrigeration_failure_low_ambient,6.0625,12.0,54.0,OPEN,0.04711,0.27358,6.5225,6.5336,53.77,MEDIUM,48.98,45.97,52.0,41.12,47.33,0.3542,0.4711,0.5472,1.0,7440.5,OK,IDLE,6.0664,12.0,7200.0,SIMULATED
2026-09-11 09:29:30,29.5,4,refrigeration_failure_low_ambient,6.1875,12.0625,53.0,OPEN,0.04745,0.26918,6.6428,6.662,55.45,MEDIUM,45.73,43.0,48.46,38.19,47.17,0.3958,0.4745,0.5384,1.0,7437.4,OK,IDLE,6.0746,12.0,7200.0,SIMULATED
2026-09-11 09:29:40,29.666666666666668,4,refrigeration_failure_low_ambient,6.125,12.0,54.0,OPEN,0.04759,0.26562,6.5808,6.6009,54.59,MEDIUM,47.6,45.05,50.15,39.4,47.0,0.375,0.4759,0.5312,1.0,7430.0,OK,IDLE,6.0829,12.0,7200.0,SIMULATED
2026-09-11 09:29:50,29.833333333333332,4,refrigeration_failure_low_ambient,6.125,12.0,54.0,OPEN,0.04769,0.26237,6.5814,6.6019,54.56,MEDIUM,47.54,45.22,49.86,39.31,46.83,0.375,0.4769,0.5247,1.0,7420.2,OK,IDLE,6.0911,12.0,7200.0,SIMULATED
2026-09-11 09:30:00,30.0,4,refrigeration_failure_low_ambient,6.0625,12.0625,54.0,OPEN,0.04756,0.25905,6.5263,6.5381,53.61,MEDIUM,48.47,46.23,50.71,40.74,46.67,0.3542,0.4756,0.5181,1.0,7457.6,OK,IDLE,6.0993,12.0,7200.0,SIMULATED
2026-09-11 09:30:10,30.166666666666668,4,refrigeration_failure_low_ambient,6.125,11.9375,54.0,OPEN,0.04775,0.25539,6.5766,6.6025,54.43,MEDIUM,48.16,46.02,50.29,39.27,46.5,0.375,0.4775,0.5108,1.0,7419.2,OK,IDLE,6.1075,12.0,7200.0,SIMULATED
2026-09-11 09:30:20,30.333333333333332,4,refrigeration_failure_low_ambient,6.1875,11.9375,55.0,OPEN,0.0483,0.25702,6.6382,6.6705,55.46,MEDIUM,46.39,44.41,48.36,37.52,46.33,0.3958,0.483,0.514,1.0,7350.1,OK,IDLE,6.1156,12.0,7200.0,SIMULATED
2026-09-11 09:30:30,30.5,4,refrigeration_failure_low_ambient,6.0625,12.0,54.0,OPEN,0.04852,0.25625,6.5281,6.5477,53.85,MEDIUM,48.37,46.54,50.21,39.93,46.17,0.3542,0.4852,0.5125,1.0,7348.0,OK,IDLE,6.1238,12.0,7200.0,SIMULATED
2026-09-11 09:30:40,30.666666666666668,4,refrigeration_failure_low_ambient,6.125,12.0,54.0,OPEN,0.04883,0.25353,6.5876,6.6133,54.72,MEDIUM,46.87,45.1,48.64,38.4,46.0,0.375,0.4883,0.5071,1.0,7315.6,OK,IDLE,6.132,12.0,7200.0,SIMULATED
2026-09-11 09:30:50,30.833333333333332,4,refrigeration_failure_low_ambient,6.1875,11.9375,54.0,OPEN,0.04934,0.24915,6.6451,6.6809,55.62,MEDIUM,45.66,43.98,47.34,36.73,45.83,0.3958,0.4934,0.4983,1.0,7234.7,OK,IDLE,6.1401,12.0,7200.0,SIMULATED
2026-09-11 09:31:00,31.0,4,refrigeration_failure_low_ambient,6.0625,12.0625,54.0,OPEN,0.0494,0.24627,6.5392,6.5565,53.91,MEDIUM,47.11,45.49,48.72,39.22,45.67,0.3542,0.494,0.4925,1.0,7247.8,OK,IDLE,6.1482,12.0,7200.0,SIMULATED
2026-09-11 09:31:10,31.166666666666668,4,refrigeration_failure_low_ambient,6.125,12.0625,54.0,OPEN,0.04947,0.2413,6.5974,6.6197,54.67,MEDIUM,45.77,44.19,47.35,37.91,45.5,0.375,0.4947,0.4826,1.0,7236.4,OK,IDLE,6.1564,12.0,7200.0,SIMULATED
2026-09-11 09:31:20,31.333333333333332,4,refrigeration_failure_low_ambient,6.1875,11.9375,54.0,OPEN,0.04967,0.23459,6.6495,6.6842,55.43,MEDIUM,45.21,43.59,46.83,36.49,45.33,0.3958,0.4967,0.4692,1.0,7163.7,OK,IDLE,6.1645,12.0,7200.0,SIMULATED
2026-09-11 09:31:30,31.5,4,refrigeration_failure_low_ambient,6.1875,11.9375,55.0,OPEN,0.0503,0.23218,6.6542,6.6905,55.57,MEDIUM,44.73,43.09,46.37,36.04,45.17,0.3958,0.503,0.4644,1.0,7087.6,OK,IDLE,6.1726,12.0,7200.0,SIMULATED
2026-09-11 09:31:40,31.666666666666668,4,refrigeration_failure_low_ambient,6.125,11.9375,54.0,OPEN,0.05063,0.22963,6.6,6.6313,54.78,MEDIUM,45.68,44.02,47.34,37.03,45.0,0.375,0.5063,0.4593,1.0,7037.6,OK,IDLE,6.1807,12.0,7200.0,SIMULATED
2026-09-11 09:31:50,31.833333333333332,4,refrigeration_failure_low_ambient,6.125,12.0,54.0,OPEN,0.05091,0.2268,6.607,6.6341,54.81,MEDIUM,44.91,43.22,46.59,36.83,44.83,0.375,0.5091,0.4536,1.0,7009.1,OK,IDLE,6.1887,12.0,7200.0,SIMULATED
2026-09-11 09:32:00,32.0,4,refrigeration_failure_low_ambient,6.125,11.9375,55.0,OPEN,0.05093,0.22644,6.6045,6.6343,54.81,MEDIUM,45.23,43.56,46.91,36.82,44.67,0.375,0.5093,0.4529,1.0,6968.8,OK,IDLE,6.1968,12.0,7200.0,SIMULATED
2026-09-11 09:32:10,32.166666666666664,4,refrigeration_failure_low_ambient,6.1875,12.0625,54.0,OPEN,0.05071,0.22466,6.6725,6.6946,55.54,MEDIUM,42.82,41.06,44.58,35.74,44.5,0.3958,0.5071,0.4493,1.0,6964.3,OK,IDLE,6.2049,12.0,7200.0,SIMULATED
2026-09-11 09:32:20,32.333333333333336,4,refrigeration_failure_low_ambient,6.1875,11.9375,54.0,OPEN,0.05028,0.22171,6.6638,6.6903,55.35,MEDIUM,43.79,42.0,45.57,36.05,44.33,0.3958,0.5028,0.4434,1.0,6938.5,OK,IDLE,6.2129,12.0,7200.0,SIMULATED
2026-09-11 09:32:30,32.5,4,refrigeration_failure_low_ambient,6.1875,12.0,54.0,OPEN,0.04983,0.22068,6.668,6.6858,55.2,MEDIUM,43.31,41.45,45.17,36.37,44.17,0.3958,0.4983,0.4414,1.0,6953.5,OK,IDLE,6.2209,12.0,7200.0,SIMULATED
2026-09-11 09:32:40,32.666666666666664,4,refrigeration_failure_low_ambient,6.3125,11.9375,53.0,OPEN,0.04986,0.21806,6.7805,6.8111,56.82,MEDIUM,41.06,39.09,43.03,33.84,44.0,0.4375,0.4986,0.4361,1.0,6907.2,OK,IDLE,6.2289,12.0,7200.0,SIMULATED
2026-09-11 09:32:50,32.833333333333336,4,refrigeration_failure_low_ambient,6.1875,11.875,54.0,OPEN,0.04945,0.21718,6.6608,6.682,55.01,MEDIUM,44.16,42.23,46.1,36.65,43.83,0.3958,0.4945,0.4344,1.0,6905.6,OK,IDLE,6.237,12.0,7200.0,SIMULATED
2026-09-11 09:33:00,33.0,4,refrigeration_failure_low_ambient,6.25,12.0,55.0,OPEN,0.04885,0.21733,6.7259,6.7385,55.67,MEDIUM,42.0,39.96,44.05,35.82,43.67,0.4167,0.4885,0.4347,1.0,6944.8,OK,IDLE,6.245,12.0,7200.0,SIMULATED
2026-09-11 09:33:10,33.166666666666664,4,refrigeration_failure_low_ambient,6.1875,12.0,54.0,OPEN,0.04844,0.21505,6.6644,6.6719,54.67,MEDIUM,43.65,41.6,45.71,37.42,43.5,0.3958,0.4844,0.4301,1.0,7008.5,OK,IDLE,6.2529,12.0,7200.0,SIMULATED
2026-09-11 09:33:20,33.333333333333336,4,refrigeration_failure_low_ambient,6.1875,12.0,54.0,OPEN,0.04794,0.21088,6.6601,6.6669,54.43,MEDIUM,44.07,42.03,46.11,37.81,43.33,0.3958,0.4794,0.4218,1.0,7075.3,OK,IDLE,6.2609,12.0,7200.0,SIMULATED
2026-09-11 09:33:30,33.5,4,refrigeration_failure_low_ambient,6.3125,12.0625,54.0,OPEN,0.04768,0.20816,6.7775,6.7893,55.97,MEDIUM,41.2,39.09,43.31,35.39,43.17,0.4375,0.4768,0.4163,1.0,7115.2,OK,IDLE,6.2689,12.0,7200.0,SIMULATED
2026-09-11 09:33:40,33.666666666666664,4,refrigeration_failure_low_ambient,6.25,12.0,54.0,OPEN,0.04738,0.20634,6.7124,6.7238,55.01,MEDIUM,43.29,41.16,45.41,36.94,43.0,0.4167,0.4738,0.4127,1.0,7156.9,OK,IDLE,6.2768,12.0,7200.0,SIMULATED
2026-09-11 09:33:50,33.833333333333336,4,refrigeration_failure_low_ambient,6.375,12.0,54.0,OPEN,0.04734,0.20508,6.8278,6.8484,56.64,MEDIUM,40.63,38.41,42.84,34.33,42.83,0.4583,0.4734,0.4102,1.0,7149.9,OK,IDLE,6.2848,12.0,7200.0,SIMULATED
2026-09-11 09:34:00,34.0,4,refrigeration_failure_low_ambient,6.25,12.0625,54.0,OPEN,0.04726,0.20114,6.7143,6.7226,54.87,MEDIUM,43.03,40.81,45.25,37.03,42.67,0.4167,0.4726,0.4023,1.0,7207.2,OK,IDLE,6.2927,12.0,7200.0,SIMULATED
2026-09-11 09:34:10,34.166666666666664,4,refrigeration_failure_low_ambient,6.3125,11.9375,54.0,OPEN,0.04729,0.19515,6.7629,6.7854,55.59,MEDIUM,42.74,40.48,45.0,35.68,42.5,0.4375,0.4729,0.3903,1.0,7189.6,OK,IDLE,6.3006,12.0,7200.0,SIMULATED
2026-09-11 09:34:20,34.333333333333336,4,refrigeration_failure_low_ambient,6.25,12.0625,54.0,OPEN,0.04735,0.18753,6.7127,6.7235,54.62,MEDIUM,43.19,40.93,45.44,36.96,42.33,0.4167,0.4735,0.3751,1.0,7233.5,OK,IDLE,6.3085,12.0,7200.0,SIMULATED
2026-09-11 09:34:30,34.5,4,refrigeration_failure_low_ambient,6.375,12.0625,54.0,OPEN,0.04739,0.18153,6.8282,6.8489,56.18,MEDIUM,40.52,38.15,42.88,34.29,42.17,0.4583,0.4739,0.3631,1.0,7225.4,OK,IDLE,6.3164,12.0,7200.0,SIMULATED
2026-09-11 09:34:40,34.666666666666664,4,refrigeration_failure_low_ambient,6.375,11.9375,54.0,OPEN,0.0479,0.17657,6.8221,6.854,56.24,MEDIUM,41.23,38.83,43.64,33.92,42.0,0.4583,0.479,0.3531,1.0,7160.9,OK,IDLE,6.3243,12.0,7200.0,SIMULATED
2026-09-11 09:34:50,34.833333333333336,4,refrigeration_failure_low_ambient,6.3125,12.0,55.0,OPEN,0.04816,0.17214,6.7708,6.7941,55.39,MEDIUM,41.9,39.45,44.35,35.04,41.83,0.4375,0.4816,0.3443,1.0,7142.1,OK,IDLE,6.3322,12.0,7200.0,SIMULATED
2026-09-11 09:35:00,35.0,4,refrigeration_failure_low_ambient,6.3125,11.9375,54.0,OPEN,0.04838,0.16495,6.7683,6.7963,55.31,MEDIUM,42.21,39.73,44.69,34.88,41.67,0.4375,0.4838,0.3299,1.0,7100.6,OK,IDLE,6.3401,12.0,7200.0,SIMULATED
2026-09-11 09:35:10,35.166666666666664,4,refrigeration_failure_low_ambient,6.375,12.0,54.0,OPEN,0.0487,0.15859,6.8334,6.862,56.12,MEDIUM,40.1,37.55,42.66,33.37,41.5,0.4583,0.487,0.3172,1.0,7058.0,OK,IDLE,6.3479,12.0,7200.0,SIMULATED
2026-09-11 09:35:20,35.333333333333336,4,refrigeration_failure_low_ambient,6.4375,12.0,55.0,OPEN,0.04905,0.15261,6.8948,6.928,56.93,MEDIUM,38.44,35.75,41.14,31.86,41.33,0.4792,0.4905,0.3052,1.0,6994.6,OK,IDLE,6.3558,12.0,7200.0,SIMULATED
2026-09-11 09:35:30,35.5,4,refrigeration_failure_low_ambient,6.375,12.0,54.0,OPEN,0.04917,0.14671,6.8395,6.8667,56.02,MEDIUM,39.56,36.79,42.33,33.05,41.17,0.4583,0.4917,0.2934,1.0,6961.9,OK,IDLE,6.3636,12.0,7200.0,SIMULATED
2026-09-11 09:35:40,35.666666666666664,4,refrigeration_failure_low_ambient,6.375,11.9375,54.0,OPEN,0.04908,0.14077,6.8369,6.8658,55.87,MEDIUM,39.86,37.01,42.71,33.11,41.0,0.4583,0.4908,0.2815,1.0,6921.3,OK,IDLE,6.3714,12.0,7200.0,SIMULATED
2026-09-11 09:35:50,35.833333333333336,4,refrigeration_failure_low_ambient,6.375,12.0,54.0,OPEN,0.04917,0.13471,6.843,6.8667,55.78,MEDIUM,39.25,36.31,42.18,33.05,40.83,0.4583,0.4917,0.2694,1.0,6907.1,OK,IDLE,6.3792,12.0,7200.0,SIMULATED
2026-09-11 09:36:00,36.0,4,refrigeration_failure_low_ambient,6.375,11.9375,55.0,OPEN,0.04914,0.13133,6.8397,6.8664,55.7,MEDIUM,39.61,36.6,42.62,33.07,40.67,0.4583,0.4914,0.2627,1.0,6878.2,OK,IDLE,6.387,12.0,7200.0,SIMULATED
2026-09-11 09:36:10,36.166666666666664,4,refrigeration_failure_low_ambient,6.375,12.0625,55.0,OPEN,0.04918,0.12962,6.8491,6.8668,55.68,MEDIUM,38.66,35.55,41.76,33.04,40.5,0.4583,0.4918,0.2592,1.0,6893.5,OK,IDLE,6.3948,12.0,7200.0,SIMULATED
2026-09-11 09:36:20,36.333333333333336,4,refrigeration_failure_low_ambient,6.4375,12.0,54.0,OPEN,0.04939,0.12605,6.9034,6.9314,56.51,MEDIUM,37.7,34.46,40.94,31.63,40.33,0.4792,0.4939,0.2521,1.0,6859.4,OK,IDLE,6.4026,12.0,7200.0,SIMULATED
2026-09-11 09:36:30,36.5,4,refrigeration_failure_low_ambient,6.4375,12.0,54.0,OPEN,0.04987,0.12108,6.9061,6.9362,56.55,MEDIUM,37.47,34.12,40.82,31.33,40.17,0.4792,0.4987,0.2422,1.0,6817.7,OK,IDLE,6.4104,12.0,7200.0,SIMULATED
2026-09-11 09:36:40,36.666666666666664,4,refrigeration_failure_low_ambient,6.4375,12.0,55.0,OPEN,0.05031,0.11788,6.9091,6.9406,56.62,MEDIUM,37.22,33.75,40.69,31.06,40.0,0.4792,0.5031,0.2358,1.0,6771.9,OK,IDLE,6.4181,12.0,7200.0,SIMULATED
2026-09-11 09:36:50,36.833333333333336,4,refrigeration_failure_low_ambient,6.375,12.0,54.0,OPEN,0.05049,0.11288,6.8534,6.8799,55.74,MEDIUM,38.36,34.81,41.9,32.19,39.83,0.4583,0.5049,0.2258,1.0,6750.2,OK,IDLE,6.4259,12.0,7200.0,SIMULATED
2026-09-11 09:37:00,37.0,4,refrigeration_failure_low_ambient,6.4375,11.9375,55.0,OPEN,0.05062,0.11233,6.9091,6.9437,56.6,MEDIUM,37.28,33.67,40.88,30.87,39.67,0.4792,0.5062,0.2247,1.0,6692.3,OK,IDLE,6.4336,12.0,7200.0,SIMULATED
2026-09-11 09:37:10,37.166666666666664,4,refrigeration_failure_low_ambient,6.4375,11.9375,54.0,OPEN,0.0505,0.11195,6.9118,6.9425,56.56,MEDIUM,37.06,33.34,40.77,30.94,39.5,0.4792,0.505,0.2239,1.0,6652.9,OK,IDLE,6.4414,12.0,7200.0,SIMULATED
2026-09-11 09:37:20,37.333333333333336,4,refrigeration_failure_low_ambient,6.5,12.0,54.0,OPEN,0.05069,0.10873,6.9768,7.0069,57.38,MEDIUM,35.12,31.26,38.99,29.59,39.33,0.5,0.5069,0.2175,1.0,6617.3,OK,IDLE,6.4491,12.0,7200.0,SIMULATED
2026-09-11 09:37:30,37.5,4,refrigeration_failure_low_ambient,6.375,11.9375,54.0,OPEN,0.0505,0.10343,6.8573,6.88,55.55,MEDIUM,38.09,34.23,41.95,32.18,39.17,0.4583,0.505,0.2069,1.0,6615.1,OK,IDLE,6.4568,12.0,7200.0,SIMULATED
2026-09-11 09:37:40,37.666666666666664,4,refrigeration_failure_low_ambient,6.5,12.0625,54.0,OPEN,0.05019,0.09658,6.9817,7.0019,56.99,MEDIUM,34.69,30.74,38.64,29.89,39.0,0.5,0.5019,0.1932,1.0,6623.8,OK,IDLE,6.4645,12.0,7200.0,SIMULATED
2026-09-11 09:37:50,37.833333333333336,4,refrigeration_failure_low_ambient,6.5,12.0,54.0,OPEN,0.04973,0.08855,6.9761,6.9973,56.69,MEDIUM,35.17,31.13,39.21,30.17,38.83,0.5,0.4973,0.1771,1.0,6626.9,OK,IDLE,6.4721,12.0,7200.0,SIMULATED
2026-09-11 09:38:00,38.0,4,refrigeration_failure_low_ambient,6.4375,11.9375,54.0,OPEN,0.0491,0.07959,6.912,6.9285,55.49,MEDIUM,37.04,32.97,41.11,31.82,38.67,0.4792,0.491,0.1592,1.0,6650.3,OK,IDLE,6.4798,12.0,7200.0,SIMULATED
2026-09-11 09:38:10,38.166666666666664,4,refrigeration_failure_low_ambient,6.5,12.0,55.0,OPEN,0.04869,0.0757,6.9723,6.9869,56.12,MEDIUM,35.47,31.31,39.62,30.81,38.5,0.5,0.4869,0.1514,1.0,6682.2,OK,IDLE,6.4875,12.0,7200.0,SIMULATED
2026-09-11 09:38:20,38.333333333333336,4,refrigeration_failure_low_ambient,6.5,12.0625,55.0,OPEN,0.04855,0.06936,6.9744,6.9855,55.95,MEDIUM,35.25,31.04,39.46,30.9,38.33,0.5,0.4855,0.1387,1.0,6730.3,OK,IDLE,6.4951,12.0,7200.0,SIMULATED
2026-09-11 09:38:30,38.5,4,refrigeration_failure_low_ambient,6.5,12.0,54.0,OPEN,0.04838,0.06407,6.9676,6.9838,55.8,MEDIUM,35.84,31.61,40.07,31.0,38.17,0.5,0.4838,0.1281,1.0,6752.9,OK,IDLE,6.5028,12.0,7200.0,SIMULATED
2026-09-11 09:38:40,38.666666666666664,4,refrigeration_failure_low_ambient,6.5,12.0,54.0,OPEN,0.04815,0.05656,6.9659,6.9815,55.57,MEDIUM,35.98,31.74,40.22,31.16,38.0,0.5,0.4815,0.1131,1.0,6778.2,OK,IDLE,6.5104,12.0,7200.0,SIMULATED
2026-09-11 09:38:50,38.833333333333336,4,refrigeration_failure_low_ambient,6.5,12.0625,54.0,OPEN,0.048,0.05035,6.9683,6.98,55.41,MEDIUM,35.73,31.47,40.0,31.25,37.83,0.5,0.48,0.1007,1.0,6822.0,OK,IDLE,6.518,12.0,7200.0,SIMULATED
2026-09-11 09:39:00,39.0,4,refrigeration_failure_low_ambient,6.5625,12.0625,54.0,OPEN,0.04805,0.04505,7.0248,7.043,56.15,MEDIUM,34.5,30.21,38.79,29.92,37.67,0.5208,0.4805,0.0901,1.0,6833.5,OK,IDLE,6.5256,12.0,7200.0,SIMULATED
2026-09-11 09:39:10,39.166666666666664,4,refrigeration_failure_low_ambient,6.625,12.0,54.0,OPEN,0.04837,0.04039,7.0795,7.1087,56.99,MEDIUM,33.45,29.15,37.74,28.43,37.5,0.5417,0.4837,0.0808,1.0,6792.0,OK,IDLE,6.5332,12.0,7200.0,SIMULATED
2026-09-11 09:39:20,39.333333333333336,4,refrigeration_failure_low_ambient,6.625,11.9375,54.0,OPEN,0.04864,0.03617,7.078,7.1114,56.98,MEDIUM,33.61,29.31,37.9,28.27,37.33,0.5417,0.4864,0.0723,1.0,6732.2,OK,IDLE,6.5408,12.0,7200.0,SIMULATED
2026-09-11 09:39:30,39.5,4,refrigeration_failure_low_ambient,6.5625,11.9375,55.0,OPEN,0.04883,0.03512,7.0229,7.0508,56.18,MEDIUM,34.75,30.42,39.09,29.44,37.17,0.5208,0.4883,0.0702,1.0,6700.3,OK,IDLE,6.5484,12.0,7200.0,SIMULATED
2026-09-11 09:39:40,39.666666666666664,4,refrigeration_failure_low_ambient,6.5625,11.9375,54.0,OPEN,0.04927,0.03039,7.0255,7.0552,56.22,MEDIUM,34.55,30.23,38.87,29.17,37.0,0.5208,0.4927,0.0608,1.0,6661.5,OK,IDLE,6.556,12.0,7200.0,SIMULATED
2026-09-11 09:39:50,39.833333333333336,4,refrigeration_failure_low_ambient,6.5,12.0625,55.0,OPEN,0.0495,0.02879,6.9777,6.995,55.43,MEDIUM,35.0,30.71,39.29,30.3,36.83,0.5,0.495,0.0576,1.0,6681.7,OK,IDLE,6.5635,12.0,7200.0,SIMULATED
2026-09-11 09:40:00,40.0,4,refrigeration_failure_low_ambient,6.625,12.0,54.0,OPEN,0.0499,0.02644,7.0903,7.124,57.17,MEDIUM,32.63,28.35,36.91,27.56,36.67,0.5417,0.499,0.0529,1.0,6627.1,OK,IDLE,6.5711,12.0,7200.0,SIMULATED
2026-09-11 09:40:10,40.166666666666664,4,refrigeration_failure_low_ambient,6.625,12.0625,55.0,OPEN,0.05018,0.02641,7.0978,7.1268,57.25,MEDIUM,32.05,27.76,36.33,27.4,36.5,0.5417,0.5018,0.0528,1.0,6595.6,OK,IDLE,6.5786,12.0,7200.0,SIMULATED
2026-09-11 09:40:20,40.333333333333336,4,refrigeration_failure_low_ambient,6.625,11.9375,55.0,OPEN,0.05052,0.02791,7.0918,7.1302,57.38,MEDIUM,32.57,28.26,36.87,27.22,36.33,0.5417,0.5052,0.0558,1.0,6524.1,OK,IDLE,6.5861,12.0,7200.0,SIMULATED
2026-09-11 09:40:30,40.5,4,refrigeration_failure_low_ambient,6.5625,12.0,54.0,OPEN,0.05085,0.03048,7.0422,7.071,56.7,MEDIUM,33.25,29.01,37.48,28.27,36.17,0.5208,0.5085,0.061,1.0,6497.1,OK,IDLE,6.5936,12.0,7200.0,SIMULATED
2026-09-11 09:40:40,40.666666666666664,4,refrigeration_failure_low_ambient,6.5625,12.125,54.0,OPEN,0.05077,0.03095,7.0518,7.0702,56.68,MEDIUM,32.47,28.25,36.69,28.31,36.0,0.5208,0.5077,0.0619,1.0,6516.2,OK,IDLE,6.6011,12.0,7200.0,SIMULATED
2026-09-11 09:40:50,40.833333333333336,4,refrigeration_failure_low_ambient,6.625,12.0,55.0,OPEN,0.05072,0.0328,7.1006,7.1322,57.54,MEDIUM,31.89,27.65,36.14,27.11,35.83,0.5417,0.5072,0.0656,1.0,6476.7,OK,IDLE,6.6086,12.0,7200.0,SIMULATED
2026-09-11 09:41:00,41.0,4,refrigeration_failure_low_ambient,6.625,12.0,55.0,OPEN,0.05083,0.03553,7.1029,7.1333,57.63,MEDIUM,31.73,27.52,35.94,27.05,35.67,0.5417,0.5083,0.0711,1.0,6443.7,OK,IDLE,6.6161,12.0,7200.0,SIMULATED
2026-09-11 09:41:10,41.166666666666664,4,refrigeration_failure_low_ambient,6.625,12.0,54.0,OPEN,0.05064,0.03591,7.1042,7.1314,57.58,MEDIUM,31.64,27.43,35.85,27.15,35.5,0.5417,0.5064,0.0718,1.0,6424.9,OK,IDLE,6.6236,12.0,7200.0,SIMULATED
2026-09-11 09:41:20,41.333333333333336,4,refrigeration_failure_low_ambient,6.6875,12.0,55.0,OPEN,0.05055,0.03751,7.1633,7.193,58.41,MEDIUM,30.25,25.99,34.5,25.97,35.33,0.5625,0.5055,0.075,1.0,6395.2,OK,IDLE,6.631,12.0,7200.0,SIMULATED
2026-09-11 09:41:30,41.5,4,refrigeration_failure_low_ambient,6.625,12.0,54.0,OPEN,0.05048,0.03701,7.1065,7.1298,57.55,MEDIUM,31.49,27.23,35.74,27.24,35.17,0.5417,0.5048,0.074,1.0,6393.7,OK,IDLE,6.6385,12.0,7200.0,SIMULATED
2026-09-11 09:41:40,41.666666666666664,4,refrigeration_failure_low_ambient,6.5625,11.9375,54.0,OPEN,0.0502,0.038,7.0434,7.0645,56.65,MEDIUM,33.2,29.02,37.39,28.64,35.0,0.5208,0.502,0.076,1.0,6401.4,OK,IDLE,6.6459,12.0,7200.0,SIMULATED
2026-09-11 09:41:50,41.833333333333336,4,refrigeration_failure_low_ambient,6.625,12.0625,54.0,OPEN,0.04974,0.03717,7.1087,7.1224,57.33,MEDIUM,31.29,27.13,35.46,27.64,34.83,0.5417,0.4974,0.0743,1.0,6440.8,OK,IDLE,6.6534,12.0,7200.0,SIMULATED
2026-09-11 09:42:00,42.0,4,refrigeration_failure_low_ambient,6.5625,12.0,55.0,OPEN,0.04892,0.03791,7.0421,7.0517,56.27,MEDIUM,33.25,29.17,37.33,29.38,34.67,0.5208,0.4892,0.0758,1.0,6497.8,OK,IDLE,6.6608,12.0,7200.0,SIMULATED
2026-09-11 09:42:10,42.166666666666664,4,refrigeration_failure_low_ambient,6.75,12.0625,55.0,OPEN,0.04835,0.04263,7.217,7.2335,58.69,HIGH,29.16,25.0,33.32,25.85,34.5,0.5833,0.4835,0.0853,1.0,6521.4,OK,IDLE,6.6682,12.0,7200.0,SIMULATED
2026-09-11 09:42:20,42.333333333333336,4,refrigeration_failure_low_ambient,6.6875,12.125,54.0,OPEN,0.0479,0.04431,7.1604,7.1665,57.76,MEDIUM,30.36,26.2,34.52,27.4,34.33,0.5625,0.479,0.0886,1.0,6593.9,OK,IDLE,6.6756,12.0,7200.0,SIMULATED
2026-09-11 09:42:30,42.5,4,refrigeration_failure_low_ambient,6.6875,11.875,55.0,OPEN,0.04748,0.04672,7.1393,7.1623,57.68,MEDIUM,32.01,27.89,36.14,27.64,34.17,0.5625,0.4748,0.0934,1.0,6584.3,OK,IDLE,6.683,12.0,7200.0,SIMULATED
2026-09-11 09:42:40,42.666666666666664,4,refrigeration_failure_low_ambient,6.625,11.9375,55.0,OPEN,0.04686,0.04955,7.0841,7.0936,56.72,MEDIUM,33.14,29.03,37.25,29.34,34.0,0.5417,0.4686,0.0991,1.0,6638.7,OK,IDLE,6.6904,12.0,7200.0,SIMULATED
2026-09-11 09:42:50,42.833333333333336,4,refrigeration_failure_low_ambient,6.6875,11.9375,55.0,OPEN,0.0466,0.04963,7.1392,7.1535,57.47,MEDIUM,31.98,27.94,36.01,28.16,33.83,0.5625,0.466,0.0993,1.0,6668.8,OK,IDLE,6.6977,12.0,7200.0,SIMULATED
2026-09-11 09:43:00,43.0,4,refrigeration_failure_low_ambient,6.75,12.0625,55.0,OPEN,0.04638,0.05054,7.2038,7.2138,58.26,MEDIUM,30.04,25.99,34.1,26.95,33.67,0.5833,0.4638,0.1011,1.0,6719.9,OK,IDLE,6.7051,12.0,7200.0,SIMULATED
2026-09-11 09:43:10,43.166666666666664,4,refrigeration_failure_low_ambient,6.5625,12.0,55.0,OPEN,0.04577,0.05489,7.0203,7.0202,55.66,MEDIUM,34.91,30.97,38.85,31.41,33.5,0.5208,0.4577,0.1098,1.0,6822.0,OK,IDLE,6.7125,12.0,7200.0,SIMULATED
2026-09-11 09:43:20,43.333333333333336,4,refrigeration_failure_low_ambient,6.6875,12.0625,55.0,OPEN,0.04503,0.0587,7.1347,7.1378,57.18,MEDIUM,32.23,28.39,36.06,29.15,33.33,0.5625,0.4503,0.1174,1.0,6907.0,OK,IDLE,6.7198,12.0,7200.0,SIMULATED
2026-09-11 09:43:30,43.5,4,refrigeration_failure_low_ambient,6.625,11.9375,54.0,OPEN,0.04398,0.05918,7.0619,7.0648,56.04,MEDIUM,34.9,31.13,38.68,31.27,33.17,0.5417,0.4398,0.1184,1.0,6992.2,OK,IDLE,6.7271,12.0,7200.0,SIMULATED
2026-09-11 09:43:40,43.666666666666664,4,refrigeration_failure_low_ambient,6.75,12.0,55.0,OPEN,0.04339,0.06018,7.1778,7.1839,57.55,MEDIUM,31.99,28.32,35.67,28.81,33.0,0.5833,0.4339,0.1204,1.0,7059.0,OK,IDLE,6.7344,12.0,7200.0,SIMULATED
2026-09-11 09:43:50,43.833333333333336,4,refrigeration_failure_low_ambient,6.75,12.0,55.0,OPEN,0.0429,0.06145,7.1737,7.179,57.43,MEDIUM,32.31,28.67,35.95,29.14,32.83,0.5833,0.429,0.1229,1.0,7129.8,OK,IDLE,6.7417,12.0,7200.0,SIMULATED
2026-09-11 09:44:00,44.0,4,refrigeration_failure_low_ambient,6.6875,12.0625,55.0,OPEN,0.04263,0.06281,7.1151,7.1138,56.54,MEDIUM,33.78,30.27,37.29,30.79,32.67,0.5625,0.4263,0.1256,1.0,7238.8,OK,IDLE,6.749,12.0,7200.0,SIMULATED
2026-09-11 09:44:10,44.166666666666664,4,refrigeration_failure_low_ambient,6.8125,12.0625,55.0,OPEN,0.04246,0.06415,7.2276,7.2371,58.19,MEDIUM,31.13,27.72,34.54,27.97,32.5,0.6042,0.4246,0.1283,1.0,7283.9,OK,IDLE,6.7563,12.0,7200.0,SIMULATED
2026-09-11 09:44:20,44.333333333333336,4,refrigeration_failure_low_ambient,6.8125,12.0,55.0,OPEN,0.04249,0.06537,7.2221,7.2374,58.22,MEDIUM,31.6,28.32,34.88,27.95,32.33,0.6042,0.4249,0.1307,1.0,7294.1,OK,IDLE,6.7636,12.0,7200.0,SIMULATED
2026-09-11 09:44:30,44.5,4,refrigeration_failure_low_ambient,6.8125,12.0625,55.0,OPEN,0.04244,0.06641,7.2253,7.2369,58.23,MEDIUM,31.31,28.08,34.54,27.98,32.17,0.6042,0.4244,0.1328,1.0,7326.1,OK,IDLE,6.7709,12.0,7200.0,SIMULATED
2026-09-11 09:44:40,44.666666666666664,4,refrigeration_failure_low_ambient,6.75,12.0625,55.0,OPEN,0.04246,0.06724,7.1653,7.1746,57.42,MEDIUM,32.96,29.83,36.08,29.44,32.0,0.5833,0.4246,0.1345,1.0,7371.2,OK,IDLE,6.7781,12.0,7200.0,SIMULATED
2026-09-11 09:44:50,44.833333333333336,4,refrigeration_failure_low_ambient,6.8125,12.0625,55.0,OPEN,0.04268,0.06782,7.2228,7.2393,58.33,MEDIUM,31.51,28.51,34.52,27.82,31.83,0.6042,0.4268,0.1356,1.0,7373.4,OK,IDLE,6.7854,12.0,7200.0,SIMULATED
2026-09-11 09:45:00,45.0,4,refrigeration_failure_low_ambient,6.875,11.875,54.0,OPEN,0.04299,0.06822,7.2708,7.3049,59.26,MEDIUM,30.9,28.04,33.77,26.17,31.67,0.625,0.4299,0.1364,1.0,7274.7,OK,IDLE,6.7926,12.0,7200.0,SIMULATED
2026-09-11 09:45:10,45.166666666666664,4,refrigeration_failure_low_ambient,6.75,12.0,55.0,OPEN,0.04295,0.06851,7.1648,7.1795,57.59,MEDIUM,33.04,30.27,35.8,29.1,31.5,0.5833,0.4295,0.137,1.0,7289.6,OK,IDLE,6.7998,12.0,7200.0,SIMULATED
2026-09-11 09:45:20,45.333333333333336,4,refrigeration_failure_low_ambient,6.8125,12.0625,55.0,OPEN,0.04299,0.06861,7.2268,7.2424,58.43,MEDIUM,31.2,28.46,33.93,27.63,31.33,0.6042,0.4299,0.1372,1.0,7299.2,OK,IDLE,6.8071,12.0,7200.0,SIMULATED
2026-09-11 09:45:30,45.5,4,refrigeration_failure_low_ambient,6.8125,12.0,55.0,OPEN,0.04322,0.07144,7.2232,7.2447,58.56,MEDIUM,31.52,28.86,34.17,27.48,31.17,0.6042,0.4322,0.1429,1.0,7274.8,OK,IDLE,6.8143,12.0,7200.0,SIMULATED
2026-09-11 09:45:40,45.666666666666664,4,refrigeration_failure_low_ambient,6.9375,12.0,55.0,OPEN,0.04373,0.07324,7.3427,7.3748,60.42,HIGH,28.24,25.6,30.88,24.3,31.0,0.6458,0.4373,0.1465,1.0,7192.6,OK,IDLE,6.8215,12.0,7200.0,SIMULATED
2026-09-11 09:45:50,45.833333333333336,4,refrigeration_failure_low_ambient,6.875,12.0625,55.0,OPEN,0.0442,0.07421,7.2923,7.317,59.74,HIGH,29.15,26.55,31.76,25.45,30.83,0.625,0.442,0.1484,1.0,7155.0,OK,IDLE,6.8287,12.0,7200.0,SIMULATED
2026-09-11 09:46:00,46.0,4,refrigeration_failure_low_ambient,6.8125,12.0,55.0,OPEN,0.04441,0.0745,7.2318,7.2566,58.98,MEDIUM,30.84,28.33,33.35,26.74,30.67,0.6042,0.4441,0.149,1.0,7118.2,OK,IDLE,6.8358,12.0,7200.0,SIMULATED
2026-09-11 09:46:10,46.166666666666664,4,refrigeration_failure_low_ambient,6.8125,12.0,55.0,OPEN,0.04441,0.07719,7.2334,7.2566,59.03,MEDIUM,30.72,28.29,33.16,26.74,30.5,0.6042,0.4441,0.1544,1.0,7090.8,OK,IDLE,6.843,12.0,7200.0,SIMULATED
2026-09-11 09:46:20,46.333333333333336,4,refrigeration_failure_low_ambient,6.875,11.9375,54.0,OPEN,0.04439,0.07868,7.2892,7.3189,59.89,HIGH,29.44,27.03,31.85,25.34,30.33,0.625,0.4439,0.1574,1.0,7028.8,OK,IDLE,6.8502,12.0,7200.0,SIMULATED
2026-09-11 09:46:30,46.5,4,refrigeration_failure_low_ambient,6.8125,11.9375,55.0,OPEN,0.04432,0.07935,7.2331,7.2557,59.05,MEDIUM,30.78,28.41,33.14,26.8,30.17,0.6042,0.4432,0.1587,1.0,7006.3,OK,IDLE,6.8573,12.0,7200.0,SIMULATED
2026-09-11 09:46:40,46.666666666666664,4,refrigeration_failure_low_ambient,6.9375,12.0,55.0,OPEN,0.04453,0.07934,7.3556,7.3828,60.78,HIGH,27.33,24.91,29.74,23.86,30.0,0.6458,0.4453,0.1587,1.0,6960.2,OK,IDLE,6.8644,12.0,7200.0,SIMULATED
2026-09-11 09:46:50,46.833333333333336,4,refrigeration_failure_low_ambient,6.9375,12.0,54.0,OPEN,0.04489,0.07886,7.3584,7.3864,60.88,HIGH,27.14,24.72,29.55,23.67,29.83,0.6458,0.4489,0.1577,1.0,6911.9,OK,IDLE,6.8716,12.0,7200.0,SIMULATED
2026-09-11 09:47:00,47.0,4,refrigeration_failure_low_ambient,6.875,12.0625,56.0,OPEN,0.04494,0.0809,7.3061,7.3244,60.1,HIGH,28.17,25.76,30.59,25.03,29.67,0.625,0.4494,0.1618,1.0,6915.3,OK,IDLE,6.8787,12.0,7200.0,SIMULATED
2026-09-11 09:47:10,47.166666666666664,4,refrigeration_failure_low_ambient,6.8125,12.0625,55.0,OPEN,0.04475,0.08462,7.2469,7.26,59.28,HIGH,29.69,27.32,32.05,26.54,29.5,0.6042,0.4475,0.1692,1.0,6946.4,OK,IDLE,6.8858,12.0,7200.0,SIMULATED
2026-09-11 09:47:20,47.333333333333336,4,refrigeration_failure_low_ambient,6.875,12.0,54.0,OPEN,0.04451,0.0837,7.2997,7.3201,60.03,HIGH,28.65,26.27,31.04,25.27,29.33,0.625,0.4451,0.1674,1.0,6936.9,OK,IDLE,6.8929,12.0,7200.0,SIMULATED
2026-09-11 09:47:30,47.5,4,refrigeration_failure_low_ambient,7.0,12.0625,55.0,OPEN,0.04475,0.08238,7.4216,7.4475,61.74,HIGH,25.31,22.87,27.74,22.35,29.17,0.6667,0.4475,0.1648,1.0,6899.6,OK,IDLE,6.9,12.0,7200.0,SIMULATED
2026-09-11 09:47:40,47.666666666666664,4,refrigeration_failure_low_ambient,6.9375,12.125,54.0,OPEN,0.04473,0.07785,7.3687,7.3848,60.81,HIGH,26.41,23.89,28.93,23.75,29.0,0.6458,0.4473,0.1557,1.0,6914.3,OK,IDLE,6.9071,12.0,7200.0,SIMULATED
2026-09-11 09:47:50,47.833333333333336,4,refrigeration_failure_low_ambient,6.875,12.0625,55.0,OPEN,0.04466,0.07391,7.3054,7.3216,59.88,HIGH,28.23,25.7,30.75,25.19,28.83,0.625,0.4466,0.1478,1.0,6928.0,OK,IDLE,6.9141,12.0,7200.0,SIMULATED
2026-09-11 09:48:00,48.0,4,refrigeration_failure_low_ambient,6.9375,12.0625,55.0,OPEN,0.0447,0.0703,7.3634,7.3845,60.65,HIGH,26.78,24.26,29.3,23.77,28.67,0.6458,0.447,0.1406,1.0,6915.7,OK,IDLE,6.9212,12.0,7200.0,SIMULATED
2026-09-11 09:48:10,48.166666666666664,4,refrigeration_failure_low_ambient,6.875,12.0,55.0,OPEN,0.04442,0.06682,7.3008,7.3192,59.66,HIGH,28.57,26.08,31.07,25.33,28.5,0.625,0.4442,0.1336,1.0,6917.6,OK,IDLE,6.9282,12.0,7200.0,SIMULATED
2026-09-11 09:48:20,48.333333333333336,4,refrigeration_failure_low_ambient,6.9375,12.0,55.0,OPEN,0.04422,0.06629,7.3588,7.3797,60.43,HIGH,27.11,24.6,29.63,24.03,28.33,0.6458,0.4422,0.1326,1.0,6905.4,OK,IDLE,6.9353,12.0,7200.0,SIMULATED
2026-09-11 09:48:30,48.5,4,refrigeration_failure_low_ambient,6.9375,12.0625,55.0,OPEN,0.04405,0.06782,7.3629,7.378,60.4,HIGH,26.81,24.3,29.33,24.12,28.17,0.6458,0.4405,0.1356,1.0,6924.3,OK,IDLE,6.9423,12.0,7200.0,SIMULATED
2026-09-11 09:48:40,48.666666666666664,4,refrigeration_failure_low_ambient,7.0,12.0,55.0,OPEN,0.04403,0.06784,7.4166,7.4403,61.23,HIGH,25.65,23.11,28.19,22.71,28.0,0.6667,0.4403,0.1357,1.0,6896.6,OK,IDLE,6.9493,12.0,7200.0,SIMULATED
2026-09-11 09:48:50,48.833333333333336,4,refrigeration_failure_low_ambient,6.875,11.875,55.0,OPEN,0.04371,0.06672,7.2921,7.3121,59.45,HIGH,29.26,26.78,31.74,25.74,27.83,0.625,0.4371,0.1334,1.0,6888.2,OK,IDLE,6.9563,12.0,7200.0,SIMULATED
2026-09-11 09:49:00,49.0,4,refrigeration_failure_low_ambient,6.9375,12.0,55.0,OPEN,0.04333,0.06469,7.358,7.3708,60.13,HIGH,27.16,24.68,29.65,24.52,27.67,0.6458,0.4333,0.1294,1.0,6918.7,OK,IDLE,6.9633,12.0,7200.0,SIMULATED
2026-09-11 09:49:10,49.166666666666664,4,refrigeration_failure_low_ambient,6.9375,12.0,54.0,OPEN,0.04304,0.05909,7.356,7.3679,59.93,HIGH,27.3,24.79,29.8,24.68,27.5,0.6458,0.4304,0.1182,1.0,6953.2,OK,IDLE,6.9703,12.0,7200.0,SIMULATED
2026-09-11 09:49:20,49.333333333333336,4,refrigeration_failure_low_ambient,6.9375,11.9375,55.0,OPEN,0.04298,0.05383,7.3505,7.3673,59.8,HIGH,27.71,25.21,30.22,24.72,27.33,0.6458,0.4298,0.1077,1.0,6960.1,OK,IDLE,6.9773,12.0,7200.0,SIMULATED
2026-09-11 09:49:30,49.5,4,refrigeration_failure_low_ambient,7.0625,12.125,54.0,OPEN,0.04339,0.04587,7.48,7.4964,61.43,HIGH,23.79,21.19,26.39,21.61,27.17,0.6875,0.4339,0.0917,1.0,6970.3,OK,IDLE,6.9843,12.0,7200.0,SIMULATED
2026-09-11 09:49:40,49.666666666666664,4,refrigeration_failure_low_ambient,6.9375,12.0,55.0,OPEN,0.04355,0.04182,7.355,7.373,59.73,HIGH,27.37,24.79,29.95,24.4,27.0,0.6458,0.4355,0.0836,1.0,6971.5,OK,IDLE,6.9912,12.0,7200.0,SIMULATED
2026-09-11 09:49:50,49.833333333333336,4,refrigeration_failure_low_ambient,6.9375,12.0,55.0,OPEN,0.0435,0.03755,7.3548,7.3725,59.63,HIGH,27.38,24.85,29.91,24.43,26.83,0.6458,0.435,0.0751,1.0,6974.3,OK,IDLE,6.9982,12.0,7200.0,SIMULATED
2026-09-11 09:50:00,50.0,4,refrigeration_failure_low_ambient,6.9375,12.0,55.0,OPEN,0.04309,0.036,7.3537,7.3684,59.48,HIGH,27.46,24.92,29.99,24.66,26.67,0.6458,0.4309,0.072,1.0,6993.2,OK,IDLE,7.0051,12.0,7200.0,SIMULATED
2026-09-11 09:50:10,50.166666666666664,4,refrigeration_failure_low_ambient,6.9375,12.0625,55.0,OPEN,0.04274,0.03338,7.356,7.3649,59.32,HIGH,27.27,24.72,29.83,24.86,26.5,0.6458,0.4274,0.0668,1.0,7043.5,OK,IDLE,7.0121,12.0,7200.0,SIMULATED
2026-09-11 09:50:20,50.333333333333336,4,refrigeration_failure_low_ambient,7.125,12.0625,55.0,OPEN,0.04295,0.03289,7.5302,7.5545,61.88,HIGH,22.78,20.08,25.48,20.37,26.33,0.7083,0.4295,0.0658,1.0,7006.8,OK,IDLE,7.019,12.0,7200.0,SIMULATED
2026-09-11 09:50:30,50.5,4,refrigeration_failure_low_ambient,7.125,12.0,55.0,OPEN,0.04351,0.03387,7.529,7.5601,62.06,HIGH,22.87,20.06,25.68,20.11,26.17,0.7083,0.4351,0.0677,1.0,6935.8,OK,IDLE,7.0259,12.0,7200.0,SIMULATED
2026-09-11 09:50:40,50.666666666666664,4,refrigeration_failure_low_ambient,7.0625,11.9375,55.0,OPEN,0.04389,0.03294,7.4703,7.5014,61.33,HIGH,24.45,21.58,27.32,21.36,26.0,0.6875,0.4389,0.0659,1.0,6868.0,OK,IDLE,7.0328,12.0,7200.0,SIMULATED
2026-09-11 09:50:50,50.833333333333336,4,refrigeration_failure_low_ambient,7.0625,11.875,55.0,OPEN,0.0441,0.03058,7.4696,7.5035,61.34,HIGH,24.51,21.58,27.44,21.26,25.83,0.6875,0.441,0.0612,1.0,6787.8,OK,IDLE,7.0397,12.0,7200.0,SIMULATED
2026-09-11 09:51:00,51.0,4,refrigeration_failure_low_ambient,7.0625,12.125,55.0,OPEN,0.04433,0.03007,7.4898,7.5058,61.4,HIGH,23.22,20.2,26.25,21.15,25.67,0.6875,0.4433,0.0601,1.0,6803.7,OK,IDLE,7.0466,12.0,7200.0,SIMULATED
2026-09-11 09:51:10,51.166666666666664,4,refrigeration_failure_low_ambient,7.0625,11.9375,55.0,OPEN,0.04454,0.03085,7.4774,7.5079,61.48,HIGH,24.01,20.92,27.09,21.05,25.5,0.6875,0.4454,0.0617,1.0,6744.6,OK,IDLE,7.0535,12.0,7200.0,SIMULATED
2026-09-11 09:51:20,51.333333333333336,4,refrigeration_failure_low_ambient,7.125,12.0,54.0,OPEN,0.04486,0.02674,7.5433,7.5736,62.33,HIGH,22.05,18.84,25.27,19.5,25.33,0.7083,0.4486,0.0535,1.0,6688.5,OK,IDLE,7.0603,12.0,7200.0,SIMULATED
2026-09-11 09:51:30,51.5,4,refrigeration_failure_low_ambient,7.0625,12.0,55.0,OPEN,0.04522,0.025,7.4882,7.5147,61.57,HIGH,23.35,20.07,26.64,20.73,25.17,0.6875,0.4522,0.05,1.0,6654.1,OK,IDLE,7.0672,12.0,7200.0,SIMULATED
2026-09-11 09:51:40,51.666666666666664,4,refrigeration_failure_low_ambient,7.0,12.0625,54.0,OPEN,0.04521,0.01912,7.4355,7.4521,60.61,HIGH,24.46,21.18,27.75,22.12,25.0,0.6667,0.4521,0.0382,1.0,6670.1,OK,IDLE,7.074,12.0,7200.0,SIMULATED
2026-09-11 09:51:50,51.833333333333336,4,refrigeration_failure_low_ambient,7.0,11.9375,54.0,OPEN,0.04473,0.01034,7.4255,7.4473,60.29,HIGH,25.12,21.81,28.42,22.36,24.83,0.6667,0.4473,0.0207,1.0,6658.5,OK,IDLE,7.0809,12.0,7200.0,SIMULATED
2026-09-11 09:52:00,52.0,4,refrigeration_failure_low_ambient,7.0,11.9375,55.0,OPEN,0.04405,0.00238,7.4244,7.4405,59.93,HIGH,25.18,21.9,28.46,22.7,24.67,0.6667,0.4405,0.0048,1.0,6675.4,OK,IDLE,7.0877,12.0,7200.0,SIMULATED
2026-09-11 09:52:10,52.166666666666664,4,refrigeration_failure_low_ambient,7.125,11.9375,56.0,OPEN,0.04337,0.00071,7.5389,7.5587,61.36,HIGH,22.31,18.94,25.69,20.18,24.5,0.7083,0.4337,0.0014,1.0,6671.1,OK,IDLE,7.0945,12.0,7200.0,SIMULATED
2026-09-11 09:52:20,52.333333333333336,4,refrigeration_failure_low_ambient,7.0625,12.0,55.0,OPEN,0.04301,0.0005,7.4839,7.4926,60.41,HIGH,23.6,20.18,27.02,21.8,24.33,0.6875,0.4301,0.001,1.0,6725.3,OK,IDLE,7.1013,12.0,7200.0,SIMULATED
2026-09-11 09:52:30,52.5,4,refrigeration_failure_low_ambient,7.125,12.0625,55.0,OPEN,0.04284,-0.00165,7.5436,7.5534,61.19,HIGH,22.02,18.53,25.5,20.42,24.17,0.7083,0.4284,0.0,1.0,6772.6,OK,IDLE,7.1081,12.0,7200.0,SIMULATED
2026-09-11 09:52:40,52.666666666666664,4,refrigeration_failure_low_ambient,7.0625,12.0,56.0,OPEN,0.04259,0.00056,7.4784,7.4884,60.29,HIGH,23.93,20.46,27.39,22.01,24.0,0.6875,0.4259,0.0011,1.0,6818.3,OK,IDLE,7.1149,12.0,7200.0,SIMULATED
2026-09-11 09:52:50,52.833333333333336,4,refrigeration_failure_low_ambient,7.125,11.9375,55.0,OPEN,0.04224,0.00287,7.5301,7.5474,61.06,HIGH,22.82,19.33,26.31,20.72,23.83,0.7083,0.4224,0.0057,1.0,6822.9,OK,IDLE,7.1217,12.0,7200.0,SIMULATED
2026-09-11 09:53:00,53.0,4,refrigeration_failure_low_ambient,7.1875,12.0,56.0,OPEN,0.04212,0.0081,7.5922,7.6087,61.97,HIGH,21.05,17.47,24.64,19.29,23.67,0.7292,0.4212,0.0162,1.0,6830.8,OK,IDLE,7.1285,12.0,7200.0,SIMULATED
2026-09-11 09:53:10,53.166666666666664,4,refrigeration_failure_low_ambient,7.125,12.0625,55.0,OPEN,0.04214,0.01243,7.5373,7.5464,61.22,HIGH,22.37,18.85,25.89,20.76,23.5,0.7083,0.4214,0.0249,1.0,6880.6,OK,IDLE,7.1352,12.0,7200.0,SIMULATED
2026-09-11 09:53:20,53.333333333333336,4,refrigeration_failure_low_ambient,7.125,12.0,56.0,OPEN,0.04166,0.01898,7.5301,7.5416,61.21,HIGH,22.8,19.28,26.32,21.0,23.33,0.7083,0.4166,0.038,1.0,6915.8,OK,IDLE,7.142,12.0,7200.0,SIMULATED
2026-09-11 09:53:30,53.5,4,refrigeration_failure_low_ambient,7.1875,12.0625,55.0,OPEN,0.04132,0.02414,7.5903,7.6007,62.05,HIGH,21.14,17.67,24.6,19.66,23.17,0.7292,0.4132,0.0483,1.0,6956.5,OK,IDLE,7.1487,12.0,7200.0,SIMULATED
2026-09-11 09:53:40,53.666666666666664,4,refrigeration_failure_low_ambient,7.0625,11.875,55.0,OPEN,0.0405,0.02537,7.4578,7.4675,60.16,HIGH,25.28,21.86,28.69,23.15,23.0,0.6875,0.405,0.0507,1.0,6999.9,OK,IDLE,7.1554,12.0,7200.0,SIMULATED
2026-09-11 09:53:50,53.833333333333336,4,refrigeration_failure_low_ambient,7.25,12.0,55.0,OPEN,0.04019,0.0267,7.639,7.6519,62.59,HIGH,20.11,16.66,23.57,18.66,22.83,0.75,0.4019,0.0534,1.0,7022.7,OK,IDLE,7.1622,12.0,7200.0,SIMULATED
2026-09-11 09:54:00,54.0,4,refrigeration_failure_low_ambient,7.125,12.0,55.0,OPEN,0.03985,0.02812,7.5199,7.5235,60.85,HIGH,23.42,20.06,26.77,21.96,22.67,0.7083,0.3985,0.0562,1.0,7102.1,OK,IDLE,7.1689,12.0,7200.0,SIMULATED
2026-09-11 09:54:10,54.166666666666664,4,refrigeration_failure_low_ambient,7.125,12.0625,55.0,OPEN,0.03926,0.02958,7.5191,7.5176,60.7,HIGH,23.45,20.12,26.78,22.29,22.5,0.7083,0.3926,0.0592,1.0,7213.2,OK,IDLE,7.1756,12.0,7200.0,SIMULATED
2026-09-11 09:54:20,54.333333333333336,4,refrigeration_failure_low_ambient,7.125,12.0,55.0,OPEN,0.03882,0.03108,7.51,7.5132,60.6,HIGH,24.05,20.77,27.32,22.54,22.33,0.7083,0.3882,0.0622,1.0,7293.6,OK,IDLE,7.1823,12.0,7200.0,SIMULATED
2026-09-11 09:54:30,54.5,4,refrigeration_failure_low_ambient,7.25,12.0,55.0,OPEN,0.03882,0.03261,7.6245,7.6382,62.3,HIGH,20.93,17.64,24.21,19.32,22.17,0.75,0.3882,0.0652,1.0,7305.8,OK,IDLE,7.189,12.0,7200.0,SIMULATED
2026-09-11 09:54:40,54.666666666666664,4,refrigeration_failure_low_ambient,7.1875,12.0625,55.0,OPEN,0.0389,0.03415,7.5692,7.5765,61.52,HIGH,22.36,19.16,25.56,20.89,22.0,0.7292,0.389,0.0683,1.0,7359.3,OK,IDLE,7.1957,12.0,7200.0,SIMULATED
2026-09-11 09:54:50,54.833333333333336,4,refrigeration_failure_low_ambient,7.1875,12.0,55.0,OPEN,0.03882,0.03571,7.5633,7.5757,61.53,HIGH,22.74,19.6,25.89,20.93,21.83,0.7292,0.3882,0.0714,1.0,7379.1,OK,IDLE,7.2023,12.0,7200.0,SIMULATED
2026-09-11 09:55:00,55.0,4,refrigeration_failure_low_ambient,7.1875,12.0,54.0,OPEN,0.03877,0.03442,7.5625,7.5752,61.49,HIGH,22.8,19.7,25.9,20.96,21.67,0.7292,0.3877,0.0688,1.0,7396.4,OK,IDLE,7.209,12.0,7200.0,SIMULATED
2026-09-11 09:55:10,55.166666666666664,4,refrigeration_failure_low_ambient,7.1875,12.0,55.0,OPEN,0.03889,0.03114,7.5621,7.5764,61.46,HIGH,22.82,19.85,25.79,20.89,21.5,0.7292,0.3889,0.0623,1.0,7403.7,OK,IDLE,7.2156,12.0,7200.0,SIMULATED
2026-09-11 09:55:20,55.333333333333336,4,refrigeration_failure_low_ambient,7.1875,12.0625,56.0,OPEN,0.03873,0.03217,7.5652,7.5748,61.43,HIGH,22.61,19.71,25.51,20.98,21.33,0.7292,0.3873,0.0643,1.0,7441.0,OK,IDLE,7.2223,12.0,7200.0,SIMULATED
2026-09-11 09:55:30,55.5,4,refrigeration_failure_low_ambient,7.1875,12.125,54.0,OPEN,0.03851,0.03042,7.5669,7.5726,61.33,HIGH,22.49,19.67,25.3,21.1,21.17,0.7292,0.3851,0.0608,1.0,7503.8,OK,IDLE,7.2289,12.0,7200.0,SIMULATED
2026-09-11 09:55:40,55.666666666666664,4,refrigeration_failure_low_ambient,7.1875,11.9375,54.0,OPEN,0.03823,0.02682,7.5531,7.5698,61.17,HIGH,23.42,20.63,26.22,21.25,21.0,0.7292,0.3823,0.0536,1.0,7491.7,OK,IDLE,7.2355,12.0,7200.0,SIMULATED
2026-09-11 09:55:50,55.833333333333336,4,refrigeration_failure_low_ambient,7.25,12.0625,56.0,OPEN,0.0384,0.02772,7.6201,7.634,62.07,HIGH,21.17,18.38,23.97,19.53,20.83,0.75,0.384,0.0554,1.0,7498.6,OK,IDLE,7.2421,12.0,7200.0,SIMULATED
2026-09-11 09:56:00,56.0,4,refrigeration_failure_low_ambient,7.25,12.0,55.0,OPEN,0.03868,0.02883,7.6168,7.6368,62.18,HIGH,21.38,18.65,24.11,19.39,20.67,0.75,0.3868,0.0577,1.0,7465.8,OK,IDLE,7.2487,12.0,7200.0,SIMULATED
2026-09-11 09:56:10,56.166666666666664,4,refrigeration_failure_low_ambient,7.3125,12.0,55.0,OPEN,0.039,0.03008,7.6775,7.7025,63.14,HIGH,19.57,16.86,22.27,17.63,20.5,0.7708,0.39,0.0602,1.0,7402.1,OK,IDLE,7.2553,12.0,7200.0,SIMULATED
2026-09-11 09:56:20,56.333333333333336,4,refrigeration_failure_low_ambient,7.25,12.0625,55.0,OPEN,0.03912,0.03143,7.6249,7.6412,62.36,HIGH,20.89,18.21,23.56,19.17,20.33,0.75,0.3912,0.0629,1.0,7397.1,OK,IDLE,7.2619,12.0,7200.0,SIMULATED
2026-09-11 09:56:30,56.5,4,refrigeration_failure_low_ambient,7.25,12.0,54.0,OPEN,0.03923,0.02705,7.6217,7.6423,62.31,HIGH,21.09,18.5,23.68,19.12,20.17,0.75,0.3923,0.0541,1.0,7363.9,OK,IDLE,7.2685,12.0,7200.0,SIMULATED
2026-09-11 09:56:40,56.666666666666664,4,refrigeration_failure_low_ambient,7.3125,12.0,54.0,OPEN,0.03931,0.0216,7.6818,7.7056,63.06,HIGH,19.33,16.69,21.97,17.49,20.0,0.7708,0.3931,0.0432,1.0,7311.7,OK,IDLE,7.2751,12.0,7200.0,SIMULATED
2026-09-11 09:56:50,56.833333333333336,4,refrigeration_failure_low_ambient,7.25,11.875,54.0,OPEN,0.0395,0.0155,7.6178,7.645,62.16,HIGH,21.35,18.71,23.99,18.99,19.83,0.75,0.395,0.031,1.0,7240.3,OK,IDLE,7.2816,12.0,7200.0,SIMULATED
2026-09-11 09:57:00,57.0,4,refrigeration_failure_low_ambient,7.375,11.9375,55.0,OPEN,0.04009,0.00895,7.7429,7.7759,63.87,HIGH,17.52,14.8,20.25,15.59,19.67,0.7917,0.4009,0.0179,1.0,7137.1,OK,IDLE,7.2882,12.0,7200.0,SIMULATED
2026-09-11 09:57:10,57.166666666666664,4,refrigeration_failure_low_ambient,7.3125,12.0,55.0,OPEN,0.04057,0.00788,7.6931,7.7182,63.16,HIGH,18.73,16.03,21.44,16.95,19.5,0.7708,0.4057,0.0158,1.0,7085.9,OK,IDLE,7.2947,12.0,7200.0,SIMULATED
2026-09-11 09:57:20,57.333333333333336,4,refrigeration_failure_low_ambient,7.25,12.0625,54.0,OPEN,0.04056,0.00494,7.6403,7.6556,62.27,HIGH,20.03,17.36,22.71,18.49,19.33,0.75,0.4056,0.0099,1.0,7094.2,OK,IDLE,7.3012,12.0,7200.0,SIMULATED
2026-09-11 09:57:30,57.5,4,refrigeration_failure_low_ambient,7.3125,12.0625,55.0,OPEN,0.04053,0.0007,7.6985,7.7178,63.01,HIGH,18.45,15.7,21.19,16.96,19.17,0.7708,0.4053,0.0014,1.0,7078.7,OK,IDLE,7.3078,12.0,7200.0,SIMULATED
2026-09-11 09:57:40,57.666666666666664,4,refrigeration_failure_low_ambient,7.3125,11.9375,55.0,OPEN,0.04081,-0.0016,7.6919,7.7206,63.08,HIGH,18.8,16.01,21.59,16.85,19.0,0.7708,0.4081,0.0,1.0,7009.0,OK,IDLE,7.3143,12.0,7200.0,SIMULATED
2026-09-11 09:57:50,57.833333333333336,4,refrigeration_failure_low_ambient,7.3125,12.0625,55.0,OPEN,0.0411,-0.0055,7.7032,7.7235,63.16,HIGH,18.22,15.42,21.02,16.73,18.83,0.7708,0.411,0.0,1.0,6990.5,OK,IDLE,7.3208,12.0,7200.0,SIMULATED
2026-09-11 09:58:00,58.0,4,refrigeration_failure_low_ambient,7.25,11.9375,55.0,OPEN,0.04099,-0.00766,7.6373,7.6599,62.3,HIGH,20.22,17.43,23.01,18.3,18.67,0.75,0.4099,0.0,1.0,6958.4,OK,IDLE,7.3273,12.0,7200.0,SIMULATED
2026-09-11 09:58:10,58.166666666666664,4,refrigeration_failure_low_ambient,7.375,12.0625,55.0,OPEN,0.04111,-0.0086,7.7638,7.7861,64.0,HIGH,16.53,13.7,19.35,15.2,18.5,0.7917,0.4111,0.0,1.0,6929.3,OK,IDLE,7.3338,12.0,7200.0,SIMULATED
2026-09-11 09:58:20,58.333333333333336,4,refrigeration_failure_low_ambient,7.3125,12.0,56.0,OPEN,0.04098,-0.00583,7.7022,7.7223,63.13,HIGH,18.27,15.44,21.11,16.78,18.33,0.7708,0.4098,0.0,1.0,6912.6,OK,IDLE,7.3402,12.0,7200.0,SIMULATED
2026-09-11 09:58:30,58.5,4,refrigeration_failure_low_ambient,7.3125,12.0,55.0,OPEN,0.04083,-0.00341,7.7025,7.7208,63.08,HIGH,18.26,15.41,21.11,16.84,18.17,0.7708,0.4083,0.0,1.0,6906.5,OK,IDLE,7.3467,12.0,7200.0,SIMULATED
2026-09-11 09:58:40,58.666666666666664,4,refrigeration_failure_low_ambient,7.25,12.0,54.0,OPEN,0.04044,-0.0041,7.6433,7.6544,62.13,HIGH,19.88,17.04,22.73,18.54,18.0,0.75,0.4044,0.0,1.0,6941.6,OK,IDLE,7.3532,12.0,7200.0,SIMULATED
2026-09-11 09:58:50,58.833333333333336,4,refrigeration_failure_low_ambient,7.375,12.0625,55.0,OPEN,0.04041,-0.00401,7.7629,7.7791,63.79,HIGH,16.57,13.76,19.38,15.47,17.83,0.7917,0.4041,0.0,1.0,6946.4,OK,IDLE,7.3596,12.0,7200.0,SIMULATED
2026-09-11 09:59:00,59.0,4,refrigeration_failure_low_ambient,7.3125,12.0,55.0,OPEN,0.04003,-0.00338,7.6993,7.7128,62.84,HIGH,18.42,15.63,21.2,17.18,17.67,0.7708,0.4003,0.0,1.0,6966.4,OK,IDLE,7.366,12.0,7200.0,SIMULATED
2026-09-11 09:59:10,59.166666666666664,4,refrigeration_failure_low_ambient,7.375,12.0625,55.0,OPEN,0.03973,-0.00237,7.7603,7.7723,63.59,HIGH,16.68,13.89,19.48,15.73,17.5,0.7917,0.3973,0.0,1.0,6994.4,OK,IDLE,7.3725,12.0,7200.0,SIMULATED
2026-09-11 09:59:20,59.333333333333336,4,refrigeration_failure_low_ambient,7.3125,12.0,55.0,OPEN,0.03928,-0.00404,7.6957,7.7053,62.62,HIGH,18.6,15.87,21.33,17.5,17.33,0.7708,0.3928,0.0,1.0,7035.9,OK,IDLE,7.3789,12.0,7200.0,SIMULATED
2026-09-11 09:59:30,59.5,4,refrigeration_failure_low_ambient,7.3125,12.0625,56.0,OPEN,0.03867,-0.00187,7.6964,7.6992,62.44,HIGH,18.55,15.8,21.3,17.78,17.17,0.7708,0.3867,0.0,1.0,7119.3,OK,IDLE,7.3853,12.0,7200.0,SIMULATED
2026-09-11 09:59:40,59.666666666666664,4,refrigeration_failure_low_ambient,7.3125,12.0,55.0,OPEN,0.0383,-0.00293,7.6885,7.6955,62.32,HIGH,18.97,16.29,21.64,17.95,17.0,0.7708,0.383,0.0,1.0,7175.5,OK,IDLE,7.3917,12.0,7200.0,SIMULATED
2026-09-11 09:59:50,59.833333333333336,4,refrigeration_failure_low_ambient,7.4375,12.0,55.0,OPEN,0.03805,-0.00338,7.8033,7.818,63.91,HIGH,15.75,13.07,18.42,14.78,16.83,0.8125,0.3805,0.0,1.0,7180.4,OK,IDLE,7.3981,12.0,7200.0,SIMULATED
2026-09-11 10:00:00,60.0,4,refrigeration_failure_low_ambient,7.375,12.125,55.0,OPEN,0.03766,-0.00342,7.7509,7.7516,62.96,HIGH,17.11,14.5,19.73,16.6,16.67,0.7917,0.3766,0.0,1.0,7277.4,OK,IDLE,7.4045,12.0,7200.0,SIMULATED
2026-09-11 10:00:10,60.166666666666664,4,refrigeration_failure_low_ambient,7.4375,12.0,54.0,OPEN,0.03731,-0.00601,7.7979,7.8106,63.69,HIGH,15.99,13.41,18.58,15.08,16.5,0.8125,0.3731,0.0,1.0,7292.6,OK,IDLE,7.4109,12.0,7200.0,SIMULATED
2026-09-11 10:00:20,60.333333333333336,4,refrigeration_failure_low_ambient,7.4375,11.875,55.0,OPEN,0.03694,-0.00744,7.789,7.8069,63.58,HIGH,16.43,13.78,19.07,15.23,16.33,0.8125,0.3694,0.0,1.0,7271.5,OK,IDLE,7.4173,12.0,7200.0,SIMULATED
2026-09-11 10:00:30,60.5,4,refrigeration_failure_low_ambient,7.4375,12.0625,55.0,OPEN,0.03706,-0.00806,7.8012,7.8081,63.62,HIGH,15.83,13.12,18.55,15.18,16.17,0.8125,0.3706,0.0,1.0,7325.7,OK,IDLE,7.4236,12.0,7200.0,SIMULATED
2026-09-11 10:00:40,60.666666666666664,4,refrigeration_failure_low_ambient,7.4375,12.0,55.0,OPEN,0.03749,-0.00812,7.7966,7.8124,63.75,HIGH,16.05,13.31,18.8,15.0,16.0,0.8125,0.3749,0.0,1.0,7319.6,OK,IDLE,7.43,12.0,7200.0,SIMULATED
2026-09-11 10:00:50,60.833333333333336,4,refrigeration_failure_low_ambient,7.5,12.0,55.0,OPEN,0.03811,-0.00778,7.8569,7.8811,64.77,HIGH,14.25,11.43,17.08,13.12,15.83,0.8333,0.3811,0.0,1.0,7260.7,OK,IDLE,7.4363,12.0,7200.0,SIMULATED
2026-09-11 10:01:00,61.0,4,refrigeration_failure_low_ambient,7.375,11.9375,55.0,OPEN,0.03847,-0.00716,7.7386,7.7597,63.21,HIGH,17.74,14.91,20.57,16.25,15.67,0.7917,0.3847,0.0,1.0,7224.7,OK,IDLE,7.4426,12.0,7200.0,SIMULATED
2026-09-11 10:01:10,61.166666666666664,4,refrigeration_failure_low_ambient,7.4375,11.9375,55.0,OPEN,0.03878,-0.00634,7.7993,7.8253,64.13,HIGH,15.93,13.08,18.78,14.51,15.5,0.8125,0.3878,0.0,1.0,7159.3,OK,IDLE,7.449,12.0,7200.0,SIMULATED
2026-09-11 10:01:20,61.333333333333336,4,refrigeration_failure_low_ambient,7.4375,12.0,55.0,OPEN,0.03902,-0.00539,7.8061,7.8277,64.21,HIGH,15.62,12.72,18.52,14.41,15.33,0.8125,0.3902,0.0,1.0,7123.2,OK,IDLE,7.4553,12.0,7200.0,SIMULATED
2026-09-11 10:01:30,61.5,4,refrigeration_failure_low_ambient,7.5,12.0,56.0,OPEN,0.03955,-0.00444,7.8672,7.8955,65.2,HIGH,13.84,10.85,16.83,12.64,15.17,0.8333,0.3955,0.0,1.0,7048.9,OK,IDLE,7.4616,12.0,7200.0,SIMULATED
2026-09-11 10:01:40,61.666666666666664,4,refrigeration_failure_low_ambient,7.375,12.0625,55.0,OPEN,0.03971,-0.00358,7.757,7.7721,63.58,HIGH,16.83,13.87,19.8,15.74,15.0,0.7917,0.3971,0.0,1.0,7057.5,OK,IDLE,7.4679,12.0,7200.0,SIMULATED
2026-09-11 10:01:50,61.833333333333336,4,refrigeration_failure_low_ambient,7.5,12.125,55.0,OPEN,0.03973,-0.00575,7.8779,7.8973,65.25,HIGH,13.42,10.42,16.42,12.58,14.83,0.8333,0.3973,0.0,1.0,7039.1,OK,IDLE,7.4742,12.0,7200.0,SIMULATED
2026-09-11 10:02:00,62.0,4,refrigeration_failure_low_ambient,7.5,12.0625,54.0,OPEN,0.03963,-0.01297,7.8745,7.8963,65.22,HIGH,13.55,10.53,16.58,12.62,14.67,0.8333,0.3963,0.0,1.0,7006.3,OK,IDLE,7.4805,12.0,7200.0,SIMULATED
2026-09-11 10:02:10,62.166666666666664,4,refrigeration_failure_low_ambient,7.5,12.0,55.0,OPEN,0.03938,-0.01793,7.8712,7.8938,65.15,HIGH,13.68,10.59,16.77,12.7,14.5,0.8333,0.3938,0.0,1.0,6968.7,OK,IDLE,7.4867,12.0,7200.0,SIMULATED
2026-09-11 10:02:20,62.333333333333336,4,refrigeration_failure_low_ambient,7.4375,12.0625,55.0,OPEN,0.03918,-0.01836,7.8176,7.8293,64.25,HIGH,15.12,12.03,18.22,14.36,14.33,0.8125,0.3918,0.0,1.0,6997.1,OK,IDLE,7.493,12.0,7200.0,SIMULATED
2026-09-11 10:02:30,62.5,4,refrigeration_failure_low_ambient,7.5625,12.0,55.0,OPEN,0.03915,-0.01847,7.9296,7.954,65.91,HIGH,12.02,8.81,15.23,11.17,14.17,0.8542,0.3915,0.0,1.0,6947.9,OK,IDLE,7.4993,12.0,7200.0,SIMULATED
2026-09-11 10:02:40,62.666666666666664,4,refrigeration_failure_low_ambient,7.5625,12.0625,55.0,OPEN,0.03938,-0.01835,7.936,7.9563,65.98,HIGH,11.8,8.52,15.09,11.11,14.0,0.8542,0.3938,0.0,1.0,6924.9,OK,IDLE,7.5055,12.0,7200.0,SIMULATED
2026-09-11 10:02:50,62.833333333333336,4,refrigeration_failure_low_ambient,7.5,12.0,54.0,OPEN,0.03939,-0.01799,7.8744,7.8939,65.15,HIGH,13.56,10.24,16.87,12.69,13.83,0.8333,0.3939,0.0,1.0,6907.3,OK,IDLE,7.5117,12.0,7200.0,SIMULATED
2026-09-11 10:03:00,63.0,4,refrigeration_failure_low_ambient,7.625,11.9375,55.0,OPEN,0.03974,-0.01735,7.9888,8.0224,66.92,HIGH,10.32,6.85,13.8,9.44,13.67,0.875,0.3974,0.0,1.0,6808.3,OK,IDLE,7.518,12.0,7200.0,SIMULATED
2026-09-11 10:03:10,63.166666666666664,4,refrigeration_failure_low_ambient,7.5625,12.0,56.0,OPEN,0.04029,-0.01072,7.9395,7.9654,66.25,HIGH,11.69,8.14,15.24,10.86,13.5,0.8542,0.4029,0.0,1.0,6758.5,OK,IDLE,7.5242,12.0,7200.0,SIMULATED
2026-09-11 10:03:20,63.333333333333336,4,refrigeration_failure_low_ambient,7.5625,11.9375,55.0,OPEN,0.04075,-0.00569,7.9384,7.97,66.39,HIGH,11.73,8.12,15.33,10.74,13.33,0.8542,0.4075,0.0,1.0,6679.2,OK,IDLE,7.5304,12.0,7200.0,SIMULATED
2026-09-11 10:03:30,63.5,4,refrigeration_failure_low_ambient,7.5625,12.0,56.0,OPEN,0.04112,0.00401,7.9466,7.9737,66.58,HIGH,11.47,7.78,15.15,10.64,13.17,0.8542,0.4112,0.008,1.0,6628.0,OK,IDLE,7.5366,12.0,7200.0,SIMULATED
2026-09-11 10:03:40,63.666666666666664,4,refrigeration_failure_low_ambient,7.5,12.125,55.0,OPEN,0.04139,0.01118,7.8992,7.9139,65.97,HIGH,12.68,9.05,16.3,12.08,13.0,0.8333,0.4139,0.0224,1.0,6647.3,OK,IDLE,7.5428,12.0,7200.0,SIMULATED
2026-09-11 10:03:50,63.833333333333336,4,refrigeration_failure_low_ambient,7.5,12.0,55.0,OPEN,0.04118,0.01659,7.8897,7.9118,66.02,HIGH,13.0,9.33,16.67,12.14,12.83,0.8333,0.4118,0.0332,1.0,6624.7,OK,IDLE,7.549,12.0,7200.0,SIMULATED
2026-09-11 10:04:00,64.0,4,refrigeration_failure_low_ambient,7.5625,12.0,55.0,OPEN,0.04133,0.02075,7.9493,7.9758,66.98,HIGH,11.38,7.7,15.06,10.59,12.67,0.8542,0.4133,0.0415,1.0,6579.1,OK,IDLE,7.5552,12.0,7200.0,SIMULATED
2026-09-11 10:04:10,64.16666666666667,4,refrigeration_failure_low_ambient,7.5625,12.0,55.0,OPEN,0.04134,0.02404,7.9512,7.9759,67.05,HIGH,11.32,7.64,15.01,10.58,12.5,0.8542,0.4134,0.0481,1.0,6544.6,OK,IDLE,7.5613,12.0,7200.0,SIMULATED
2026-09-11 10:04:20,64.33333333333333,4,refrigeration_failure_low_ambient,7.5625,12.0,55.0,OPEN,0.0412,0.02673,7.9524,7.9745,67.06,HIGH,11.29,7.63,14.95,10.62,12.33,0.8542,0.412,0.0535,1.0,6524.2,OK,IDLE,7.5675,12.0,7200.0,SIMULATED
2026-09-11 10:04:30,64.5,4,refrigeration_failure_low_ambient,7.625,11.9375,55.0,OPEN,0.04109,0.02899,8.0071,8.0359,67.91,CRITICAL,9.81,6.06,13.55,9.13,12.17,0.875,0.4109,0.058,1.0,6467.4,OK,IDLE,7.5736,12.0,7200.0,SIMULATED
2026-09-11 10:04:40,64.66666666666667,4,refrigeration_failure_low_ambient,7.5625,12.0,55.0,OPEN,0.04116,0.03095,7.9556,7.9741,67.13,HIGH,11.19,7.44,14.94,10.63,12.0,0.8542,0.4116,0.0619,1.0,6467.8,OK,IDLE,7.5798,12.0,7200.0,SIMULATED
2026-09-11 10:04:50,64.83333333333333,4,refrigeration_failure_low_ambient,7.625,12.0625,55.0,OPEN,0.0413,0.03271,8.0185,8.038,68.05,CRITICAL,9.51,5.73,13.29,9.08,11.83,0.875,0.413,0.0654,1.0,6462.4,OK,IDLE,7.5859,12.0,7200.0,SIMULATED
2026-09-11 10:05:00,65.0,4,refrigeration_failure_low_ambient,7.6875,11.9375,55.0,OPEN,0.04164,0.03432,8.0691,8.1039,69.01,CRITICAL,8.12,4.28,11.96,7.5,11.67,0.8958,0.4164,0.0686,1.0,6377.6,OK,IDLE,7.592,12.0,7200.0,SIMULATED
2026-09-11 10:05:10,65.16666666666667,4,refrigeration_failure_low_ambient,7.5625,11.9375,55.0,OPEN,0.04172,0.03288,7.9566,7.9797,67.34,HIGH,11.16,7.36,14.96,10.49,11.5,0.8542,0.4172,0.0658,1.0,6356.4,OK,IDLE,7.5982,12.0,7200.0,SIMULATED
2026-09-11 10:05:20,65.33333333333333,4,refrigeration_failure_low_ambient,7.625,12.0,55.0,OPEN,0.04174,0.03215,8.0201,8.0424,68.17,CRITICAL,9.47,5.67,13.26,8.98,11.33,0.875,0.4174,0.0643,1.0,6339.5,OK,IDLE,7.6043,12.0,7200.0,SIMULATED
2026-09-11 10:05:30,65.5,4,refrigeration_failure_low_ambient,7.625,12.0625,54.0,OPEN,0.04169,0.03202,8.025,8.0419,68.15,CRITICAL,9.35,5.56,13.13,8.99,11.17,0.875,0.4169,0.064,1.0,6351.0,OK,IDLE,7.6104,12.0,7200.0,SIMULATED
2026-09-11 10:05:40,65.66666666666667,4,refrigeration_failure_low_ambient,7.5625,11.9375,54.0,OPEN,0.04138,0.02661,7.957,7.9763,67.11,HIGH,11.15,7.46,14.84,10.57,11.0,0.8542,0.4138,0.0532,1.0,6349.3,OK,IDLE,7.6165,12.0,7200.0,SIMULATED
2026-09-11 10:05:50,65.83333333333333,4,refrigeration_failure_low_ambient,7.6875,12.0,55.0,OPEN,0.04119,0.02034,8.0773,8.0994,68.6,CRITICAL,7.94,4.2,11.67,7.59,10.83,0.8958,0.4119,0.0407,1.0,6332.5,OK,IDLE,7.6226,12.0,7200.0,SIMULATED
2026-09-11 10:06:00,66.0,4,refrigeration_failure_low_ambient,7.625,12.0,55.0,OPEN,0.04105,0.01928,8.0196,8.0355,67.7,CRITICAL,9.48,5.76,13.2,9.13,10.67,0.875,0.4105,0.0386,1.0,6347.9,OK,IDLE,7.6286,12.0,7200.0,SIMULATED
2026-09-11 10:06:10,66.16666666666667,4,refrigeration_failure_low_ambient,7.625,12.0,54.0,OPEN,0.04091,0.01616,8.0186,8.0341,67.6,CRITICAL,9.51,5.77,13.24,9.17,10.5,0.875,0.4091,0.0323,1.0,6364.9,OK,IDLE,7.6347,12.0,7200.0,SIMULATED
2026-09-11 10:06:20,66.33333333333333,4,refrigeration_failure_low_ambient,7.75,12.0,55.0,OPEN,0.04128,0.01455,8.135,8.1628,69.34,CRITICAL,6.38,2.58,10.19,6.06,10.33,0.9167,0.4128,0.0291,1.0,6317.9,OK,IDLE,7.6408,12.0,7200.0,SIMULATED
2026-09-11 10:06:30,66.5,4,refrigeration_failure_low_ambient,7.625,12.0625,55.0,OPEN,0.04142,0.01399,8.0254,8.0392,67.71,CRITICAL,9.34,5.57,13.11,9.05,10.17,0.875,0.4142,0.028,1.0,6345.4,OK,IDLE,7.6468,12.0,7200.0,SIMULATED
2026-09-11 10:06:40,66.66666666666667,4,refrigeration_failure_low_ambient,7.6875,11.9375,55.0,OPEN,0.04154,0.01122,8.074,8.1029,68.52,CRITICAL,8.01,4.21,11.82,7.52,10.0,0.8958,0.4154,0.0224,1.0,6293.7,OK,DEPLOYED,7.6528,12.0,7200.0,SIMULATED
2026-09-11 10:06:50,66.83333333333333,4,refrigeration_failure_low_ambient,7.625,12.0625,55.0,OPEN,0.04161,0.00681,8.0269,8.0411,67.62,CRITICAL,9.3,5.56,13.04,9.01,9.83,0.875,0.4161,0.0136,1.0,6319.8,OK,DEPLOYED,7.6589,12.0,7200.0,SIMULATED
2026-09-11 10:07:00,67.0,4,refrigeration_failure_low_ambient,7.6875,12.0,55.0,OPEN,0.04162,0.00115,8.0796,8.1037,68.34,CRITICAL,7.89,4.1,11.69,7.51,9.67,0.8958,0.4162,0.0023,1.0,6294.2,OK,DEPLOYED,7.6649,12.0,7200.0,SIMULATED
2026-09-11 10:07:10,67.16666666666667,4,refrigeration_failure_low_ambient,7.625,12.0,55.0,OPEN,0.04172,-0.00253,8.0228,8.0422,67.52,CRITICAL,9.4,5.62,13.18,8.99,9.5,0.875,0.4172,0.0,1.0,6293.6,OK,DEPLOYED,7.6709,12.0,7200.0,SIMULATED
2026-09-11 10:07:20,67.33333333333333,4,refrigeration_failure_low_ambient,7.6875,12.0,55.0,OPEN,0.04186,-0.00482,8.0813,8.1061,68.39,CRITICAL,7.86,4.09,11.62,7.46,9.33,0.8958,0.4186,0.0,1.0,6265.4,OK,DEPLOYED,7.6769,12.0,7200.0,SIMULATED
2026-09-11 10:07:30,67.5,4,refrigeration_failure_low_ambient,7.75,11.9375,55.0,OPEN,0.04199,-0.00908,8.1366,8.1699,69.27,CRITICAL,6.36,2.54,10.17,5.95,9.17,0.9167,0.4199,0.0,1.0,6194.7,OK,DEPLOYED,7.6829,12.0,7200.0,SIMULATED
2026-09-11 10:07:40,67.66666666666667,4,refrigeration_failure_low_ambient,7.625,11.9375,55.0,OPEN,0.0419,-0.01188,8.0234,8.044,67.57,CRITICAL,9.39,5.6,13.17,8.95,9.0,0.875,0.419,0.0,1.0,6190.1,OK,DEPLOYED,7.6889,12.0,7200.0,SIMULATED
2026-09-11 10:07:50,67.83333333333333,4,refrigeration_failure_low_ambient,7.6875,11.875,55.0,OPEN,0.04178,-0.01365,8.077,8.1053,68.37,CRITICAL,7.94,4.16,11.73,7.48,8.83,0.8958,0.4178,0.0,1.0,6145.8,OK,DEPLOYED,7.6949,12.0,7200.0,SIMULATED
2026-09-11 10:08:00,68.0,4,refrigeration_failure_low_ambient,7.6875,12.0625,55.0,OPEN,0.04163,-0.01469,8.0919,8.1038,68.32,CRITICAL,7.64,3.92,11.36,7.51,8.67,0.8958,0.4163,0.0,1.0,6185.7,OK,DEPLOYED,7.7009,12.0,7200.0,SIMULATED
2026-09-11 10:08:10,68.16666666666667,4,refrigeration_failure_low_ambient,7.75,12.0625,55.0,OPEN,0.0414,-0.01523,8.1477,8.164,69.09,CRITICAL,6.17,2.39,9.96,6.04,8.5,0.9167,0.414,0.0,1.0,6201.7,OK,DEPLOYED,7.7068,12.0,7200.0,SIMULATED
2026-09-11 10:08:20,68.33333333333333,4,refrigeration_failure_low_ambient,7.6875,12.0,55.0,OPEN,0.04127,-0.01542,8.0841,8.1002,68.21,CRITICAL,7.8,4.04,11.56,7.57,8.33,0.8958,0.4127,0.0,1.0,6218.8,OK,DEPLOYED,7.7128,12.0,7200.0,SIMULATED
2026-09-11 10:08:30,68.5,4,refrigeration_failure_low_ambient,7.6875,12.0625,54.0,OPEN,0.04098,-0.01527,8.087,8.0973,68.13,CRITICAL,7.74,4.01,11.47,7.63,8.17,0.8958,0.4098,0.0,1.0,6265.5,OK,DEPLOYED,7.7188,12.0,7200.0,SIMULATED
2026-09-11 10:08:40,68.66666666666667,4,refrigeration_failure_low_ambient,7.75,12.0625,55.0,OPEN,0.04073,-0.01478,8.1425,8.1573,68.89,CRITICAL,6.26,2.59,9.93,6.14,8.0,0.9167,0.4073,0.0,1.0,6287.1,OK,DEPLOYED,7.7247,12.0,7200.0,SIMULATED
2026-09-11 10:08:50,68.83333333333333,4,refrigeration_failure_low_ambient,7.875,11.875,56.0,OPEN,0.04064,-0.01415,8.2444,8.2814,70.53,CRITICAL,3.28,0.0,7.07,3.08,7.83,0.9583,0.4064,0.0,1.0,6191.6,OK,DEPLOYED,7.7306,12.0,7200.0,SIMULATED
2026-09-11 10:09:00,69.0,4,refrigeration_failure_low_ambient,7.75,12.0625,56.0,OPEN,0.04062,-0.01067,8.1456,8.1562,68.85,CRITICAL,6.21,2.45,9.96,6.16,7.67,0.9167,0.4062,0.0,1.0,6236.3,OK,DEPLOYED,7.7366,12.0,7200.0,SIMULATED
2026-09-11 10:09:10,69.16666666666667,4,refrigeration_failure_low_ambient,7.6875,12.0,55.0,OPEN,0.04024,-0.00814,8.0802,8.0899,67.9,CRITICAL,7.88,4.15,11.61,7.77,7.5,0.8958,0.4024,0.0,1.0,6284.9,OK,DEPLOYED,7.7425,12.0,7200.0,SIMULATED
2026-09-11 10:09:20,69.33333333333333,4,refrigeration_failure_low_ambient,7.75,11.9375,55.0,OPEN,0.03993,-0.00627,8.1312,8.1493,68.65,CRITICAL,6.45,2.79,10.11,6.26,7.33,0.9167,0.3993,0.0,1.0,6286.7,OK,DEPLOYED,7.7484,12.0,7200.0,SIMULATED
2026-09-11 10:09:30,69.5,4,refrigeration_failure_low_ambient,7.875,11.9375,55.0,OPEN,0.03982,-0.00486,8.2471,8.2732,70.28,CRITICAL,3.25,0.0,6.93,3.14,7.17,0.9583,0.3982,0.0,1.0,6245.3,OK,DEPLOYED,7.7543,12.0,7200.0,SIMULATED
2026-09-11 10:09:40,69.66666666666667,4,refrigeration_failure_low_ambient,7.75,12.0625,54.0,OPEN,0.03943,-0.00369,8.1403,8.1443,68.5,CRITICAL,6.29,2.72,9.87,6.34,7.0,0.9167,0.3943,0.0,1.0,6324.3,OK,DEPLOYED,7.7602,12.0,7200.0,SIMULATED
2026-09-11 10:09:50,69.83333333333333,4,refrigeration_failure_low_ambient,7.75,12.0,55.0,OPEN,0.03881,-0.00258,8.1311,8.1381,68.31,CRITICAL,6.45,2.9,10.01,6.44,6.83,0.9167,0.3881,0.0,1.0,6385.8,OK,DEPLOYED,7.7661,12.0,7200.0,SIMULATED
2026-09-11 10:10:00,70.0,4,refrigeration_failure_low_ambient,7.75,11.9375,55.0,OPEN,0.03835,-0.00152,8.1232,8.1335,68.17,CRITICAL,6.59,3.1,10.08,6.52,6.67,0.9167,0.3835,0.0,1.0,6427.1,OK,DEPLOYED,7.7719,12.0,7200.0,SIMULATED
2026-09-11 10:10:10,70.16666666666667,4,refrigeration_failure_low_ambient,7.8125,12.0,55.0,OPEN,0.03797,-0.00049,8.1831,8.1922,68.89,CRITICAL,4.94,1.46,8.43,4.94,6.5,0.9375,0.3797,0.0,1.0,6474.5,OK,DEPLOYED,7.7778,12.0,7200.0,SIMULATED
2026-09-11 10:10:20,70.33333333333333,4,refrigeration_failure_low_ambient,7.75,11.9375,55.0,OPEN,0.03761,-0.00244,8.1178,8.1261,67.95,CRITICAL,6.7,3.28,10.11,6.65,6.33,0.9167,0.3761,0.0,1.0,6525.9,OK,DEPLOYED,7.7837,12.0,7200.0,SIMULATED
2026-09-11 10:10:30,70.5,4,refrigeration_failure_low_ambient,7.75,11.9375,54.0,OPEN,0.03723,-0.00647,8.1149,8.1223,67.84,CRITICAL,6.75,3.39,10.11,6.71,6.17,0.9167,0.3723,0.0,1.0,6581.5,OK,DEPLOYED,7.7895,12.0,7200.0,SIMULATED
2026-09-11 10:10:40,70.66666666666667,4,refrigeration_failure_low_ambient,7.75,12.0,54.0,OPEN,0.03681,-0.01186,8.1157,8.1181,67.71,CRITICAL,6.74,3.45,10.03,6.79,6.0,0.9167,0.3681,0.0,1.0,6667.8,OK,DEPLOYED,7.7954,12.0,7200.0,SIMULATED
2026-09-11 10:10:50,70.83333333333333,4,refrigeration_failure_low_ambient,7.8125,12.0,55.0,OPEN,0.03651,-0.01525,8.1701,8.1776,68.45,CRITICAL,5.13,1.84,8.42,5.14,5.83,0.9375,0.3651,0.0,1.0,6721.1,OK,DEPLOYED,7.8012,12.0,7200.0,SIMULATED
2026-09-11 10:11:00,71.0,4,refrigeration_failure_low_ambient,7.75,12.0,55.0,OPEN,0.03627,-0.01724,8.109,8.1127,67.55,CRITICAL,6.87,3.74,10.0,6.89,5.67,0.9167,0.3627,0.0,1.0,6798.6,OK,DEPLOYED,7.807,12.0,7200.0,SIMULATED
2026-09-11 10:11:10,71.16666666666667,4,refrigeration_failure_low_ambient,7.8125,12.0,55.0,OPEN,0.03585,-0.01826,8.1636,8.171,68.25,CRITICAL,5.23,2.17,8.29,5.23,5.5,0.9375,0.3585,0.0,1.0,6851.2,OK,DEPLOYED,7.8128,12.0,7200.0,SIMULATED
2026-09-11 10:11:20,71.33333333333333,4,refrigeration_failure_low_ambient,7.8125,11.9375,55.0,OPEN,0.03544,-0.01859,8.1568,8.1669,68.13,CRITICAL,5.34,2.35,8.33,5.29,5.33,0.9375,0.3544,0.0,1.0,6884.1,OK,DEPLOYED,7.8187,12.0,7200.0,SIMULATED
2026-09-11 10:11:30,71.5,4,refrigeration_failure_low_ambient,7.8125,11.9375,55.0,OPEN,0.03502,-0.01844,8.1546,8.1627,68.01,CRITICAL,5.37,2.41,8.33,5.35,5.17,0.9375,0.3502,0.0,1.0,6930.0,OK,DEPLOYED,7.8245,12.0,7200.0,SIMULATED
2026-09-11 10:11:40,71.66666666666667,4,refrigeration_failure_low_ambient,7.8125,12.0,55.0,OPEN,0.03473,-0.015,8.1562,8.1598,67.92,CRITICAL,5.35,2.54,8.16,5.4,5.0,0.9375,0.3473,0.0,1.0,7006.1,OK,DEPLOYED,7.8303,12.0,7200.0,SIMULATED
2026-09-11 10:11:50,71.83333333333333,4,refrigeration_failure_low_ambient,7.8125,12.0,55.0,OPEN,0.03413,-0.01212,8.1521,8.1538,67.74,CRITICAL,5.42,2.64,8.19,5.49,4.83,0.9375,0.3413,0.0,1.0,7094.9,OK,DEPLOYED,7.836,12.0,7200.0,SIMULATED
2026-09-11 10:12:00,72.0,4,refrigeration_failure_low_ambient,7.875,11.9375,55.0,OPEN,0.03383,-0.00962,8.2032,8.2133,68.48,CRITICAL,3.71,0.94,6.48,3.7,4.67,0.9583,0.3383,0.0,1.0,7122.6,OK,DEPLOYED,7.8418,12.0,7200.0,SIMULATED
2026-09-11 10:12:10,72.16666666666667,4,refrigeration_failure_low_ambient,7.8125,11.9375,56.0,OPEN,0.03351,-0.0075,8.1428,8.1476,67.55,CRITICAL,5.57,2.86,8.29,5.59,4.5,0.9375,0.3351,0.0,1.0,7188.2,OK,DEPLOYED,7.8476,12.0,7200.0,SIMULATED
2026-09-11 10:12:20,72.33333333333333,4,refrigeration_failure_low_ambient,7.875,11.9375,54.0,OPEN,0.03334,-0.00858,8.199,8.2084,68.34,CRITICAL,3.76,1.13,6.39,3.75,4.33,0.9583,0.3334,0.0,1.0,7218.8,OK,DEPLOYED,7.8534,12.0,7200.0,SIMULATED
2026-09-11 10:12:30,72.5,4,refrigeration_failure_low_ambient,7.8125,12.0,56.0,OPEN,0.03287,-0.0061,8.1418,8.1412,67.36,CRITICAL,5.59,2.99,8.19,5.7,4.17,0.9375,0.3287,0.0,1.0,7325.1,OK,DEPLOYED,7.8591,12.0,7200.0,SIMULATED
2026-09-11 10:12:40,72.66666666666667,4,refrigeration_failure_low_ambient,7.9375,12.0,56.0,OPEN,0.03288,-0.00123,8.2561,8.2663,69.03,CRITICAL,1.9,0.0,4.57,1.9,4.0,0.9792,0.3288,0.0,1.0,7347.2,OK,DEPLOYED,7.8649,12.0,7200.0,SIMULATED
2026-09-11 10:12:50,72.83333333333333,4,refrigeration_failure_low_ambient,7.9375,11.9375,55.0,OPEN,0.03319,0.00238,8.2524,8.2694,69.17,CRITICAL,1.92,0.0,4.6,1.88,3.83,0.9792,0.3319,0.0048,1.0,7318.3,OK,DEPLOYED,7.8706,12.0,7200.0,SIMULATED
2026-09-11 10:13:00,73.0,4,refrigeration_failure_low_ambient,7.875,12.0,55.0,OPEN,0.03331,0.00214,8.1985,8.2081,68.37,CRITICAL,3.77,1.07,6.47,3.75,3.67,0.9583,0.3331,0.0043,1.0,7346.3,OK,DEPLOYED,7.8763,12.0,7200.0,SIMULATED
2026-09-11 10:13:10,73.16666666666667,4,refrigeration_failure_low_ambient,7.875,12.0625,55.0,OPEN,0.03363,0.00207,8.2021,8.2113,68.46,CRITICAL,3.73,1.04,6.42,3.72,3.5,0.9583,0.3363,0.0041,1.0,7377.3,OK,DEPLOYED,7.8821,12.0,7200.0,SIMULATED
2026-09-11 10:13:20,73.33333333333333,4,refrigeration_failure_low_ambient,7.875,11.9375,55.0,OPEN,0.03389,0.00507,8.1942,8.2139,68.6,CRITICAL,3.82,1.15,6.49,3.69,3.33,0.9583,0.3389,0.0101,1.0,7331.2,OK,DEPLOYED,7.8878,12.0,7200.0,SIMULATED
2026-09-11 10:13:30,73.5,4,refrigeration_failure_low_ambient,7.875,12.0625,55.0,OPEN,0.03407,0.00735,8.2036,8.2157,68.7,CRITICAL,3.71,1.05,6.36,3.67,3.17,0.9583,0.3407,0.0147,1.0,7342.1,OK,DEPLOYED,7.8935,12.0,7200.0,SIMULATED
2026-09-11 10:13:40,73.66666666666667,4,refrigeration_failure_low_ambient,7.9375,12.0,55.0,OPEN,0.03434,0.0121,8.2589,8.2809,69.71,CRITICAL,1.88,0.0,4.52,1.82,3.0,0.9792,0.3434,0.0242,1.0,7281.0,OK,DEPLOYED,7.8992,12.0,7200.0,SIMULATED
2026-09-11 10:13:50,73.83333333333333,4,refrigeration_failure_low_ambient,7.9375,12.0,55.0,OPEN,0.03446,0.0157,8.2611,8.2821,69.82,CRITICAL,1.87,0.0,4.47,1.81,2.83,0.9792,0.3446,0.0314,1.0,7229.0,OK,DEPLOYED,7.9049,12.0,7200.0,SIMULATED
2026-09-11 10:14:00,74.0,4,refrigeration_failure_low_ambient,7.9375,12.0,55.0,OPEN,0.03443,0.01851,8.2627,8.2818,69.87,CRITICAL,1.86,0.0,4.47,1.82,2.67,0.9792,0.3443,0.037,1.0,7191.5,OK,DEPLOYED,7.9106,12.0,7200.0,SIMULATED
2026-09-11 10:14:10,74.16666666666667,4,refrigeration_failure_low_ambient,7.9375,11.9375,55.0,OPEN,0.03444,0.02076,8.2601,8.2819,69.91,CRITICAL,1.87,0.0,4.48,1.81,2.5,0.9792,0.3444,0.0415,1.0,7135.6,OK,DEPLOYED,7.9162,12.0,7200.0,SIMULATED
2026-09-11 10:14:20,74.33333333333333,4,refrigeration_failure_low_ambient,7.875,12.0,55.0,OPEN,0.03427,0.02263,8.2067,8.2177,69.07,CRITICAL,3.67,1.11,6.23,3.65,2.33,0.9583,0.3427,0.0453,1.0,7157.4,OK,DEPLOYED,7.9219,12.0,7200.0,SIMULATED
2026-09-11 10:14:30,74.5,4,refrigeration_failure_low_ambient,7.9375,12.125,55.0,OPEN,0.03411,0.02421,8.2719,8.2786,69.88,CRITICAL,1.81,0.0,4.39,1.83,2.17,0.9792,0.3411,0.0484,1.0,7209.8,OK,DEPLOYED,7.9276,12.0,7200.0,SIMULATED
2026-09-11 10:14:40,74.66666666666667,4,refrigeration_failure_low_ambient,8.0,12.0,55.0,OPEN,0.03429,0.02561,8.3216,8.3429,70.8,CRITICAL,0.0,0.0,2.63,0.0,2.0,1.0,0.3429,0.0512,1.0,7157.4,OK,DEPLOYED,7.9332,12.0,7200.0,SIMULATED
2026-09-11 10:14:50,74.83333333333333,4,refrigeration_failure_low_ambient,7.875,12.0,55.0,OPEN,0.03413,0.02688,8.2056,8.2163,69.11,CRITICAL,3.68,1.08,6.29,3.66,1.83,0.9583,0.3413,0.0538,1.0,7181.2,OK,DEPLOYED,7.9389,12.0,7200.0,SIMULATED
2026-09-11 10:15:00,75.0,4,refrigeration_failure_low_ambient,7.9375,12.0,55.0,OPEN,0.03406,0.02805,8.2634,8.2781,69.95,CRITICAL,1.85,0.0,4.5,1.83,1.67,0.9792,0.3406,0.0561,1.0,7175.0,OK,DEPLOYED,7.9445,12.0,7200.0,SIMULATED
2026-09-11 10:15:10,75.16666666666667,4,refrigeration_failure_low_ambient,7.8125,12.0,55.0,OPEN,0.03386,0.02915,8.1457,8.1511,68.24,CRITICAL,5.52,2.97,8.08,5.54,1.5,0.9375,0.3386,0.0583,1.0,7236.2,OK,DEPLOYED,7.9501,12.0,7200.0,SIMULATED
2026-09-11 10:15:20,75.33333333333333,4,refrigeration_failure_low_ambient,8.0,12.0,55.0,OPEN,0.03372,0.03021,8.3195,8.3372,70.72,CRITICAL,0.0,0.0,2.61,0.0,1.33,1.0,0.3372,0.0604,1.0,7206.5,OK,DEPLOYED,7.9557,12.0,7200.0,SIMULATED
2026-09-11 10:15:30,75.5,4,refrigeration_failure_low_ambient,7.9375,12.0,55.0,OPEN,0.03359,0.03124,8.2615,8.2734,69.87,CRITICAL,1.87,0.0,4.47,1.86,1.17,0.9792,0.3359,0.0625,1.0,7219.1,OK,DEPLOYED,7.9614,12.0,7200.0,SIMULATED
2026-09-11 10:15:40,75.66666666666667,4,refrigeration_failure_low_ambient,7.9375,12.0,55.0,OPEN,0.03343,0.02929,8.2607,8.2718,69.78,CRITICAL,1.87,0.0,4.41,1.87,1.0,0.9792,0.3343,0.0586,1.0,7237.3,OK,DEPLOYED,7.967,12.0,7200.0,SIMULATED
2026-09-11 10:15:50,75.83333333333333,4,refrigeration_failure_low_ambient,8.0625,12.0,55.0,OPEN,0.03339,0.02517,8.3775,8.3964,70.52,CRITICAL,0.0,0.0,2.61,0.0,0.83,1.0,0.3339,0.0503,1.0,7196.6,OK,DEPLOYED,7.9726,12.0,7200.0,SIMULATED
2026-09-11 10:16:00,76.0,4,refrigeration_failure_low_ambient,8.0,12.0,55.0,OPEN,0.03359,0.02238,8.3205,8.3359,70.52,CRITICAL,0.0,0.0,2.63,0.0,0.67,1.0,0.3359,0.0448,1.0,7183.6,OK,DEPLOYED,7.9781,12.0,7200.0,SIMULATED
2026-09-11 10:16:10,76.16666666666667,4,refrigeration_failure_low_ambient,7.9375,12.0625,54.0,OPEN,0.03356,0.01766,8.2659,8.2731,69.59,CRITICAL,1.84,0.0,4.44,1.86,0.5,0.9792,0.3356,0.0353,1.0,7231.6,OK,DEPLOYED,7.9837,12.0,7200.0,SIMULATED
2026-09-11 10:16:20,76.33333333333333,4,refrigeration_failure_low_ambient,8.0,11.9375,55.0,OPEN,0.03351,0.0116,8.3154,8.3351,70.28,CRITICAL,0.0,0.0,2.67,0.0,0.33,1.0,0.3351,0.0232,1.0,7186.4,OK,DEPLOYED,7.9893,12.0,7200.0,SIMULATED
2026-09-11 10:16:30,76.5,4,refrigeration_failure_low_ambient,7.9375,11.9375,55.0,OPEN,0.0336,0.00746,8.2584,8.2735,69.4,CRITICAL,1.88,0.0,4.51,1.86,0.17,0.9792,0.336,0.0149,1.0,7175.2,OK,DEPLOYED,7.9949,12.0,7200.0,SIMULATED
2026-09-11 10:16:40,76.66666666666667,4,refrigeration_failure_low_ambient,8.0,12.0,55.0,OPEN,0.0336,0.00465,8.3212,8.336,70.17,CRITICAL,0.0,0.0,2.66,0.0,0.0,1.0,0.336,0.0093,1.0,7167.4,OK,DEPLOYED,8.0004,12.0,7200.0,SIMULATED
2026-09-11 10:16:50,76.83333333333333,4,refrigeration_failure_low_ambient,8.0625,11.9375,55.0,OPEN,0.03384,0.00278,8.3768,8.4009,70.21,CRITICAL,0.0,0.0,2.64,0.0,0.0,1.0,0.3384,0.0056,1.0,7093.2,OK,DEPLOYED,8.006,12.0,7200.0,SIMULATED
2026-09-11 10:17:00,77.0,4,refrigeration_failure_low_ambient,8.0625,12.0,55.0,OPEN,0.03404,0.00156,8.3835,8.4029,70.24,CRITICAL,0.0,0.0,2.66,0.0,0.0,1.0,0.3404,0.0031,1.0,7055.1,OK,DEPLOYED,8.0115,12.0,7200.0,SIMULATED
2026-09-11 10:17:10,77.16666666666667,4,refrigeration_failure_low_ambient,8.0,12.0625,55.0,OPEN,0.03417,0.00081,8.3303,8.3417,70.27,CRITICAL,0.0,0.0,2.63,0.0,0.0,1.0,0.3417,0.0016,1.0,7074.5,OK,DEPLOYED,8.0171,12.0,7200.0,SIMULATED
2026-09-11 10:17:20,77.33333333333333,4,refrigeration_failure_low_ambient,8.0,12.0625,54.0,OPEN,0.03405,-0.00248,8.3294,8.3405,70.21,CRITICAL,0.0,0.0,2.64,0.0,0.0,1.0,0.3405,0.0,1.0,7095.7,OK,DEPLOYED,8.0226,12.0,7200.0,SIMULATED
2026-09-11 10:17:30,77.5,4,refrigeration_failure_low_ambient,8.0,12.0625,55.0,OPEN,0.03389,-0.00459,8.3283,8.3389,70.17,CRITICAL,0.0,0.0,2.67,0.0,0.0,1.0,0.3389,0.0,1.0,7120.1,OK,DEPLOYED,8.0281,12.0,7200.0,SIMULATED
2026-09-11 10:17:40,77.66666666666667,4,refrigeration_failure_low_ambient,8.0625,12.0625,55.0,OPEN,0.03404,-0.00588,8.3865,8.4029,70.21,CRITICAL,0.0,0.0,2.61,0.0,0.0,1.0,0.3404,0.0,1.0,7102.8,OK,DEPLOYED,8.0336,12.0,7200.0,SIMULATED
2026-09-11 10:17:50,77.83333333333333,4,refrigeration_failure_low_ambient,8.0,11.9375,54.0,OPEN,0.03383,-0.00945,8.3202,8.3383,70.15,CRITICAL,0.0,0.0,2.6,0.0,0.0,1.0,0.3383,0.0,1.0,7073.2,OK,DEPLOYED,8.0391,12.0,7200.0,SIMULATED
2026-09-11 10:18:00,78.0,4,refrigeration_failure_low_ambient,8.0625,12.0625,55.0,OPEN,0.03369,-0.01166,8.3873,8.3994,70.11,CRITICAL,0.0,0.0,2.58,0.0,0.0,1.0,0.3369,0.0,1.0,7085.8,OK,DEPLOYED,8.0446,12.0,7200.0,SIMULATED
2026-09-11 10:18:10,78.16666666666667,4,refrigeration_failure_low_ambient,8.0625,12.0,56.0,OPEN,0.03357,-0.01006,8.3827,8.3982,70.07,CRITICAL,0.0,0.0,2.6,0.0,0.0,1.0,0.3357,0.0,1.0,7073.6,OK,DEPLOYED,8.0501,12.0,7200.0,SIMULATED
2026-09-11 10:18:20,78.33333333333333,4,refrigeration_failure_low_ambient,8.0,12.0,56.0,OPEN,0.03344,-0.0059,8.3242,8.3344,70.03,CRITICAL,0.0,0.0,2.56,0.0,0.0,1.0,0.3344,0.0,1.0,7099.7,OK,DEPLOYED,8.0556,12.0,7200.0,SIMULATED
2026-09-11 10:18:30,78.5,4,refrigeration_failure_low_ambient,8.0625,11.9375,54.0,OPEN,0.03326,-0.00575,8.3777,8.3951,69.98,CRITICAL,0.0,0.0,2.53,0.0,0.0,1.0,0.3326,0.0,1.0,7072.5,OK,DEPLOYED,8.0611,12.0,7200.0,SIMULATED
2026-09-11 10:18:40,78.66666666666667,4,refrigeration_failure_low_ambient,8.0625,12.0,55.0,OPEN,0.03301,-0.0084,8.3819,8.3926,69.9,CRITICAL,0.0,0.0,2.52,0.0,0.0,1.0,0.3301,0.0,1.0,7093.4,OK,DEPLOYED,8.0665,12.0,7200.0,SIMULATED
2026-09-11 10:18:50,78.83333333333333,4,refrigeration_failure_low_ambient,8.125,12.0,55.0,OPEN,0.03305,-0.01017,8.4399,8.4555,69.92,CRITICAL,0.0,0.0,2.55,0.0,0.0,1.0,0.3305,0.0,1.0,7078.8,OK,DEPLOYED,8.072,12.0,7200.0,SIMULATED
2026-09-11 10:19:00,79.0,4,refrigeration_failure_low_ambient,8.125,12.0,55.0,OPEN,0.03362,-0.00835,8.4417,8.4612,70.09,CRITICAL,0.0,0.0,2.54,0.0,0.0,1.0,0.3362,0.0,1.0,7038.1,OK,DEPLOYED,8.0774,12.0,7200.0,SIMULATED
2026-09-11 10:19:10,79.16666666666667,4,refrigeration_failure_low_ambient,8.0625,12.0,55.0,OPEN,0.03399,-0.00394,8.3852,8.4024,70.2,CRITICAL,0.0,0.0,2.48,0.0,0.0,1.0,0.3399,0.0,1.0,7016.4,OK,DEPLOYED,8.0829,12.0,7200.0,SIMULATED
2026-09-11 10:19:20,79.33333333333333,4,refrigeration_failure_low_ambient,8.125,12.0,55.0,OPEN,0.03418,-0.00057,8.4449,8.4668,70.25,CRITICAL,0.0,0.0,2.45,0.0,0.0,1.0,0.3418,0.0,1.0,6963.0,OK,DEPLOYED,8.0883,12.0,7200.0,SIMULATED
2026-09-11 10:19:30,79.5,4,refrigeration_failure_low_ambient,8.125,11.875,54.0,OPEN,0.03439,-0.00078,8.4391,8.4689,70.32,CRITICAL,0.0,0.0,2.48,0.0,0.0,1.0,0.3439,0.0,1.0,6858.0,OK,DEPLOYED,8.0938,12.0,7200.0,SIMULATED
2026-09-11 10:19:40,79.66666666666667,4,refrigeration_failure_low_ambient,8.1875,12.0,55.0,OPEN,0.03513,-0.00055,8.5108,8.5388,70.54,CRITICAL,0.0,0.0,2.45,0.0,0.0,1.0,0.3513,0.0,1.0,6771.6,OK,DEPLOYED,8.0992,12.0,7200.0,SIMULATED
2026-09-11 10:19:50,79.83333333333333,4,refrigeration_failure_low_ambient,8.0625,12.0625,55.0,OPEN,0.03548,-0.00295,8.4017,8.4173,70.64,CRITICAL,0.0,0.0,2.41,0.0,0.0,1.0,0.3548,0.0,1.0,6770.0,OK,DEPLOYED,8.1046,12.0,7200.0,SIMULATED
2026-09-11 10:20:00,80.0,4,refrigeration_failure_low_ambient,8.0625,12.0625,55.0,OPEN,0.03552,-0.00435,8.4019,8.4177,70.66,CRITICAL,0.0,0.0,2.36,0.0,0.0,1.0,0.3552,0.0,1.0,6766.5,OK,DEPLOYED,8.11,12.0,7200.0,SIMULATED
2026-09-11 10:20:10,80.16666666666667,4,refrigeration_failure_low_ambient,8.0625,12.125,55.0,OPEN,0.03533,-0.00504,8.4056,8.4158,70.6,CRITICAL,0.0,0.0,2.35,0.0,0.0,1.0,0.3533,0.0,1.0,6799.7,OK,DEPLOYED,8.1154,12.0,7200.0,SIMULATED
2026-09-11 10:20:20,80.33333333333333,4,refrigeration_failure_low_ambient,8.0625,12.0625,55.0,OPEN,0.03513,-0.00524,8.3999,8.4138,70.54,CRITICAL,0.0,0.0,2.29,0.0,0.0,1.0,0.3513,0.0,1.0,6807.9,OK,DEPLOYED,8.1208,12.0,7200.0,SIMULATED
2026-09-11 10:20:30,80.5,4,refrigeration_failure_low_ambient,8.125,12.0,55.0,OPEN,0.03488,-0.0051,8.4535,8.4738,70.46,CRITICAL,0.0,0.0,2.22,0.0,0.0,1.0,0.3488,0.0,1.0,6772.4,OK,DEPLOYED,8.1262,12.0,7200.0,SIMULATED
2026-09-11 10:20:40,80.66666666666667,4,refrigeration_failure_low_ambient,8.1875,12.0,55.0,OPEN,0.03475,-0.00766,8.5129,8.535,70.42,CRITICAL,0.0,0.0,2.14,0.0,0.0,1.0,0.3475,0.0,1.0,6725.0,OK,DEPLOYED,8.1315,12.0,7200.0,SIMULATED
2026-09-11 10:20:50,80.83333333333333,4,refrigeration_failure_low_ambient,8.1875,12.0,55.0,OPEN,0.03466,-0.01222,8.5144,8.5341,70.4,CRITICAL,0.0,0.0,2.1,0.0,0.0,1.0,0.3466,0.0,1.0,6693.8,OK,DEPLOYED,8.1369,12.0,7200.0,SIMULATED
2026-09-11 10:21:00,81.0,4,refrigeration_failure_low_ambient,8.0625,11.9375,55.0,OPEN,0.03438,-0.01531,8.3939,8.4063,70.31,CRITICAL,0.0,0.0,2.0,0.0,0.0,1.0,0.3438,0.0,1.0,6711.0,OK,DEPLOYED,8.1423,12.0,7200.0,SIMULATED
2026-09-11 10:21:10,81.16666666666667,4,refrigeration_failure_low_ambient,8.125,12.0,55.0,OPEN,0.03394,-0.01738,8.4548,8.4644,70.18,CRITICAL,0.0,0.0,1.95,0.0,0.0,1.0,0.3394,0.0,1.0,6745.7,OK,DEPLOYED,8.1476,12.0,7200.0,SIMULATED
2026-09-11 10:21:20,81.33333333333333,4,refrigeration_failure_low_ambient,8.1875,12.0,55.0,OPEN,0.03372,-0.01873,8.5115,8.5247,70.12,CRITICAL,0.0,0.0,1.9,0.0,0.0,1.0,0.3372,0.0,1.0,6755.3,OK,DEPLOYED,8.153,12.0,7200.0,SIMULATED
2026-09-11 10:21:30,81.5,4,refrigeration_failure_low_ambient,8.1875,12.0625,55.0,OPEN,0.03361,-0.01959,8.515,8.5236,70.08,CRITICAL,0.0,0.0,1.83,0.0,0.0,1.0,0.3361,0.0,1.0,6795.9,OK,DEPLOYED,8.1583,12.0,7200.0,SIMULATED
2026-09-11 10:21:40,81.66666666666667,4,refrigeration_failure_low_ambient,8.1875,12.0625,55.0,OPEN,0.03355,-0.02009,8.5134,8.523,70.06,CRITICAL,0.0,0.0,1.76,0.0,0.0,1.0,0.3355,0.0,1.0,6829.7,OK,DEPLOYED,8.1637,12.0,7200.0,SIMULATED
2026-09-11 10:21:50,81.83333333333333,4,refrigeration_failure_low_ambient,8.1875,12.0625,56.0,OPEN,0.03348,-0.01749,8.5121,8.5223,70.04,CRITICAL,0.0,0.0,1.68,0.0,0.0,1.0,0.3348,0.0,1.0,6858.5,OK,DEPLOYED,8.169,12.0,7200.0,SIMULATED
2026-09-11 10:22:00,82.0,4,refrigeration_failure_low_ambient,8.1875,12.0625,55.0,OPEN,0.03337,-0.01567,8.5109,8.5212,70.01,CRITICAL,0.0,0.0,1.65,0.0,0.0,1.0,0.3337,0.0,1.0,6885.8,OK,DEPLOYED,8.1743,12.0,7200.0,SIMULATED
2026-09-11 10:22:10,82.16666666666667,4,refrigeration_failure_low_ambient,8.1875,12.0625,55.0,OPEN,0.03338,-0.01439,8.51,8.5213,70.01,CRITICAL,0.0,0.0,1.55,0.0,0.0,1.0,0.3338,0.0,1.0,6905.5,OK,DEPLOYED,8.1796,12.0,7200.0,SIMULATED
2026-09-11 10:22:20,82.33333333333333,4,refrigeration_failure_low_ambient,8.1875,12.0,56.0,OPEN,0.03327,-0.0077,8.5051,8.5202,69.98,CRITICAL,0.0,0.0,1.51,0.0,0.0,1.0,0.3327,0.0,1.0,6898.2,OK,DEPLOYED,8.1849,12.0,7200.0,SIMULATED
2026-09-11 10:22:30,82.5,4,refrigeration_failure_low_ambient,8.1875,12.0,54.0,OPEN,0.03321,-0.00881,8.5052,8.5196,69.96,CRITICAL,0.0,0.0,1.39,0.0,0.0,1.0,0.3321,0.0,1.0,6895.6,OK,DEPLOYED,8.1902,12.0,7200.0,SIMULATED
2026-09-11 10:22:40,82.66666666666667,4,refrigeration_failure_low_ambient,8.1875,11.875,55.0,OPEN,0.03298,-0.00665,8.4968,8.5173,69.89,CRITICAL,0.0,0.0,1.39,0.0,0.0,1.0,0.3298,0.0,1.0,6848.8,OK,DEPLOYED,8.1955,12.0,7200.0,SIMULATED
2026-09-11 10:22:50,82.83333333333333,4,refrigeration_failure_low_ambient,8.1875,12.0,55.0,OPEN,0.03296,-0.00208,8.5063,8.5171,69.89,CRITICAL,0.0,0.0,1.38,0.0,0.0,1.0,0.3296,0.0,1.0,6871.6,OK,DEPLOYED,8.2008,12.0,7200.0,SIMULATED
2026-09-11 10:23:00,83.0,4,refrigeration_failure_low_ambient,8.125,12.125,55.0,OPEN,0.03289,0.0013,8.4546,8.4539,69.89,CRITICAL,0.0,0.0,1.33,0.0,0.0,1.0,0.3289,0.0026,1.0,6978.0,OK,DEPLOYED,8.206,12.0,7200.0,SIMULATED
2026-09-11 10:23:10,83.16666666666667,4,refrigeration_failure_low_ambient,8.1875,12.125,55.0,OPEN,0.03276,0.00386,8.5093,8.5151,69.9,CRITICAL,0.0,0.0,1.27,0.0,0.0,1.0,0.3276,0.0077,1.0,7036.6,OK,DEPLOYED,8.2113,12.0,7200.0,SIMULATED
2026-09-11 10:23:20,83.33333333333333,4,refrigeration_failure_low_ambient,8.1875,12.0625,54.0,OPEN,0.03255,0.00299,8.5031,8.513,69.82,CRITICAL,0.0,0.0,1.2,0.0,0.0,1.0,0.3255,0.006,1.0,7063.2,OK,DEPLOYED,8.2166,12.0,7200.0,SIMULATED
2026-09-11 10:23:30,83.5,4,refrigeration_failure_low_ambient,8.1875,12.0,55.0,OPEN,0.03226,0.00266,8.4977,8.5101,69.73,CRITICAL,0.0,0.0,1.13,0.0,0.0,1.0,0.3226,0.0053,1.0,7070.1,OK,DEPLOYED,8.2218,12.0,7200.0,SIMULATED
2026-09-11 10:23:40,83.66666666666667,4,refrigeration_failure_low_ambient,8.25,12.0625,55.0,OPEN,0.03207,0.00272,8.5595,8.5707,69.67,CRITICAL,0.0,0.0,1.12,0.0,0.0,1.0,0.3207,0.0054,1.0,7086.0,OK,DEPLOYED,8.2271,12.0,7200.0,SIMULATED
2026-09-11 10:23:50,83.83333333333333,4,refrigeration_failure_low_ambient,8.25,12.0,54.0,OPEN,0.03208,0.00019,8.5552,8.5708,69.63,CRITICAL,0.0,0.0,1.11,0.0,0.0,1.0,0.3208,0.0004,1.0,7067.7,OK,DEPLOYED,8.2323,12.0,7200.0,SIMULATED
2026-09-11 10:24:00,84.0,4,refrigeration_failure_low_ambient,8.25,12.0625,54.0,OPEN,0.03222,-0.00405,8.56,8.5722,69.67,CRITICAL,0.0,0.0,1.09,0.0,0.0,1.0,0.3222,0.0,1.0,7075.6,OK,DEPLOYED,8.2375,12.0,7200.0,SIMULATED
2026-09-11 10:24:10,84.16666666666667,4,refrigeration_failure_low_ambient,8.1875,11.9375,55.0,OPEN,0.03223,-0.00655,8.4934,8.5098,69.67,CRITICAL,0.0,0.0,1.08,0.0,0.0,1.0,0.3223,0.0,1.0,7051.7,OK,DEPLOYED,8.2427,12.0,7200.0,SIMULATED
2026-09-11 10:24:20,84.33333333333333,4,refrigeration_failure_low_ambient,8.25,12.0,55.0,OPEN,0.03231,-0.00782,8.5568,8.5731,69.69,CRITICAL,0.0,0.0,1.0,0.0,0.0,1.0,0.3231,0.0,1.0,7029.5,OK,DEPLOYED,8.248,12.0,7200.0,SIMULATED
2026-09-11 10:24:30,84.5,4,refrigeration_failure_low_ambient,8.25,12.0625,55.0,OPEN,0.03223,-0.00824,8.5612,8.5723,69.67,CRITICAL,0.0,0.0,1.0,0.0,0.0,1.0,0.3223,0.0,1.0,7046.6,OK,DEPLOYED,8.2532,12.0,7200.0,SIMULATED
2026-09-11 10:24:40,84.66666666666667,4,refrigeration_failure_low_ambient,8.25,12.0,55.0,OPEN,0.03217,-0.00805,8.5566,8.5717,69.65,CRITICAL,0.0,0.0,1.0,0.0,0.0,1.0,0.3217,0.0,1.0,7033.2,OK,DEPLOYED,8.2584,12.0,7200.0,SIMULATED
2026-09-11 10:24:50,84.83333333333333,4,refrigeration_failure_low_ambient,8.375,12.0,55.0,OPEN,0.03265,-0.00744,8.6752,8.7015,69.8,CRITICAL,0.0,0.0,1.0,0.0,0.0,1.0,0.3265,0.0,1.0,6940.1,OK,DEPLOYED,8.2636,12.0,7200.0,SIMULATED
2026-09-11 10:25:00,85.0,4,refrigeration_failure_low_ambient,8.25,12.0,55.0,OPEN,0.03274,-0.00654,8.5613,8.5774,69.82,CRITICAL,0.0,0.0,1.0,0.0,0.0,1.0,0.3274,0.0,1.0,6922.9,OK,DEPLOYED,8.2687,12.0,7200.0,SIMULATED
2026-09-11 10:25:10,85.16666666666667,4,refrigeration_failure_low_ambient,8.1875,12.0625,56.0,OPEN,0.03254,-0.00258,8.5067,8.5129,69.76,CRITICAL,0.0,0.0,1.0,0.0,0.0,1.0,0.3254,0.0,1.0,6978.7,OK,DEPLOYED,8.2739,12.0,7200.0,SIMULATED
2026-09-11 10:25:20,85.33333333333333,4,refrigeration_failure_low_ambient,8.3125,12.0625,55.0,OPEN,0.03208,0.00057,8.6211,8.6333,69.64,CRITICAL,0.0,0.0,1.0,0.0,0.0,1.0,0.3208,0.0011,1.0,6987.5,OK,DEPLOYED,8.2791,12.0,7200.0,SIMULATED
2026-09-11 10:25:30,85.5,4,refrigeration_failure_low_ambient,8.3125,12.0625,55.0,OPEN,0.03196,0.00316,8.6205,8.6321,69.65,CRITICAL,0.0,0.0,1.0,0.0,0.0,1.0,0.3196,0.0063,1.0,7000.8,OK,DEPLOYED,8.2843,12.0,7200.0,SIMULATED
2026-09-11 10:25:40,85.66666666666667,4,refrigeration_failure_low_ambient,8.25,12.0,55.0,OPEN,0.03167,0.00535,8.5569,8.5667,69.61,CRITICAL,0.0,0.0,1.0,0.0,0.0,1.0,0.3167,0.0107,1.0,7026.5,OK,DEPLOYED,8.2894,12.0,7200.0,SIMULATED
2026-09-11 10:25:50,85.83333333333333,4,refrigeration_failure_low_ambient,8.3125,12.0625,55.0,OPEN,0.03143,0.00727,8.618,8.6268,69.57,CRITICAL,0.0,0.0,1.0,0.0,0.0,1.0,0.3143,0.0145,1.0,7059.6,OK,DEPLOYED,8.2946,12.0,7200.0,SIMULATED
2026-09-11 10:26:00,86.0,4,refrigeration_failure_low_ambient,8.3125,12.0625,55.0,OPEN,0.03154,0.00899,8.6173,8.6279,69.64,CRITICAL,0.0,0.0,1.0,0.0,0.0,1.0,0.3154,0.018,1.0,7078.0,OK,DEPLOYED,8.2997,12.0,7200.0,SIMULATED
2026-09-11 10:26:10,86.16666666666667,4,refrigeration_failure_low_ambient,8.375,11.9375,56.0,OPEN,0.03188,0.01343,8.6682,8.6938,69.83,CRITICAL,0.0,0.0,1.0,0.0,0.0,1.0,0.3188,0.0269,1.0,6984.8,OK,DEPLOYED,8.3048,12.0,7200.0,SIMULATED
2026-09-11 10:26:20,86.33333333333333,4,refrigeration_failure_low_ambient,8.1875,12.0,56.0,OPEN,0.03161,0.01673,8.4986,8.5036,69.82,CRITICAL,0.0,0.0,1.0,0.0,0.0,1.0,0.3161,0.0335,1.0,7047.6,OK,DEPLOYED,8.31,12.0,7200.0,SIMULATED
2026-09-11 10:26:30,86.5,4,refrigeration_failure_low_ambient,8.25,12.0625,55.0,OPEN,0.03127,0.01914,8.5583,8.5627,69.76,CRITICAL,0.0,0.0,1.0,0.0,0.0,1.0,0.3127,0.0383,1.0,7114.7,OK,DEPLOYED,8.3151,12.0,7200.0,SIMULATED
2026-09-11 10:26:40,86.66666666666667,4,refrigeration_failure_low_ambient,8.25,12.0,55.0,OPEN,0.03066,0.02092,8.551,8.5566,69.62,CRITICAL,0.0,0.0,1.0,0.0,0.0,1.0,0.3066,0.0418,1.0,7170.8,OK,DEPLOYED,8.3202,12.0,7200.0,SIMULATED
2026-09-11 10:26:50,86.83333333333333,4,refrigeration_failure_low_ambient,8.25,12.0,56.0,OPEN,0.03001,0.02511,8.5478,8.5501,69.51,CRITICAL,0.0,0.0,1.0,0.0,0.0,1.0,0.3001,0.0502,1.0,7252.2,OK,DEPLOYED,8.3253,12.0,7200.0,SIMULATED
2026-09-11 10:27:00,87.0,4,refrigeration_failure_low_ambient,8.375,12.0625,54.0,OPEN,0.02987,0.02519,8.6663,8.6737,69.46,CRITICAL,0.0,0.0,1.0,0.0,0.0,1.0,0.2987,0.0504,1.0,7291.0,OK,DEPLOYED,8.3304,12.0,7200.0,SIMULATED
2026-09-11 10:27:10,87.16666666666667,4,refrigeration_failure_low_ambient,8.3125,12.0,55.0,OPEN,0.02986,0.02535,8.6027,8.6111,69.47,CRITICAL,0.0,0.0,1.0,0.0,0.0,1.0,0.2986,0.0507,1.0,7320.6,OK,DEPLOYED,8.3355,12.0,7200.0,SIMULATED
2026-09-11 10:27:20,87.33333333333333,4,refrigeration_failure_low_ambient,8.3125,11.9375,55.0,OPEN,0.02974,0.02555,8.5978,8.6099,69.43,CRITICAL,0.0,0.0,1.0,0.0,0.0,1.0,0.2974,0.0511,1.0,7318.6,OK,DEPLOYED,8.3406,12.0,7200.0,SIMULATED
2026-09-11 10:27:30,87.5,4,refrigeration_failure_low_ambient,8.375,12.0625,55.0,OPEN,0.0297,0.02283,8.664,8.672,69.37,CRITICAL,0.0,0.0,1.0,0.0,0.0,1.0,0.297,0.0457,1.0,7351.5,OK,DEPLOYED,8.3457,12.0,7200.0,SIMULATED
2026-09-11 10:27:40,87.66666666666667,4,refrigeration_failure_low_ambient,8.375,12.0,55.0,OPEN,0.02966,0.02093,8.6593,8.6716,69.32,CRITICAL,0.0,0.0,1.0,0.0,0.0,1.0,0.2966,0.0419,1.0,7346.6,OK,DEPLOYED,8.3508,12.0,7200.0,SIMULATED
2026-09-11 10:27:50,87.83333333333333,4,refrigeration_failure_low_ambient,8.3125,12.0,56.0,OPEN,0.02961,0.02246,8.6005,8.6086,69.33,CRITICAL,0.0,0.0,1.0,0.0,0.0,1.0,0.2961,0.0449,1.0,7377.9,OK,DEPLOYED,8.3558,12.0,7200.0,SIMULATED
2026-09-11 10:28:00,88.0,4,refrigeration_failure_low_ambient,8.375,11.875,55.0,OPEN,0.02951,0.02048,8.6507,8.6701,69.26,CRITICAL,0.0,0.0,1.0,0.0,0.0,1.0,0.2951,0.041,1.0,7312.2,OK,DEPLOYED,8.3609,12.0,7200.0,SIMULATED
2026-09-11 10:28:10,88.16666666666667,4,refrigeration_failure_low_ambient,8.4375,12.0,55.0,OPEN,0.02972,0.01891,8.7192,8.7347,69.29,CRITICAL,0.0,0.0,1.0,0.0,0.0,1.0,0.2972,0.0378,1.0,7282.5,OK,DEPLOYED,8.3659,12.0,7200.0,SIMULATED
2026-09-11 10:28:20,88.33333333333333,4,refrigeration_failure_low_ambient,8.375,11.9375,56.0,OPEN,0.02991,0.02342,8.658,8.6741,69.44,CRITICAL,0.0,0.0,1.0,0.0,0.0,1.0,0.2991,0.0468,1.0,7248.5,OK,DEPLOYED,8.371,12.0,7200.0,SIMULATED
2026-09-11 10:28:30,88.5,4,refrigeration_failure_low_ambient,8.375,12.0,55.0,OPEN,0.02988,0.02934,8.6627,8.6738,69.55,CRITICAL,0.0,0.0,1.0,0.0,0.0,1.0,0.2988,0.0587,1.0,7255.9,OK,DEPLOYED,8.376,12.0,7200.0,SIMULATED
2026-09-11 10:28:40,88.66666666666667,4,refrigeration_failure_low_ambient,8.375,12.0625,55.0,OPEN,0.02985,0.03044,8.6662,8.6735,69.57,CRITICAL,0.0,0.0,1.0,0.0,0.0,1.0,0.2985,0.0609,1.0,7294.7,OK,DEPLOYED,8.381,12.0,7200.0,SIMULATED
2026-09-11 10:28:50,88.83333333333333,4,refrigeration_failure_low_ambient,8.375,12.0,55.0,OPEN,0.02979,0.03101,8.6612,8.6729,69.56,CRITICAL,0.0,0.0,1.0,0.0,0.0,1.0,0.2979,0.062,1.0,7296.2,OK,DEPLOYED,8.3861,12.0,7200.0,SIMULATED
2026-09-11 10:29:00,89.0,4,refrigeration_failure_low_ambient,8.3125,11.9375,54.0,OPEN,0.02968,0.02837,8.5984,8.6093,69.47,CRITICAL,0.0,0.0,1.0,0.0,0.0,1.0,0.2968,0.0567,1.0,7304.0,OK,DEPLOYED,8.3911,12.0,7200.0,SIMULATED
2026-09-11 10:29:10,89.16666666666667,4,refrigeration_failure_low_ambient,8.3125,12.0625,55.0,OPEN,0.02952,0.02643,8.6052,8.6077,69.39,CRITICAL,0.0,0.0,1.0,0.0,0.0,1.0,0.2952,0.0529,1.0,7383.2,OK,DEPLOYED,8.3961,12.0,7200.0,SIMULATED
2026-09-11 10:29:20,89.33333333333333,4,refrigeration_failure_low_ambient,8.375,11.9375,55.0,OPEN,0.0293,0.02497,8.6539,8.668,69.29,CRITICAL,0.0,0.0,1.0,0.0,0.0,1.0,0.293,0.0499,1.0,7360.9,OK,DEPLOYED,8.4011,12.0,7200.0,SIMULATED
2026-09-11 10:29:30,89.5,4,refrigeration_failure_low_ambient,8.3125,12.0,55.0,OPEN,0.02902,0.02386,8.5987,8.6027,69.18,CRITICAL,0.0,0.0,1.0,0.0,0.0,1.0,0.2902,0.0477,1.0,7426.7,OK,DEPLOYED,8.4061,12.0,7200.0,SIMULATED
2026-09-11 10:29:40,89.66666666666667,4,refrigeration_failure_low_ambient,8.4375,11.9375,55.0,OPEN,0.02903,0.02003,8.7108,8.7278,69.11,CRITICAL,0.0,0.0,1.0,0.0,0.0,1.0,0.2903,0.0401,1.0,7378.5,OK,DEPLOYED,8.4111,12.0,7200.0,SIMULATED
2026-09-11 10:29:50,89.83333333333333,4,refrigeration_failure_low_ambient,8.375,11.9375,55.0,OPEN,0.02922,0.01716,8.6538,8.6672,69.11,CRITICAL,0.0,0.0,1.0,0.0,0.0,1.0,0.2922,0.0343,1.0,7362.6,OK,DEPLOYED,8.416,12.0,7200.0,SIMULATED
2026-09-11 10:30:00,90.0,4,refrigeration_failure_low_ambient,8.375,12.0,55.0,OPEN,0.02915,0.01497,8.6578,8.6665,69.05,CRITICAL,0.0,0.0,1.0,0.0,0.0,1.0,0.2915,0.0299,1.0,7387.1,OK,DEPLOYED,8.421,12.0,7200.0,SIMULATED
2026-09-11 10:30:10,90.16666666666667,4,refrigeration_failure_low_ambient,8.4375,12.0,55.0,OPEN,0.02905,0.01324,8.7157,8.728,68.98,CRITICAL,0.0,0.0,1.0,0.0,0.0,1.0,0.2905,0.0265,1.0,7379.8,OK,DEPLOYED,8.426,12.0,7200.0,SIMULATED
2026-09-11 10:30:20,90.33333333333333,4,refrigeration_failure_low_ambient,8.4375,12.0,55.0,OPEN,0.02889,0.01184,8.7155,8.7264,68.9,CRITICAL,0.0,0.0,1.0,0.0,0.0,1.0,0.2889,0.0237,1.0,7384.5,OK,DEPLOYED,8.431,12.0,7200.0,SIMULATED
2026-09-11 10:30:30,90.5,4,refrigeration_failure_low_ambient,8.5,12.0625,55.0,OPEN,0.02883,0.01066,8.7777,8.7883,68.86,CRITICAL,0.0,0.0,1.0,0.0,0.0,1.0,0.2883,0.0213,1.0,7391.8,OK,DEPLOYED,8.4359,12.0,7200.0,SIMULATED
2026-09-11 10:30:40,90.66666666666667,4,refrigeration_failure_low_ambient,8.375,12.0625,55.0,OPEN,0.02863,0.00965,8.6594,8.6613,68.78,CRITICAL,0.0,0.0,1.0,0.0,0.0,1.0,0.2863,0.0193,1.0,7475.8,OK,DEPLOYED,8.4409,12.0,7200.0,SIMULATED
2026-09-11 10:30:50,90.83333333333333,4,refrigeration_failure_low_ambient,8.4375,12.0,54.0,OPEN,0.02867,0.0059,8.7124,8.7242,68.72,CRITICAL,0.0,0.0,1.0,0.0,0.0,1.0,0.2867,0.0118,1.0,7470.9,OK,DEPLOYED,8.4458,12.0,7200.0,SIMULATED
2026-09-11 10:31:00,91.0,4,refrigeration_failure_low_ambient,8.5,12.0625,54.0,OPEN,0.02903,0.00032,8.7759,8.7903,68.71,CRITICAL,0.0,0.0,1.0,0.0,0.0,1.0,0.2903,0.0006,1.0,7444.1,OK,DEPLOYED,8.4507,12.0,7200.0,SIMULATED
2026-09-11 10:31:10,91.16666666666667,4,refrigeration_failure_low_ambient,8.4375,12.125,55.0,OPEN,0.02903,-0.00358,8.7214,8.7278,68.71,CRITICAL,0.0,0.0,1.0,0.0,0.0,1.0,0.2903,0.0,1.0,7488.1,OK,DEPLOYED,8.4557,12.0,7200.0,SIMULATED
2026-09-11 10:31:20,91.33333333333333,4,refrigeration_failure_low_ambient,8.4375,11.9375,55.0,OPEN,0.02894,-0.00631,8.709,8.7269,68.68,CRITICAL,0.0,0.0,1.0,0.0,0.0,1.0,0.2894,0.0,1.0,7429.9,OK,DEPLOYED,8.4606,12.0,7200.0,SIMULATED
2026-09-11 10:31:30,91.5,4,refrigeration_failure_low_ambient,8.5,12.0,56.0,OPEN,0.02912,-0.00537,8.7735,8.7912,68.74,CRITICAL,0.0,0.0,1.0,0.0,0.0,1.0,0.2912,0.0,1.0,7375.4,OK,DEPLOYED,8.4655,12.0,7200.0,SIMULATED
2026-09-11 10:31:40,91.66666666666667,4,refrigeration_failure_low_ambient,8.4375,12.0,55.0,OPEN,0.02927,-0.00481,8.7165,8.7302,68.78,CRITICAL,0.0,0.0,1.0,0.0,0.0,1.0,0.2927,0.0,1.0,7357.1,OK,DEPLOYED,8.4704,12.0,7200.0,SIMULATED
2026-09-11 10:31:50,91.83333333333333,4,refrigeration_failure_low_ambient,8.5,12.0,55.0,OPEN,0.02956,-0.00451,8.7764,8.7956,68.87,CRITICAL,0.0,0.0,1.0,0.0,0.0,1.0,0.2956,0.0,1.0,7293.7,OK,DEPLOYED,8.4753,12.0,7200.0,SIMULATED
2026-09-11 10:32:00,92.0,4,refrigeration_failure_low_ambient,8.4375,12.0,55.0,OPEN,0.02974,-0.00144,8.7198,8.7349,68.92,CRITICAL,0.0,0.0,1.0,0.0,0.0,1.0,0.2974,0.0,1.0,7266.9,OK,DEPLOYED,8.4802,12.0,7200.0,SIMULATED
2026-09-11 10:32:10,92.16666666666667,4,refrigeration_failure_low_ambient,8.5,11.9375,55.0,OPEN,0.03,0.0007,8.776,8.8,69.01,CRITICAL,0.0,0.0,1.0,0.0,0.0,1.0,0.3,0.0014,1.0,7169.0,OK,DEPLOYED,8.4851,12.0,7200.0,SIMULATED
2026-09-11 10:32:20,92.33333333333333,4,refrigeration_failure_low_ambient,8.5625,12.0,55.0,OPEN,0.03046,0.00221,8.8422,8.8671,69.18,CRITICAL,0.0,0.0,1.0,0.0,0.0,1.0,0.3046,0.0044,1.0,7069.6,OK,DEPLOYED,8.4899,12.0,7200.0,SIMULATED
2026-09-11 10:32:30,92.5,4,refrigeration_failure_low_ambient,8.5,11.9375,55.0,OPEN,0.03085,0.00621,8.7834,8.8085,69.38,CRITICAL,0.0,0.0,1.0,0.0,0.0,1.0,0.3085,0.0124,1.0,6973.8,OK,DEPLOYED,8.4948,12.0,7200.0,SIMULATED
2026-09-11 10:32:40,92.66666666666667,4,refrigeration_failure_low_ambient,8.4375,12.0625,55.0,OPEN,0.03097,0.00615,8.7358,8.7472,69.42,CRITICAL,0.0,0.0,1.0,0.0,0.0,1.0,0.3097,0.0123,1.0,6985.8,OK,DEPLOYED,8.4997,12.0,7200.0,SIMULATED
2026-09-11 10:32:50,92.83333333333333,4,refrigeration_failure_low_ambient,8.5,12.0,55.0,OPEN,0.03108,0.00612,8.7903,8.8108,69.45,CRITICAL,0.0,0.0,1.0,0.0,0.0,1.0,0.3108,0.0122,1.0,6928.8,OK,DEPLOYED,8.5045,12.0,7200.0,SIMULATED
2026-09-11 10:33:00,93.0,4,refrigeration_failure_low_ambient,8.625,12.0,56.0,OPEN,0.03149,0.00895,8.9099,8.9399,69.62,CRITICAL,0.0,0.0,1.0,0.0,0.0,1.0,0.3149,0.0179,1.0,6804.5,OK,DEPLOYED,8.5094,12.0,7200.0,SIMULATED
2026-09-11 10:33:10,93.16666666666667,4,refrigeration_failure_low_ambient,8.5625,12.125,55.0,OPEN,0.03171,0.01083,8.8639,8.8796,69.73,CRITICAL,0.0,0.0,1.0,0.0,0.0,1.0,0.3171,0.0217,1.0,6788.7,OK,DEPLOYED,8.5142,12.0,7200.0,SIMULATED
2026-09-11 10:33:20,93.33333333333333,4,refrigeration_failure_low_ambient,8.5,12.0,54.0,OPEN,0.03176,0.0092,8.7979,8.8176,69.71,CRITICAL,0.0,0.0,1.0,0.0,0.0,1.0,0.3176,0.0184,1.0,6744.4,OK,DEPLOYED,8.5191,12.0,7200.0,SIMULATED
2026-09-11 10:33:30,93.5,4,refrigeration_failure_low_ambient,8.5625,12.0625,54.0,OPEN,0.03185,0.00225,8.862,8.881,69.6,CRITICAL,0.0,0.0,1.0,0.0,0.0,1.0,0.3185,0.0045,1.0,6706.8,OK,DEPLOYED,8.5239,12.0,7200.0,SIMULATED
2026-09-11 10:33:40,93.66666666666667,4,refrigeration_failure_low_ambient,8.4375,12.0,54.0,OPEN,0.03156,-0.00547,8.7417,8.7531,69.47,CRITICAL,0.0,0.0,1.0,0.0,0.0,1.0,0.3156,0.0,1.0,6723.2,OK,DEPLOYED,8.5287,12.0,7200.0,SIMULATED
2026-09-11 10:33:50,93.83333333333333,4,refrigeration_failure_low_ambient,8.5,12.0,55.0,OPEN,0.03136,-0.01078,8.7991,8.8136,69.41,CRITICAL,0.0,0.0,1.0,0.0,0.0,1.0,0.3136,0.0,1.0,6716.7,OK,DEPLOYED,8.5335,12.0,7200.0,SIMULATED
2026-09-11 10:34:00,94.0,4,refrigeration_failure_low_ambient,8.5625,12.0,55.0,OPEN,0.03136,-0.01735,8.8577,8.8761,69.41,CRITICAL,0.0,0.0,1.0,0.0,0.0,1.0,0.3136,0.0,1.0,6681.7,OK,DEPLOYED,8.5384,12.0,7200.0,SIMULATED
2026-09-11 10:34:10,94.16666666666667,4,refrigeration_failure_low_ambient,8.5,12.0625,55.0,OPEN,0.0313,-0.0249,8.8044,8.813,69.39,CRITICAL,0.0,0.0,1.0,0.0,0.0,1.0,0.313,0.0,1.0,6718.3,OK,DEPLOYED,8.5432,12.0,7200.0,SIMULATED
2026-09-11 10:34:20,94.33333333333333,4,refrigeration_failure_low_ambient,8.625,12.125,55.0,OPEN,0.03135,-0.03028,8.9242,8.9385,69.41,CRITICAL,0.0,0.0,1.0,0.0,0.0,1.0,0.3135,0.0,1.0,6713.1,OK,DEPLOYED,8.548,12.0,7200.0,SIMULATED
2026-09-11 10:34:30,94.5,4,refrigeration_failure_low_ambient,8.5625,11.875,54.0,OPEN,0.03144,-0.037,8.8497,8.8769,69.43,CRITICAL,0.0,0.0,1.0,0.0,0.0,1.0,0.3144,0.0,1.0,6615.0,OK,DEPLOYED,8.5527,12.0,7200.0,SIMULATED
2026-09-11 10:34:40,94.66666666666667,4,refrigeration_failure_low_ambient,8.625,12.0,56.0,OPEN,0.03171,-0.03884,8.9201,8.9421,69.51,CRITICAL,0.0,0.0,1.0,0.0,0.0,1.0,0.3171,0.0,1.0,6557.9,OK,DEPLOYED,8.5575,12.0,7200.0,SIMULATED
2026-09-11 10:34:50,94.83333333333333,4,refrigeration_failure_low_ambient,8.4375,12.125,55.0,OPEN,0.03152,-0.04023,8.7546,8.7527,69.46,CRITICAL,0.0,0.0,1.0,0.0,0.0,1.0,0.3152,0.0,1.0,6673.0,OK,DEPLOYED,8.5623,12.0,7200.0,SIMULATED
2026-09-11 10:35:00,95.0,4,refrigeration_failure_low_ambient,8.5625,11.9375,55.0,OPEN,0.03173,-0.0413,8.8558,8.8798,69.52,CRITICAL,0.0,0.0,1.0,0.0,0.0,1.0,0.3173,0.0,1.0,6600.1,OK,DEPLOYED,8.5671,12.0,7200.0,SIMULATED
2026-09-11 10:35:10,95.16666666666667,4,refrigeration_failure_low_ambient,8.625,12.0,55.0,OPEN,0.03201,-0.04214,8.9212,8.9451,69.6,CRITICAL,0.0,0.0,1.0,0.0,0.0,1.0,0.3201,0.0,1.0,6531.5,OK,DEPLOYED,8.5718,12.0,7200.0,SIMULATED
2026-09-11 10:35:20,95.33333333333333,4,refrigeration_failure_low_ambient,8.5625,12.0,55.0,OPEN,0.03194,-0.03987,8.865,8.8819,69.58,CRITICAL,0.0,0.0,1.0,0.0,0.0,1.0,0.3194,0.0,1.0,6513.0,OK,DEPLOYED,8.5766,12.0,7200.0,SIMULATED
2026-09-11 10:35:30,95.5,4,refrigeration_failure_low_ambient,8.625,12.0,55.0,OPEN,0.03213,-0.03829,8.9243,8.9463,69.64,CRITICAL,0.0,0.0,1.0,0.0,0.0,1.0,0.3213,0.0,1.0,6460.3,OK,DEPLOYED,8.5814,12.0,7200.0,SIMULATED
2026-09-11 10:35:40,95.66666666666667,4,refrigeration_failure_low_ambient,8.5625,12.0,56.0,OPEN,0.0323,-0.03432,8.8682,8.8855,69.69,CRITICAL,0.0,0.0,1.0,0.0,0.0,1.0,0.323,0.0,1.0,6441.4,OK,DEPLOYED,8.5861,12.0,7200.0,SIMULATED
2026-09-11 10:35:50,95.83333333333333,4,refrigeration_failure_low_ambient,8.6875,12.0625,55.0,OPEN,0.03261,-0.03164,8.9903,9.0136,69.78,CRITICAL,0.0,0.0,1.0,0.0,0.0,1.0,0.3261,0.0,1.0,6383.7,OK,DEPLOYED,8.5908,12.0,7200.0,SIMULATED
2026-09-11 10:36:00,96.0,4,refrigeration_failure_low_ambient,8.5625,12.0625,55.0,OPEN,0.03279,-0.02986,8.8762,8.8904,69.84,CRITICAL,0.0,0.0,1.0,0.0,0.0,1.0,0.3279,0.0,1.0,6388.9,OK,DEPLOYED,8.5956,12.0,7200.0,SIMULATED
2026-09-11 10:36:10,96.16666666666667,4,refrigeration_failure_low_ambient,8.5625,12.0,54.0,OPEN,0.03286,-0.03156,8.8719,8.8911,69.86,CRITICAL,0.0,0.0,1.0,0.0,0.0,1.0,0.3286,0.0,1.0,6360.6,OK,DEPLOYED,8.6003,12.0,7200.0,SIMULATED
2026-09-11 10:36:20,96.33333333333333,4,refrigeration_failure_low_ambient,8.625,12.0,54.0,OPEN,0.0332,-0.03266,8.9318,8.957,69.96,CRITICAL,0.0,0.0,1.0,0.0,0.0,1.0,0.332,0.0,1.0,6295.2,OK,DEPLOYED,8.605,12.0,7200.0,SIMULATED
2026-09-11 10:36:30,96.5,4,refrigeration_failure_low_ambient,8.5625,11.9375,55.0,OPEN,0.03297,-0.03029,8.8711,8.8922,69.89,CRITICAL,0.0,0.0,1.0,0.0,0.0,1.0,0.3297,0.0,1.0,6257.0,OK,DEPLOYED,8.6097,12.0,7200.0,SIMULATED
2026-09-11 10:36:40,96.66666666666667,4,refrigeration_failure_low_ambient,8.5625,12.0,55.0,OPEN,0.03248,-0.02834,8.8757,8.8873,69.75,CRITICAL,0.0,0.0,1.0,0.0,0.0,1.0,0.3248,0.0,1.0,6280.1,OK,DEPLOYED,8.6144,12.0,7200.0,SIMULATED
2026-09-11 10:36:50,96.83333333333333,4,refrigeration_failure_low_ambient,8.625,12.0,53.0,OPEN,0.03197,-0.0324,8.9319,8.9447,69.59,CRITICAL,0.0,0.0,1.0,0.0,0.0,1.0,0.3197,0.0,1.0,6293.5,OK,DEPLOYED,8.6191,12.0,7200.0,SIMULATED
2026-09-11 10:37:00,97.0,4,refrigeration_failure_low_ambient,8.6875,12.0625,55.0,OPEN,0.03158,-0.03182,8.993,9.0033,69.48,CRITICAL,0.0,0.0,1.0,0.0,0.0,1.0,0.3158,0.0,1.0,6323.0,OK,DEPLOYED,8.6238,12.0,7200.0,SIMULATED
2026-09-11 10:37:10,97.16666666666667,4,refrigeration_failure_low_ambient,8.6875,12.0,55.0,OPEN,0.03161,-0.03379,8.9878,9.0036,69.48,CRITICAL,0.0,0.0,1.0,0.0,0.0,1.0,0.3161,0.0,1.0,6314.2,OK,DEPLOYED,8.6285,12.0,7200.0,SIMULATED
2026-09-11 10:37:20,97.33333333333333,4,refrigeration_failure_low_ambient,8.5625,12.0,55.0,OPEN,0.03135,-0.0347,8.871,8.876,69.41,CRITICAL,0.0,0.0,1.0,0.0,0.0,1.0,0.3135,0.0,1.0,6380.2,OK,DEPLOYED,8.6332,12.0,7200.0,SIMULATED
2026-09-11 10:37:30,97.5,4,refrigeration_failure_low_ambient,8.5625,11.9375,54.0,OPEN,0.03088,-0.03771,8.8634,8.8713,69.26,CRITICAL,0.0,0.0,1.0,0.0,0.0,1.0,0.3088,0.0,1.0,6424.7,OK,DEPLOYED,8.6379,12.0,7200.0,SIMULATED
2026-09-11 10:37:40,97.66666666666667,4,refrigeration_failure_low_ambient,8.625,11.9375,54.0,OPEN,0.03059,-0.0421,8.9195,8.9309,69.18,CRITICAL,0.0,0.0,1.0,0.0,0.0,1.0,0.3059,0.0,1.0,6443.0,OK,DEPLOYED,8.6425,12.0,7200.0,SIMULATED
2026-09-11 10:37:50,97.83333333333333,4,refrigeration_failure_low_ambient,8.75,12.0625,55.0,OPEN,0.03076,-0.04451,9.0443,9.0576,69.23,CRITICAL,0.0,0.0,1.0,0.0,0.0,1.0,0.3076,0.0,1.0,6447.8,OK,DEPLOYED,8.6472,12.0,7200.0,SIMULATED
2026-09-11 10:38:00,98.0,4,refrigeration_failure_low_ambient,8.6875,12.0,55.0,OPEN,0.03085,-0.04258,8.9819,8.996,69.26,CRITICAL,0.0,0.0,1.0,0.0,0.0,1.0,0.3085,0.0,1.0,6446.4,OK,DEPLOYED,8.6518,12.0,7200.0,SIMULATED
2026-09-11 10:38:10,98.16666666666667,4,refrigeration_failure_low_ambient,8.6875,11.9375,55.0,OPEN,0.03104,-0.04047,8.9781,8.9979,69.31,CRITICAL,0.0,0.0,1.0,0.0,0.0,1.0,0.3104,0.0,1.0,6405.1,OK,DEPLOYED,8.6565,12.0,7200.0,SIMULATED
2026-09-11 10:38:20,98.33333333333333,4,refrigeration_failure_low_ambient,8.625,12.0,55.0,OPEN,0.03128,-0.03823,8.926,8.9378,69.38,CRITICAL,0.0,0.0,1.0,0.0,0.0,1.0,0.3128,0.0,1.0,6422.4,OK,DEPLOYED,8.6611,12.0,7200.0,SIMULATED
2026-09-11 10:38:30,98.5,4,refrigeration_failure_low_ambient,8.625,12.0,55.0,OPEN,0.03134,-0.03295,8.9256,8.9384,69.4,CRITICAL,0.0,0.0,1.0,0.0,0.0,1.0,0.3134,0.0,1.0,6432.0,OK,DEPLOYED,8.6658,12.0,7200.0,SIMULATED
2026-09-11 10:38:40,98.66666666666667,4,refrigeration_failure_low_ambient,8.6875,11.9375,55.0,OPEN,0.03144,-0.02839,8.9795,9.0019,69.43,CRITICAL,0.0,0.0,1.0,0.0,0.0,1.0,0.3144,0.0,1.0,6374.5,OK,DEPLOYED,8.6704,12.0,7200.0,SIMULATED
2026-09-11 10:38:50,98.83333333333333,4,refrigeration_failure_low_ambient,8.6875,11.9375,56.0,OPEN,0.03153,-0.02149,8.9815,9.0028,69.46,CRITICAL,0.0,0.0,1.0,0.0,0.0,1.0,0.3153,0.0,1.0,6326.9,OK,DEPLOYED,8.675,12.0,7200.0,SIMULATED
2026-09-11 10:39:00,99.0,4,refrigeration_failure_low_ambient,8.6875,12.0,55.0,OPEN,0.03159,-0.0159,8.9876,9.0034,69.48,CRITICAL,0.0,0.0,1.0,0.0,0.0,1.0,0.3159,0.0,1.0,6317.9,OK,DEPLOYED,8.6796,12.0,7200.0,SIMULATED
2026-09-11 10:39:10,99.16666666666667,4,refrigeration_failure_low_ambient,8.75,12.0,56.0,OPEN,0.03159,-0.01132,9.0461,9.0659,69.48,CRITICAL,0.0,0.0,1.0,0.0,0.0,1.0,0.3159,0.0,1.0,6281.6,OK,DEPLOYED,8.6842,12.0,7200.0,SIMULATED
2026-09-11 10:39:20,99.33333333333333,4,refrigeration_failure_low_ambient,8.625,12.0625,55.0,OPEN,0.03115,-0.00754,8.9342,8.9365,69.35,CRITICAL,0.0,0.0,1.0,0.0,0.0,1.0,0.3115,0.0,1.0,6366.4,OK,DEPLOYED,8.6888,12.0,7200.0,SIMULATED
2026-09-11 10:39:30,99.5,4,refrigeration_failure_low_ambient,8.625,12.0625,55.0,OPEN,0.03056,-0.00433,8.9298,8.9306,69.17,CRITICAL,0.0,0.0,1.0,0.0,0.0,1.0,0.3056,0.0,1.0,6462.2,OK,DEPLOYED,8.6934,12.0,7200.0,SIMULATED
2026-09-11 10:39:40,99.66666666666667,4,refrigeration_failure_low_ambient,8.6875,12.0625,55.0,OPEN,0.02983,-0.00151,8.9832,8.9858,68.95,CRITICAL,0.0,0.0,1.0,0.0,0.0,1.0,0.2983,0.0,1.0,6544.0,OK,DEPLOYED,8.698,12.0,7200.0,SIMULATED
2026-09-11 10:39:50,99.83333333333333,4,refrigeration_failure_low_ambient,8.625,12.0625,55.0,OPEN,0.02915,0.00104,8.9204,8.9165,68.77,CRITICAL,0.0,0.0,1.0,0.0,0.0,1.0,0.2915,0.0021,1.0,6676.7,OK,DEPLOYED,8.7026,12.0,7200.0,SIMULATED
2026-09-11 10:40:00,100.0,4,refrigeration_failure_low_ambient,8.8125,12.0625,55.0,OPEN,0.02886,0.00339,9.091,9.1011,68.72,CRITICAL,0.0,0.0,1.0,0.0,0.0,1.0,0.2886,0.0068,1.0,6697.0,OK,DEPLOYED,8.7072,12.0,7200.0,SIMULATED
2026-09-11 10:40:10,100.16666666666667,4,refrigeration_failure_low_ambient,8.75,12.0,55.0,OPEN,0.0286,0.00561,9.0273,9.036,68.69,CRITICAL,0.0,0.0,1.0,0.0,0.0,1.0,0.286,0.0112,1.0,6727.3,OK,DEPLOYED,8.7118,12.0,7200.0,SIMULATED
2026-09-11 10:40:20,100.33333333333333,4,refrigeration_failure_low_ambient,8.6875,12.0,54.0,OPEN,0.02834,0.00488,8.9673,8.9709,68.6,CRITICAL,0.0,0.0,1.0,0.0,0.0,1.0,0.2834,0.0098,1.0,6798.6,OK,DEPLOYED,8.7163,12.0,7200.0,SIMULATED
2026-09-11 10:40:30,100.5,4,refrigeration_failure_low_ambient,8.8125,11.9375,55.0,OPEN,0.02842,0.00503,9.0783,9.0967,68.63,CRITICAL,0.0,0.0,1.0,0.0,0.0,1.0,0.2842,0.0101,1.0,6748.4,OK,DEPLOYED,8.7209,12.0,7200.0,SIMULATED
2026-09-11 10:40:40,100.66666666666667,4,refrigeration_failure_low_ambient,8.75,12.0,55.0,OPEN,0.0287,0.00581,9.026,9.037,68.73,CRITICAL,0.0,0.0,1.0,0.0,0.0,1.0,0.287,0.0116,1.0,6760.1,OK,DEPLOYED,8.7254,12.0,7200.0,SIMULATED
2026-09-11 10:40:50,100.83333333333333,4,refrigeration_failure_low_ambient,8.75,11.9375,56.0,OPEN,0.02873,0.00987,9.0217,9.0373,68.82,CRITICAL,0.0,0.0,1.0,0.0,0.0,1.0,0.2873,0.0197,1.0,6734.4,OK,DEPLOYED,8.73,12.0,7200.0,SIMULATED
2026-09-11 10:41:00,101.0,4,refrigeration_failure_low_ambient,8.6875,11.9375,54.0,OPEN,0.02855,0.00748,8.9636,8.973,68.71,CRITICAL,0.0,0.0,1.0,0.0,0.0,1.0,0.2855,0.015,1.0,6758.3,OK,DEPLOYED,8.7345,12.0,7200.0,SIMULATED
2026-09-11 10:41:10,101.16666666666667,4,refrigeration_failure_low_ambient,8.75,12.0,54.0,OPEN,0.02857,0.00057,9.0254,9.0357,68.58,CRITICAL,0.0,0.0,1.0,0.0,0.0,1.0,0.2857,0.0011,1.0,6775.1,OK,DEPLOYED,8.739,12.0,7200.0,SIMULATED
2026-09-11 10:41:20,101.33333333333333,4,refrigeration_failure_low_ambient,8.75,11.9375,55.0,OPEN,0.02852,-0.00369,9.0208,9.0352,68.56,CRITICAL,0.0,0.0,1.0,0.0,0.0,1.0,0.2852,0.0,1.0,6757.8,OK,DEPLOYED,8.7436,12.0,7200.0,SIMULATED
2026-09-11 10:41:30,101.5,4,refrigeration_failure_low_ambient,8.8125,12.0,55.0,OPEN,0.02857,-0.00611,9.0839,9.0982,68.57,CRITICAL,0.0,0.0,1.0,0.0,0.0,1.0,0.2857,0.0,1.0,6742.2,OK,DEPLOYED,8.7481,12.0,7200.0,SIMULATED
2026-09-11 10:41:40,101.66666666666667,4,refrigeration_failure_low_ambient,8.75,11.9375,55.0,OPEN,0.02865,-0.00427,9.0221,9.0365,68.6,CRITICAL,0.0,0.0,1.0,0.0,0.0,1.0,0.2865,0.0,1.0,6725.4,OK,DEPLOYED,8.7526,12.0,7200.0,SIMULATED
2026-09-11 10:41:50,101.83333333333333,4,refrigeration_failure_low_ambient,8.875,12.0,55.0,OPEN,0.02891,-0.00233,9.144,9.1641,68.67,CRITICAL,0.0,0.0,1.0,0.0,0.0,1.0,0.2891,0.0,1.0,6665.2,OK,DEPLOYED,8.7571,12.0,7200.0,SIMULATED
2026-09-11 10:42:00,102.0,4,refrigeration_failure_low_ambient,8.8125,12.0,54.0,OPEN,0.02927,-0.00315,9.0882,9.1052,68.78,CRITICAL,0.0,0.0,1.0,0.0,0.0,1.0,0.2927,0.0,1.0,6632.6,OK,DEPLOYED,8.7616,12.0,7200.0,SIMULATED
2026-09-11 10:42:10,102.16666666666667,4,refrigeration_failure_low_ambient,8.75,12.0625,55.0,OPEN,0.02928,-0.00297,9.0349,9.0428,68.79,CRITICAL,0.0,0.0,1.0,0.0,0.0,1.0,0.2928,0.0,1.0,6671.2,OK,DEPLOYED,8.7661,12.0,7200.0,SIMULATED
2026-09-11 10:42:20,102.33333333333333,4,refrigeration_failure_low_ambient,8.8125,12.0,54.0,OPEN,0.02941,-0.00493,9.0883,9.1066,68.82,CRITICAL,0.0,0.0,1.0,0.0,0.0,1.0,0.2941,0.0,1.0,6629.4,OK,DEPLOYED,8.7706,12.0,7200.0,SIMULATED
2026-09-11 10:42:30,102.5,4,refrigeration_failure_low_ambient,8.75,12.0625,55.0,OPEN,0.02957,-0.00545,9.0357,9.0457,68.87,CRITICAL,0.0,0.0,1.0,0.0,0.0,1.0,0.2957,0.0,1.0,6652.2,OK,DEPLOYED,8.7751,12.0,7200.0,SIMULATED
2026-09-11 10:42:40,102.66666666666667,4,refrigeration_failure_low_ambient,8.75,11.9375,55.0,OPEN,0.02957,-0.00496,9.0268,9.0457,68.87,CRITICAL,0.0,0.0,1.0,0.0,0.0,1.0,0.2957,0.0,1.0,6606.0,OK,DEPLOYED,8.7795,12.0,7200.0,SIMULATED
2026-09-11 10:42:50,102.83333333333333,4,refrigeration_failure_low_ambient,8.8125,12.0,55.0,OPEN,0.02942,-0.00376,9.0903,9.1067,68.83,CRITICAL,0.0,0.0,1.0,0.0,0.0,1.0,0.2942,0.0,1.0,6579.6,OK,DEPLOYED,8.784,12.0,7200.0,SIMULATED
2026-09-11 10:43:00,103.0,4,refrigeration_failure_low_ambient,8.8125,11.9375,55.0,OPEN,0.02932,-0.00206,9.0867,9.1057,68.79,CRITICAL,0.0,0.0,1.0,0.0,0.0,1.0,0.2932,0.0,1.0,6533.6,OK,DEPLOYED,8.7885,12.0,7200.0,SIMULATED
2026-09-11 10:43:10,103.16666666666667,4,refrigeration_failure_low_ambient,8.75,12.0625,54.0,OPEN,0.0294,8e-05,9.0383,9.044,68.82,CRITICAL,0.0,0.0,1.0,0.0,0.0,1.0,0.294,0.0002,1.0,6590.0,OK,DEPLOYED,8.7929,12.0,7200.0,SIMULATED
2026-09-11 10:43:20,103.33333333333333,4,refrigeration_failure_low_ambient,8.875,12.0625,55.0,OPEN,0.02979,0.00263,9.1541,9.1729,68.99,CRITICAL,0.0,0.0,1.0,0.0,0.0,1.0,0.2979,0.0053,1.0,6547.7,OK,DEPLOYED,8.7974,12.0,7200.0,SIMULATED
2026-09-11 10:43:30,103.5,4,refrigeration_failure_low_ambient,8.8125,12.0,56.0,OPEN,0.02998,0.00536,9.0933,9.1123,69.1,CRITICAL,0.0,0.0,1.0,0.0,0.0,1.0,0.2998,0.0107,1.0,6505.5,OK,DEPLOYED,8.8018,12.0,7200.0,SIMULATED
2026-09-11 10:43:40,103.66666666666667,4,refrigeration_failure_low_ambient,8.75,12.0,54.0,OPEN,0.03002,0.00233,9.0365,9.0502,69.05,CRITICAL,0.0,0.0,1.0,0.0,0.0,1.0,0.3002,0.0047,1.0,6502.8,OK,DEPLOYED,8.8063,12.0,7200.0,SIMULATED
2026-09-11 10:43:50,103.83333333333333,4,refrigeration_failure_low_ambient,8.75,12.0625,55.0,OPEN,0.02957,-0.00189,9.0396,9.0457,68.87,CRITICAL,0.0,0.0,1.0,0.0,0.0,1.0,0.2957,0.0,1.0,6557.3,OK,DEPLOYED,8.8107,12.0,7200.0,SIMULATED
2026-09-11 10:44:00,104.0,4,refrigeration_failure_low_ambient,8.875,12.0,55.0,OPEN,0.02929,-0.00409,9.1498,9.1679,68.79,CRITICAL,0.0,0.0,1.0,0.0,0.0,1.0,0.2929,0.0,1.0,6518.6,OK,DEPLOYED,8.8151,12.0,7200.0,SIMULATED
2026-09-11 10:44:10,104.16666666666667,4,refrigeration_failure_low_ambient,8.875,12.0625,56.0,OPEN,0.02926,-0.002,9.1551,9.1676,68.78,CRITICAL,0.0,0.0,1.0,0.0,0.0,1.0,0.2926,0.0,1.0,6522.8,OK,DEPLOYED,8.8196,12.0,7200.0,SIMULATED
2026-09-11 10:44:20,104.33333333333333,4,refrigeration_failure_low_ambient,8.875,12.0,55.0,OPEN,0.02921,0.00012,9.1507,9.1671,68.77,CRITICAL,0.0,0.0,1.0,0.0,0.0,1.0,0.2921,0.0002,1.0,6496.8,OK,DEPLOYED,8.824,12.0,7200.0,SIMULATED
2026-09-11 10:44:30,104.5,4,refrigeration_failure_low_ambient,8.75,12.0,55.0,OPEN,0.02912,0.00227,9.0346,9.0412,68.78,CRITICAL,0.0,0.0,1.0,0.0,0.0,1.0,0.2912,0.0045,1.0,6546.9,OK,DEPLOYED,8.8284,12.0,7200.0,SIMULATED
2026-09-11 10:44:40,104.66666666666667,4,refrigeration_failure_low_ambient,8.8125,12.0,55.0,OPEN,0.02897,0.0015,9.0911,9.1022,68.72,CRITICAL,0.0,0.0,1.0,0.0,0.0,1.0,0.2897,0.003,1.0,6560.5,OK,DEPLOYED,8.8328,12.0,7200.0,SIMULATED
2026-09-11 10:44:50,104.83333333333333,4,refrigeration_failure_low_ambient,8.75,12.0,55.0,OPEN,0.02878,0.00447,9.0318,9.0378,68.72,CRITICAL,0.0,0.0,1.0,0.0,0.0,1.0,0.2878,0.0089,1.0,6614.5,OK,DEPLOYED,8.8372,12.0,7200.0,SIMULATED
2026-09-11 10:45:00,105.0,4,refrigeration_failure_low_ambient,8.875,11.9375,55.0,OPEN,0.02834,0.00722,9.1418,9.1584,68.65,CRITICAL,0.0,0.0,1.0,0.0,0.0,1.0,0.2834,0.0144,1.0,6582.1,OK,DEPLOYED,8.8416,12.0,7200.0,SIMULATED
2026-09-11 10:45:10,105.16666666666667,4,refrigeration_failure_low_ambient,8.875,12.0625,55.0,OPEN,0.02805,0.00982,9.1504,9.1555,68.61,CRITICAL,0.0,0.0,1.0,0.0,0.0,1.0,0.2805,0.0196,1.0,6641.1,OK,DEPLOYED,8.8459,12.0,7200.0,SIMULATED
2026-09-11 10:45:20,105.33333333333333,4,refrigeration_failure_low_ambient,8.875,12.0,55.0,OPEN,0.02803,0.0123,9.1445,9.1553,68.65,CRITICAL,0.0,0.0,1.0,0.0,0.0,1.0,0.2803,0.0246,1.0,6653.1,OK,DEPLOYED,8.8503,12.0,7200.0,SIMULATED
2026-09-11 10:45:30,105.5,4,refrigeration_failure_low_ambient,8.875,12.0,55.0,OPEN,0.02799,0.0147,9.144,9.1549,68.69,CRITICAL,0.0,0.0,1.0,0.0,0.0,1.0,0.2799,0.0294,1.0,6664.8,OK,DEPLOYED,8.8547,12.0,7200.0,SIMULATED
2026-09-11 10:45:40,105.66666666666667,4,refrigeration_failure_low_ambient,8.875,12.0,55.0,OPEN,0.02808,0.01705,9.1439,9.1558,68.76,CRITICAL,0.0,0.0,1.0,0.0,0.0,1.0,0.2808,0.0341,1.0,6668.0,OK,DEPLOYED,8.8591,12.0,7200.0,SIMULATED
2026-09-11 10:45:50,105.83333333333333,4,refrigeration_failure_low_ambient,8.9375,12.0625,55.0,OPEN,0.02824,0.02231,9.2067,9.2199,68.92,CRITICAL,0.0,0.0,1.0,0.0,0.0,1.0,0.2824,0.0446,1.0,6660.9,OK,DEPLOYED,8.8634,12.0,7200.0,SIMULATED
2026-09-11 10:46:00,106.0,4,refrigeration_failure_low_ambient,8.875,12.0,55.0,OPEN,0.0286,0.02675,9.1452,9.161,69.12,CRITICAL,0.0,0.0,1.0,0.0,0.0,1.0,0.286,0.0535,1.0,6634.5,OK,DEPLOYED,8.8678,12.0,7200.0,SIMULATED
2026-09-11 10:46:10,106.16666666666667,4,refrigeration_failure_low_ambient,8.8125,12.0,55.0,OPEN,0.02854,0.03063,9.0875,9.0979,69.17,CRITICAL,0.0,0.0,1.0,0.0,0.0,1.0,0.2854,0.0613,1.0,6651.1,OK,DEPLOYED,8.8721,12.0,7200.0,SIMULATED
2026-09-11 10:46:20,106.33333333333333,4,refrigeration_failure_low_ambient,8.875,12.0,55.0,OPEN,0.02834,0.03115,9.1449,9.1584,69.12,CRITICAL,0.0,0.0,1.0,0.0,0.0,1.0,0.2834,0.0623,1.0,6642.5,OK,DEPLOYED,8.8765,12.0,7200.0,SIMULATED
2026-09-11 10:46:30,106.5,4,refrigeration_failure_low_ambient,8.875,11.9375,55.0,OPEN,0.02819,0.02923,9.1407,9.1569,69.04,CRITICAL,0.0,0.0,1.0,0.0,0.0,1.0,0.2819,0.0585,1.0,6611.5,OK,DEPLOYED,8.8808,12.0,7200.0,SIMULATED
2026-09-11 10:46:40,106.66666666666667,4,refrigeration_failure_low_ambient,8.875,11.9375,55.0,OPEN,0.02787,0.02846,9.1409,9.1537,68.93,CRITICAL,0.0,0.0,1.0,0.0,0.0,1.0,0.2787,0.0569,1.0,6606.8,OK,DEPLOYED,8.8851,12.0,7200.0,SIMULATED
2026-09-11 10:46:50,106.83333333333333,4,refrigeration_failure_low_ambient,8.9375,12.0,55.0,OPEN,0.02758,0.02849,9.2028,9.2133,68.84,CRITICAL,0.0,0.0,1.0,0.0,0.0,1.0,0.2758,0.057,1.0,6620.6,OK,DEPLOYED,8.8895,12.0,7200.0,SIMULATED
2026-09-11 10:47:00,107.0,4,refrigeration_failure_low_ambient,8.9375,12.0,55.0,OPEN,0.02746,0.02318,9.2022,9.2121,68.7,CRITICAL,0.0,0.0,1.0,0.0,0.0,1.0,0.2746,0.0464,1.0,6638.1,OK,DEPLOYED,8.8938,12.0,7200.0,SIMULATED
2026-09-11 10:47:10,107.16666666666667,4,refrigeration_failure_low_ambient,8.8125,12.0,55.0,OPEN,0.02726,0.01984,9.0843,9.0851,68.58,CRITICAL,0.0,0.0,1.0,0.0,0.0,1.0,0.2726,0.0397,1.0,6732.3,OK,DEPLOYED,8.8981,12.0,7200.0,SIMULATED
2026-09-11 10:47:20,107.33333333333333,4,refrigeration_failure_low_ambient,8.9375,11.9375,55.0,OPEN,0.02735,0.01789,9.1947,9.211,68.56,CRITICAL,0.0,0.0,1.0,0.0,0.0,1.0,0.2735,0.0358,1.0,6694.8,OK,DEPLOYED,8.9024,12.0,7200.0,SIMULATED
2026-09-11 10:47:30,107.5,4,refrigeration_failure_low_ambient,9.0,11.9375,55.0,OPEN,0.02742,0.0169,9.2542,9.2742,68.56,CRITICAL,0.0,0.0,1.0,0.0,0.0,1.0,0.2742,0.0338,1.0,6628.1,OK,DEPLOYED,8.9067,12.0,7200.0,SIMULATED
2026-09-11 10:47:40,107.66666666666667,4,refrigeration_failure_low_ambient,9.0,12.0,54.0,OPEN,0.02744,0.01078,9.2603,9.2744,68.45,CRITICAL,0.0,0.0,1.0,0.0,0.0,1.0,0.2744,0.0216,1.0,6611.1,OK,DEPLOYED,8.911,12.0,7200.0,SIMULATED
2026-09-11 10:47:50,107.83333333333333,4,refrigeration_failure_low_ambient,8.9375,12.0,55.0,OPEN,0.02739,0.00393,9.2023,9.2114,68.29,CRITICAL,0.0,0.0,1.0,0.0,0.0,1.0,0.2739,0.0079,1.0,6635.7,OK,DEPLOYED,8.9153,12.0,7200.0,SIMULATED
2026-09-11 10:48:00,108.0,4,refrigeration_failure_low_ambient,8.9375,12.0625,55.0,OPEN,0.02762,-0.00058,9.2062,9.2137,68.29,CRITICAL,0.0,0.0,1.0,0.0,0.0,1.0,0.2762,0.0,1.0,6673.6,OK,DEPLOYED,8.9195,12.0,7200.0,SIMULATED
2026-09-11 10:48:10,108.16666666666667,4,refrigeration_failure_low_ambient,8.9375,11.875,55.0,OPEN,0.02786,-0.00345,9.1933,9.2161,68.36,CRITICAL,0.0,0.0,1.0,0.0,0.0,1.0,0.2786,0.0,1.0,6586.6,OK,DEPLOYED,8.9238,12.0,7200.0,SIMULATED
2026-09-11 10:48:20,108.33333333333333,4,refrigeration_failure_low_ambient,8.875,12.0,55.0,OPEN,0.0279,-0.00518,9.1458,9.154,68.37,CRITICAL,0.0,0.0,1.0,0.0,0.0,1.0,0.279,0.0,1.0,6620.2,OK,DEPLOYED,8.9281,12.0,7200.0,SIMULATED
2026-09-11 10:48:30,108.5,4,refrigeration_failure_low_ambient,8.9375,11.9375,55.0,OPEN,0.02777,-0.0061,9.1987,9.2152,68.33,CRITICAL,0.0,0.0,1.0,0.0,0.0,1.0,0.2777,0.0,1.0,6585.7,OK,DEPLOYED,8.9324,12.0,7200.0,SIMULATED
2026-09-11 10:48:40,108.66666666666667,4,refrigeration_failure_low_ambient,8.9375,12.0,55.0,OPEN,0.02749,-0.00646,9.2032,9.2124,68.25,CRITICAL,0.0,0.0,1.0,0.0,0.0,1.0,0.2749,0.0,1.0,6610.1,OK,DEPLOYED,8.9366,12.0,7200.0,SIMULATED
2026-09-11 10:48:50,108.83333333333333,4,refrigeration_failure_low_ambient,8.875,12.0,55.0,OPEN,0.02709,-0.00642,9.1432,9.1459,68.13,CRITICAL,0.0,0.0,1.0,0.0,0.0,1.0,0.2709,0.0,1.0,6687.8,OK,DEPLOYED,8.9409,12.0,7200.0,SIMULATED
2026-09-11 10:49:00,109.0,4,refrigeration_failure_low_ambient,8.9375,12.0,55.0,OPEN,0.02676,-0.00316,9.1986,9.2051,68.03,CRITICAL,0.0,0.0,1.0,0.0,0.0,1.0,0.2676,0.0,1.0,6732.2,OK,DEPLOYED,8.9451,12.0,7200.0,SIMULATED
2026-09-11 10:49:10,109.16666666666667,4,refrigeration_failure_low_ambient,8.875,11.9375,55.0,OPEN,0.02628,-0.0005,9.1338,9.1378,67.89,CRITICAL,0.0,0.0,1.0,0.0,0.0,1.0,0.2628,0.0,1.0,6796.9,OK,DEPLOYED,8.9494,12.0,7200.0,SIMULATED
2026-09-11 10:49:20,109.33333333333333,4,refrigeration_failure_low_ambient,8.875,11.9375,55.0,OPEN,0.02587,0.00469,9.131,9.1337,67.85,CRITICAL,0.0,0.0,1.0,0.0,0.0,1.0,0.2587,0.0094,1.0,6873.7,OK,DEPLOYED,8.9536,12.0,7200.0,SIMULATED
2026-09-11 10:49:30,109.5,4,refrigeration_failure_low_ambient,8.9375,12.0625,55.0,OPEN,0.02529,0.00881,9.1939,9.1904,67.76,CRITICAL,0.0,0.0,1.0,0.0,0.0,1.0,0.2529,0.0176,1.0,7009.0,OK,DEPLOYED,8.9578,12.0,7200.0,SIMULATED
2026-09-11 10:49:40,109.66666666666667,4,refrigeration_failure_low_ambient,8.9375,12.0,55.0,OPEN,0.02457,0.01216,9.1848,9.1832,67.61,CRITICAL,0.0,0.0,1.0,0.0,0.0,1.0,0.2457,0.0243,1.0,7126.7,OK,DEPLOYED,8.962,12.0,7200.0,SIMULATED
2026-09-11 10:49:50,109.83333333333333,4,refrigeration_failure_low_ambient,9.0,12.0,55.0,OPEN,0.02408,0.01499,9.2394,9.2408,67.52,CRITICAL,0.0,0.0,1.0,0.0,0.0,1.0,0.2408,0.03,1.0,7213.9,OK,DEPLOYED,8.9663,12.0,7200.0,SIMULATED
2026-09-11 10:50:00,110.0,4,refrigeration_failure_low_ambient,9.0,11.9375,55.0,OPEN,0.02354,0.01744,9.2323,9.2354,67.41,CRITICAL,0.0,0.0,1.0,0.0,0.0,1.0,0.2354,0.0349,1.0,7282.0,OK,DEPLOYED,8.9705,12.0,7200.0,SIMULATED
2026-09-11 10:50:10,110.16666666666667,4,refrigeration_failure_low_ambient,8.875,12.0625,55.0,OPEN,0.02313,0.01963,9.1192,9.1063,67.33,CRITICAL,0.0,0.0,1.0,0.0,0.0,1.0,0.2313,0.0393,1.0,7528.5,OK,DEPLOYED,8.9747,12.0,7200.0,SIMULATED
2026-09-11 10:50:20,110.33333333333333,4,refrigeration_failure_low_ambient,8.9375,11.9375,55.0,OPEN,0.0228,0.02164,9.1646,9.1655,67.27,CRITICAL,0.0,0.0,1.0,0.0,0.0,1.0,0.228,0.0433,1.0,7620.5,OK,DEPLOYED,8.9789,12.0,7200.0,SIMULATED
2026-09-11 10:50:30,110.5,4,refrigeration_failure_low_ambient,8.9375,12.0625,55.0,OPEN,0.02231,0.02058,9.1684,9.1606,67.1,CRITICAL,0.0,0.0,1.0,0.0,0.0,1.0,0.2231,0.0412,1.0,7816.4,OK,DEPLOYED,8.9831,12.0,7200.0,SIMULATED
2026-09-11 10:50:40,110.66666666666667,4,refrigeration_failure_low_ambient,9.0,11.9375,55.0,OPEN,0.02224,0.02021,9.2163,9.2224,67.08,CRITICAL,0.0,0.0,1.0,0.0,0.0,1.0,0.2224,0.0404,1.0,7843.1,OK,DEPLOYED,8.9872,12.0,7200.0,SIMULATED
2026-09-11 10:50:50,110.83333333333333,4,refrigeration_failure_low_ambient,9.0625,12.0,55.0,OPEN,0.02245,0.02033,9.2788,9.287,67.14,CRITICAL,0.0,0.0,1.0,0.0,0.0,1.0,0.2245,0.0407,1.0,7845.1,OK,DEPLOYED,8.9914,12.0,7200.0,SIMULATED
2026-09-11 10:51:00,111.0,4,refrigeration_failure_low_ambient,9.0,11.9375,55.0,OPEN,0.02263,0.02375,9.2167,9.2263,67.26,CRITICAL,0.0,0.0,1.0,0.0,0.0,1.0,0.2263,0.0475,1.0,7830.7,OK,DEPLOYED,8.9956,12.0,7200.0,SIMULATED
2026-09-11 10:51:10,111.16666666666667,4,refrigeration_failure_low_ambient,9.0625,12.0,54.0,OPEN,0.02277,0.02081,9.2798,9.2902,67.25,CRITICAL,0.0,0.0,1.0,0.0,0.0,1.0,0.2277,0.0416,1.0,7807.8,OK,DEPLOYED,8.9998,12.0,7200.0,SIMULATED
2026-09-11 10:51:20,111.33333333333333,4,refrigeration_failure_low_ambient,9.0,12.0625,55.0,OPEN,0.02285,0.01628,9.2249,9.2285,67.18,CRITICAL,0.0,0.0,1.0,0.0,0.0,1.0,0.2285,0.0326,1.0,7865.8,OK,DEPLOYED,9.0039,12.0,7200.0,SIMULATED
2026-09-11 10:51:30,111.5,4,refrigeration_failure_low_ambient,9.0625,12.0,55.0,OPEN,0.02305,0.01349,9.2797,9.293,67.18,CRITICAL,0.0,0.0,1.0,0.0,0.0,1.0,0.2305,0.027,1.0,7811.1,OK,DEPLOYED,9.0081,12.0,7200.0,SIMULATED
2026-09-11 10:51:40,111.66666666666667,4,refrigeration_failure_low_ambient,9.0,12.0,55.0,OPEN,0.0233,0.01192,9.2224,9.233,67.23,CRITICAL,0.0,0.0,1.0,0.0,0.0,1.0,0.233,0.0238,1.0,7789.9,OK,DEPLOYED,9.0122,12.0,7200.0,SIMULATED
2026-09-11 10:51:50,111.83333333333333,4,refrigeration_failure_low_ambient,9.0,12.0625,56.0,OPEN,0.02338,0.01406,9.2265,9.2338,67.3,CRITICAL,0.0,0.0,1.0,0.0,0.0,1.0,0.2338,0.0281,1.0,7807.2,OK,DEPLOYED,9.0164,12.0,7200.0,SIMULATED
2026-09-11 10:52:00,112.0,4,refrigeration_failure_low_ambient,9.0625,12.0625,55.0,OPEN,0.02387,0.01584,9.2863,9.3012,67.48,CRITICAL,0.0,0.0,1.0,0.0,0.0,1.0,0.2387,0.0317,1.0,7740.2,OK,DEPLOYED,9.0205,12.0,7200.0,SIMULATED
2026-09-11 10:52:10,112.16666666666667,4,refrigeration_failure_low_ambient,8.9375,12.0,55.0,OPEN,0.0241,0.01442,9.1667,9.1785,67.52,CRITICAL,0.0,0.0,1.0,0.0,0.0,1.0,0.241,0.0288,1.0,7711.6,OK,DEPLOYED,9.0247,12.0,7200.0,SIMULATED
2026-09-11 10:52:20,112.33333333333333,4,refrigeration_failure_low_ambient,9.125,12.0625,54.0,OPEN,0.02446,0.01076,9.3484,9.3696,67.55,CRITICAL,0.0,0.0,1.0,0.0,0.0,1.0,0.2446,0.0215,1.0,7584.9,OK,DEPLOYED,9.0288,12.0,7200.0,SIMULATED
2026-09-11 10:52:30,112.5,4,refrigeration_failure_low_ambient,9.0625,12.0625,56.0,OPEN,0.02491,0.00839,9.2933,9.3116,67.64,CRITICAL,0.0,0.0,1.0,0.0,0.0,1.0,0.2491,0.0168,1.0,7495.4,OK,DEPLOYED,9.0329,12.0,7200.0,SIMULATED
2026-09-11 10:52:40,112.66666666666667,4,refrigeration_failure_low_ambient,9.0,12.0,55.0,OPEN,0.02501,0.00682,9.233,9.2501,67.64,CRITICAL,0.0,0.0,1.0,0.0,0.0,1.0,0.2501,0.0136,1.0,7420.6,OK,DEPLOYED,9.037,12.0,7200.0,SIMULATED
2026-09-11 10:52:50,112.83333333333333,4,refrigeration_failure_low_ambient,9.0,12.0625,55.0,OPEN,0.02486,0.00582,9.2381,9.2486,67.58,CRITICAL,0.0,0.0,1.0,0.0,0.0,1.0,0.2486,0.0116,1.0,7413.1,OK,DEPLOYED,9.0412,12.0,7200.0,SIMULATED
2026-09-11 10:53:00,113.0,4,refrigeration_failure_low_ambient,9.0,12.0625,55.0,OPEN,0.02469,0.00522,9.2379,9.2469,67.51,CRITICAL,0.0,0.0,1.0,0.0,0.0,1.0,0.2469,0.0104,1.0,7420.2,OK,DEPLOYED,9.0453,12.0,7200.0,SIMULATED
2026-09-11 10:53:10,113.16666666666667,4,refrigeration_failure_low_ambient,9.0,12.0,55.0,OPEN,0.02449,0.00489,9.2336,9.2449,67.44,CRITICAL,0.0,0.0,1.0,0.0,0.0,1.0,0.2449,0.0098,1.0,7402.7,OK,DEPLOYED,9.0494,12.0,7200.0,SIMULATED
2026-09-11 10:53:20,113.33333333333333,4,refrigeration_failure_low_ambient,9.0625,12.0,55.0,OPEN,0.02424,0.00181,9.2922,9.3049,67.31,CRITICAL,0.0,0.0,1.0,0.0,0.0,1.0,0.2424,0.0036,1.0,7369.8,OK,DEPLOYED,9.0535,12.0,7200.0,SIMULATED
2026-09-11 10:53:30,113.5,4,refrigeration_failure_low_ambient,9.0625,12.0,55.0,OPEN,0.0243,-0.00035,9.293,9.3055,67.29,CRITICAL,0.0,0.0,1.0,0.0,0.0,1.0,0.243,0.0,1.0,7340.9,OK,DEPLOYED,9.0575,12.0,7200.0,SIMULATED
2026-09-11 10:53:40,113.66666666666667,4,refrigeration_failure_low_ambient,9.1875,12.0,55.0,OPEN,0.02472,0.00108,9.412,9.4347,67.44,CRITICAL,0.0,0.0,1.0,0.0,0.0,1.0,0.2472,0.0022,1.0,7212.0,OK,DEPLOYED,9.0616,12.0,7200.0,SIMULATED
2026-09-11 10:53:50,113.83333333333333,4,refrigeration_failure_low_ambient,9.0625,11.9375,55.0,OPEN,0.02483,-0.00076,9.294,9.3108,67.45,CRITICAL,0.0,0.0,1.0,0.0,0.0,1.0,0.2483,0.0,1.0,7145.6,OK,DEPLOYED,9.0657,12.0,7200.0,SIMULATED
2026-09-11 10:54:00,114.0,4,refrigeration_failure_low_ambient,9.0,12.0,55.0,OPEN,0.02451,-0.00206,9.24,9.2451,67.35,CRITICAL,0.0,0.0,1.0,0.0,0.0,1.0,0.2451,0.0,1.0,7195.2,OK,DEPLOYED,9.0698,12.0,7200.0,SIMULATED
2026-09-11 10:54:10,114.16666666666667,4,refrigeration_failure_low_ambient,9.0625,12.0625,55.0,OPEN,0.02441,-0.00296,9.3011,9.3066,67.32,CRITICAL,0.0,0.0,1.0,0.0,0.0,1.0,0.2441,0.0,1.0,7240.0,OK,DEPLOYED,9.0738,12.0,7200.0,SIMULATED
2026-09-11 10:54:20,114.33333333333333,4,refrigeration_failure_low_ambient,9.0625,12.0,55.0,OPEN,0.02445,-0.00065,9.2964,9.307,67.33,CRITICAL,0.0,0.0,1.0,0.0,0.0,1.0,0.2445,0.0,1.0,7232.4,OK,DEPLOYED,9.0779,12.0,7200.0,SIMULATED
2026-09-11 10:54:30,114.5,4,refrigeration_failure_low_ambient,9.125,12.0,55.0,OPEN,0.02474,0.00107,9.3559,9.3724,67.44,CRITICAL,0.0,0.0,1.0,0.0,0.0,1.0,0.2474,0.0021,1.0,7167.5,OK,DEPLOYED,9.082,12.0,7200.0,SIMULATED
2026-09-11 10:54:40,114.66666666666667,4,refrigeration_failure_low_ambient,9.125,11.9375,55.0,OPEN,0.02482,0.00237,9.3537,9.3732,67.49,CRITICAL,0.0,0.0,1.0,0.0,0.0,1.0,0.2482,0.0047,1.0,7075.4,OK,DEPLOYED,9.086,12.0,7200.0,SIMULATED
2026-09-11 10:54:50,114.83333333333333,4,refrigeration_failure_low_ambient,9.0625,12.0625,56.0,OPEN,0.02472,0.00623,9.3047,9.3097,67.54,CRITICAL,0.0,0.0,1.0,0.0,0.0,1.0,0.2472,0.0125,1.0,7126.9,OK,DEPLOYED,9.0901,12.0,7200.0,SIMULATED
2026-09-11 10:55:00,115.0,4,refrigeration_failure_low_ambient,9.1875,11.9375,54.0,OPEN,0.02465,0.00607,9.4128,9.434,67.52,CRITICAL,0.0,0.0,1.0,0.0,0.0,1.0,0.2465,0.0121,1.0,7018.9,OK,DEPLOYED,9.0941,12.0,7200.0,SIMULATED
2026-09-11 10:55:10,115.16666666666667,4,refrigeration_failure_low_ambient,9.125,12.0,55.0,OPEN,0.02474,0.00606,9.3609,9.3724,67.54,CRITICAL,0.0,0.0,1.0,0.0,0.0,1.0,0.2474,0.0121,1.0,7007.6,OK,DEPLOYED,9.0981,12.0,7200.0,SIMULATED
2026-09-11 10:55:20,115.33333333333333,4,refrigeration_failure_low_ambient,9.125,12.0,55.0,OPEN,0.02492,0.00614,9.3616,9.3742,67.6,CRITICAL,0.0,0.0,1.0,0.0,0.0,1.0,0.2492,0.0123,1.0,6986.3,OK,DEPLOYED,9.1022,12.0,7200.0,SIMULATED
2026-09-11 10:55:30,115.5,4,refrigeration_failure_low_ambient,9.125,11.9375,55.0,OPEN,0.02514,0.0063,9.3587,9.3764,67.67,CRITICAL,0.0,0.0,1.0,0.0,0.0,1.0,0.2514,0.0126,1.0,6917.8,OK,DEPLOYED,9.1062,12.0,7200.0,SIMULATED
2026-09-11 10:55:40,115.66666666666667,4,refrigeration_failure_low_ambient,9.0,12.0,55.0,OPEN,0.02501,0.0065,9.2469,9.2501,67.63,CRITICAL,0.0,0.0,1.0,0.0,0.0,1.0,0.2501,0.013,1.0,6987.5,OK,DEPLOYED,9.1102,12.0,7200.0,SIMULATED
2026-09-11 10:55:50,115.83333333333333,4,refrigeration_failure_low_ambient,9.25,11.9375,55.0,OPEN,0.02534,0.00674,9.476,9.5034,67.74,CRITICAL,0.0,0.0,1.0,0.0,0.0,1.0,0.2534,0.0135,1.0,6831.6,OK,DEPLOYED,9.1142,12.0,7200.0,SIMULATED
2026-09-11 10:56:00,116.0,4,refrigeration_failure_low_ambient,9.0625,12.0,55.0,OPEN,0.0256,0.007,9.309,9.3185,67.82,CRITICAL,0.0,0.0,1.0,0.0,0.0,1.0,0.256,0.014,1.0,6845.3,OK,DEPLOYED,9.1182,12.0,7200.0,SIMULATED
2026-09-11 10:56:10,116.16666666666667,4,refrigeration_failure_low_ambient,9.0625,12.0625,55.0,OPEN,0.02561,0.00728,9.3127,9.3186,67.83,CRITICAL,0.0,0.0,1.0,0.0,0.0,1.0,0.2561,0.0146,1.0,6891.1,OK,DEPLOYED,9.1222,12.0,7200.0,SIMULATED
2026-09-11 10:56:20,116.33333333333333,4,refrigeration_failure_low_ambient,9.0625,12.0,56.0,OPEN,0.02525,0.01043,9.3067,9.315,67.78,CRITICAL,0.0,0.0,1.0,0.0,0.0,1.0,0.2525,0.0209,1.0,6913.4,OK,DEPLOYED,9.1262,12.0,7200.0,SIMULATED
2026-09-11 10:56:30,116.5,4,refrigeration_failure_low_ambient,9.125,11.9375,55.0,OPEN,0.02497,0.01263,9.3601,9.3747,67.74,CRITICAL,0.0,0.0,1.0,0.0,0.0,1.0,0.2497,0.0253,1.0,6874.7,OK,DEPLOYED,9.1302,12.0,7200.0,SIMULATED
2026-09-11 10:56:40,116.66666666666667,4,refrigeration_failure_low_ambient,9.125,11.9375,55.0,OPEN,0.02472,0.01417,9.3604,9.3722,67.7,CRITICAL,0.0,0.0,1.0,0.0,0.0,1.0,0.2472,0.0283,1.0,6862.8,OK,DEPLOYED,9.1342,12.0,7200.0,SIMULATED
2026-09-11 10:56:50,116.83333333333333,4,refrigeration_failure_low_ambient,9.125,12.0,56.0,OPEN,0.02447,0.01811,9.3641,9.3697,67.7,CRITICAL,0.0,0.0,1.0,0.0,0.0,1.0,0.2447,0.0362,1.0,6909.7,OK,DEPLOYED,9.1382,12.0,7200.0,SIMULATED
2026-09-11 10:57:00,117.0,4,refrigeration_failure_low_ambient,9.0625,12.0,55.0,OPEN,0.02419,0.02077,9.3037,9.3044,67.67,CRITICAL,0.0,0.0,1.0,0.0,0.0,1.0,0.2419,0.0415,1.0,7003.6,OK,DEPLOYED,9.1421,12.0,7200.0,SIMULATED
2026-09-11 10:57:10,117.16666666666667,4,refrigeration_failure_low_ambient,9.1875,11.9375,55.0,OPEN,0.02425,0.02253,9.4148,9.43,67.73,CRITICAL,0.0,0.0,1.0,0.0,0.0,1.0,0.2425,0.0451,1.0,6953.5,OK,DEPLOYED,9.1461,12.0,7200.0,SIMULATED
2026-09-11 10:57:20,117.33333333333333,4,refrigeration_failure_low_ambient,9.125,12.0,55.0,OPEN,0.02397,0.02367,9.3607,9.3647,67.67,CRITICAL,0.0,0.0,1.0,0.0,0.0,1.0,0.2397,0.0473,1.0,7014.0,OK,DEPLOYED,9.1501,12.0,7200.0,SIMULATED
2026-09-11 10:57:30,117.5,4,refrigeration_failure_low_ambient,9.1875,11.9375,55.0,OPEN,0.02397,0.02438,9.414,9.4272,67.68,CRITICAL,0.0,0.0,1.0,0.0,0.0,1.0,0.2397,0.0488,1.0,6981.1,OK,DEPLOYED,9.154,12.0,7200.0,SIMULATED
2026-09-11 10:57:40,117.66666666666667,4,refrigeration_failure_low_ambient,9.125,12.0625,54.0,OPEN,0.02415,0.02192,9.3643,9.3665,67.68,CRITICAL,0.0,0.0,1.0,0.0,0.0,1.0,0.2415,0.0438,1.0,7060.1,OK,DEPLOYED,9.158,12.0,7200.0,SIMULATED
2026-09-11 10:57:50,117.83333333333333,4,refrigeration_failure_low_ambient,9.1875,12.0625,56.0,OPEN,0.02462,0.0201,9.4222,9.4337,67.79,CRITICAL,0.0,0.0,1.0,0.0,0.0,1.0,0.2462,0.0402,1.0,7046.5,OK,DEPLOYED,9.1619,12.0,7200.0,SIMULATED
2026-09-11 10:58:00,118.0,4,refrigeration_failure_low_ambient,9.125,11.9375,55.0,OPEN,0.02492,0.01864,9.3567,9.3742,67.85,CRITICAL,0.0,0.0,1.0,0.0,0.0,1.0,0.2492,0.0373,1.0,6978.0,OK,DEPLOYED,9.1658,12.0,7200.0,SIMULATED
2026-09-11 10:58:10,118.16666666666667,4,refrigeration_failure_low_ambient,9.125,12.125,55.0,OPEN,0.02507,0.01743,9.3705,9.3757,67.87,CRITICAL,0.0,0.0,1.0,0.0,0.0,1.0,0.2507,0.0349,1.0,7028.6,OK,DEPLOYED,9.1698,12.0,7200.0,SIMULATED
2026-09-11 10:58:20,118.33333333333333,4,refrigeration_failure_low_ambient,9.1875,11.9375,55.0,OPEN,0.02528,0.01639,9.4164,9.4403,67.91,CRITICAL,0.0,0.0,1.0,0.0,0.0,1.0,0.2528,0.0328,1.0,6903.0,OK,DEPLOYED,9.1737,12.0,7200.0,SIMULATED
2026-09-11 10:58:30,118.5,4,refrigeration_failure_low_ambient,9.1875,12.0,55.0,OPEN,0.02533,0.01547,9.4236,9.4408,67.91,CRITICAL,0.0,0.0,1.0,0.0,0.0,1.0,0.2533,0.0309,1.0,6842.8,OK,DEPLOYED,9.1776,12.0,7200.0,SIMULATED
2026-09-11 10:58:40,118.66666666666667,4,refrigeration_failure_low_ambient,9.25,12.0625,55.0,OPEN,0.0256,0.01464,9.4882,9.506,67.97,CRITICAL,0.0,0.0,1.0,0.0,0.0,1.0,0.256,0.0293,1.0,6780.3,OK,DEPLOYED,9.1815,12.0,7200.0,SIMULATED
2026-09-11 10:58:50,118.83333333333333,4,refrigeration_failure_low_ambient,9.1875,12.0,55.0,OPEN,0.02581,0.01386,9.4277,9.4456,68.02,CRITICAL,0.0,0.0,1.0,0.0,0.0,1.0,0.2581,0.0277,1.0,6720.0,OK,DEPLOYED,9.1855,12.0,7200.0,SIMULATED
2026-09-11 10:59:00,119.0,4,refrigeration_failure_low_ambient,9.1875,12.0625,55.0,OPEN,0.02577,0.01313,9.4333,9.4452,67.99,CRITICAL,0.0,0.0,1.0,0.0,0.0,1.0,0.2577,0.0263,1.0,6713.6,OK,DEPLOYED,9.1894,12.0,7200.0,SIMULATED
2026-09-11 10:59:10,119.16666666666667,4,refrigeration_failure_low_ambient,9.25,12.0625,55.0,OPEN,0.02589,0.01243,9.4921,9.5089,68.02,CRITICAL,0.0,0.0,1.0,0.0,0.0,1.0,0.2589,0.0249,1.0,6664.6,OK,DEPLOYED,9.1933,12.0,7200.0,SIMULATED
2026-09-11 10:59:20,119.33333333333333,4,refrigeration_failure_low_ambient,9.125,12.0,55.0,OPEN,0.02555,0.01175,9.3718,9.3805,67.9,CRITICAL,0.0,0.0,1.0,0.0,0.0,1.0,0.2555,0.0235,1.0,6686.0,OK,DEPLOYED,9.1972,12.0,7200.0,SIMULATED
2026-09-11 10:59:30,119.5,4,refrigeration_failure_low_ambient,9.1875,12.0,56.0,OPEN,0.02505,0.01393,9.4285,9.438,67.79,CRITICAL,0.0,0.0,1.0,0.0,0.0,1.0,0.2505,0.0279,1.0,6698.6,OK,DEPLOYED,9.2011,12.0,7200.0,SIMULATED
2026-09-11 10:59:40,119.66666666666667,4,refrigeration_failure_low_ambient,9.25,12.0625,55.0,OPEN,0.02476,0.01518,9.49,9.4976,67.73,CRITICAL,0.0,0.0,1.0,0.0,0.0,1.0,0.2476,0.0304,1.0,6727.5,OK,DEPLOYED,9.2049,12.0,7200.0,SIMULATED
2026-09-11 10:59:50,119.83333333333333,4,refrigeration_failure_low_ambient,9.25,12.0,55.0,OPEN,0.0246,0.01577,9.4848,9.496,67.69,CRITICAL,0.0,0.0,1.0,0.0,0.0,1.0,0.246,0.0315,1.0,6722.6,OK,DEPLOYED,9.2088,12.0,7200.0,SIMULATED
2026-09-11 11:00:00,120.0,4,refrigeration_failure_low_ambient,9.25,11.9375,55.0,OPEN,0.02467,0.01589,9.481,9.4967,67.72,CRITICAL,0.0,0.0,1.0,0.0,0.0,1.0,0.2467,0.0318,1.0,6675.8,OK,DEPLOYED,9.2127,12.0,7200.0,SIMULATED
